season,week,player_key,pos,team,std,half_ppr,ppr,snapshot_at,pre_kickoff,basis
2026,1,17,WR,DEN,1.52,1.93,2.35,2026-10-10T04:11:44+00:00,false,team_week
2026,1,28,QB,NYJ,15.06,15.06,15.06,2026-10-10T04:11:44+00:00,false,team_week
2026,1,30,RB,SF,1.33,1.95,2.57,2026-10-10T04:30:40+00:00,false,team_week
2026,1,35,WR,GB,0.0,0.0,0.0,2026-10-10T04:11:44+00:00,false,team_week
2026,1,51,TE,LV,0.0,0.0,0.0,2026-10-10T04:11:44+00:00,false,team_week
2026,1,53,WR,DET,0.34,0.44,0.53,2026-10-10T04:11:44+00:00,false,team_week
2026,1,65,RB,PIT,1.02,1.14,1.26,2026-10-10T04:30:40+00:00,false,team_week
2026,1,66,WR,NYJ,9.81,11.83,13.85,2026-10-10T04:11:44+00:00,false,team_week
2026,1,69,QB,CLE,0.0,0.0,0.0,2026-10-10T04:11:44+00:00,false,team_week
2026,1,71,WR,HOU,5.31,7.52,9.73,2026-10-10T04:11:44+00:00,false,team_week
2026,1,137,WR,LA,0.68,0.88,1.09,2026-10-10T04:30:40+00:00,false,team_week
2026,1,142,WR,DET,1.89,2.57,3.25,2026-10-10T04:11:44+00:00,false,team_week
2026,1,155,TE,MIN,1.24,1.65,2.05,2026-10-10T04:11:44+00:00,false,team_week
2026,1,164,RB,MIN,7.76,9.13,10.51,2026-10-10T04:11:44+00:00,false,team_week
2026,1,168,TE,LA,1.71,2.28,2.85,2026-10-10T04:11:44+00:00,false,team_week
2026,1,171,RB,ARI,10.29,12.11,13.94,2026-10-10T04:11:44+00:00,false,team_week
2026,1,175,WR,MIA,2.95,3.78,4.61,2026-10-10T04:11:44+00:00,false,team_week
2026,1,184,TE,SF,0.3,0.4,0.5,2026-10-10T04:30:40+00:00,false,team_week
2026,1,187,RB,KC,4.87,5.42,5.98,2026-10-10T04:30:40+00:00,false,team_week
2026,1,191,QB,DAL,10.91,10.91,10.91,2026-10-10T04:11:44+00:00,false,team_week
2026,1,202,TE,MIA,2.06,2.82,3.59,2026-10-10T04:30:40+00:00,false,team_week
2026,1,203,RB,NO,0.0,0.0,0.0,2026-10-10T04:11:44+00:00,false,team_week
2026,1,213,WR,TB,6.34,8.31,10.28,2026-10-10T04:11:44+00:00,false,team_week
2026,1,216,TE,NYJ,0.31,0.42,0.52,2026-10-10T04:30:40+00:00,false,team_week
2026,1,217,RB,ATL,14.8,16.91,19.02,2026-10-10T04:11:44+00:00,false,team_week
2026,1,243,WR,JAX,7.46,9.32,11.19,2026-10-10T04:11:44+00:00,false,team_week
2026,1,260,TE,HOU,4.73,6.55,8.37,2026-10-10T04:11:44+00:00,false,team_week
2026,1,261,QB,PIT,0.0,0.0,0.0,2026-10-10T04:11:44+00:00,false,team_week
2026,1,270,WR,DEN,7.59,9.65,11.71,2026-10-10T04:11:44+00:00,false,team_week
2026,1,282,QB,BAL,0.0,0.0,0.0,2026-10-10T04:11:44+00:00,false,team_week
2026,1,297,QB,PIT,0.0,0.0,0.0,2026-10-10T04:11:44+00:00,false,team_week
2026,1,303,WR,DAL,11.15,14.23,17.3,2026-10-10T04:11:44+00:00,false,team_week
2026,1,306,QB,DET,16.09,16.09,16.09,2026-10-10T04:30:40+00:00,false,team_week
2026,1,311,QB,NE,13.51,13.51,13.51,2026-10-10T04:11:44+00:00,false,team_week
2026,1,312,QB,TEN,0.0,0.0,0.0,2026-10-10T04:11:44+00:00,false,team_week
2026,1,313,RB,PHI,15.19,16.47,17.74,2026-10-10T04:11:44+00:00,false,team_week
2026,1,319,RB,JAX,9.95,11.01,12.06,2026-10-10T04:11:44+00:00,false,team_week
2026,1,323,WR,JAX,0.0,0.0,0.0,2026-10-10T04:11:44+00:00,false,team_week
2026,1,324,TE,BAL,6.61,8.36,10.1,2026-10-10T04:11:44+00:00,false,team_week
2026,1,325,WR,CHI,7.72,9.65,11.58,2026-10-10T04:11:44+00:00,false,team_week
2026,1,327,QB,TB,16.52,16.52,16.52,2026-10-10T04:11:44+00:00,false,team_week
2026,1,334,WR,IND,1.45,1.84,2.24,2026-10-10T04:11:44+00:00,false,team_week
2026,1,337,RB,TB,11.39,12.46,13.52,2026-10-10T04:11:44+00:00,false,team_week
2026,1,365,TE,MIN,1.27,1.76,2.24,2026-10-10T04:30:40+00:00,false,team_week
2026,1,370,QB,ARI,16.68,16.68,16.68,2026-10-10T04:11:44+00:00,false,team_week
2026,1,373,WR,CLE,5.1,6.63,8.17,2026-10-10T04:30:40+00:00,false,team_week
2026,1,374,WR,WAS,0.83,1.24,1.64,2026-10-10T04:11:44+00:00,false,team_week
2026,1,377,WR,SF,0.33,0.43,0.53,2026-10-10T04:30:40+00:00,false,team_week
2026,1,394,QB,LV,0.0,0.0,0.0,2026-10-10T04:11:44+00:00,false,team_week
2026,1,412,QB,DEN,0.0,0.0,0.0,2026-10-10T04:11:44+00:00,false,team_week
2026,1,440,TE,SEA,1.89,2.79,3.68,2026-10-10T04:30:40+00:00,false,team_week
2026,1,445,WR,ARI,0.0,0.0,0.0,2026-10-10T04:11:44+00:00,false,team_week
2026,1,453,WR,KC,0.0,0.0,0.0,2026-10-10T04:11:44+00:00,false,team_week
2026,1,468,WR,PHI,8.94,11.59,14.23,2026-10-10T04:11:44+00:00,false,team_week
2026,1,471,WR,ATL,8.31,11.09,13.88,2026-10-10T04:11:44+00:00,false,team_week
2026,1,473,WR,WAS,7.73,9.99,12.25,2026-10-10T04:11:44+00:00,false,team_week
2026,1,480,WR,SF,5.86,7.39,8.93,2026-10-10T04:11:44+00:00,false,team_week
2026,1,482,RB,DET,10.79,11.75,12.71,2026-10-10T04:30:40+00:00,false,team_week
2026,1,487,TE,BUF,2.34,3.05,3.77,2026-10-10T04:11:44+00:00,false,team_week
2026,1,506,QB,BAL,19.51,19.51,19.51,2026-10-10T04:11:44+00:00,false,team_week
2026,1,508,QB,MIA,0.53,0.53,0.53,2026-10-10T04:30:40+00:00,false,team_week
2026,1,511,RB,BAL,0.0,0.0,0.0,2026-10-10T04:11:44+00:00,false,team_week
2026,1,525,WR,BUF,2.13,2.9,3.68,2026-10-10T04:11:44+00:00,false,team_week
2026,1,529,TE,WAS,0.84,1.17,1.49,2026-10-10T04:11:44+00:00,false,team_week
2026,1,535,RB,LAC,8.26,8.89,9.53,2026-10-10T04:11:44+00:00,false,team_week
2026,1,536,RB,DAL,10.88,11.73,12.58,2026-10-10T04:30:40+00:00,false,team_week
2026,1,547,RB,IND,14.88,16.36,17.83,2026-10-10T04:11:44+00:00,false,team_week
2026,1,557,TE,LA,2.84,3.67,4.51,2026-10-10T04:30:40+00:00,false,team_week
2026,1,560,RB,BAL,15.2,15.84,16.48,2026-10-10T04:11:44+00:00,false,team_week
2026,1,561,WR,IND,7.21,9.79,12.36,2026-10-10T04:30:40+00:00,false,team_week
2026,1,567,TE,CHI,1.86,2.5,3.13,2026-10-10T04:11:44+00:00,false,team_week
2026,1,600,WR,ATL,3.95,4.92,5.88,2026-10-10T04:11:44+00:00,false,team_week
2026,1,613,TE,CLE,4.21,5.35,6.5,2026-10-10T04:11:44+00:00,false,team_week
2026,1,625,QB,PHI,21.32,21.32,21.32,2026-10-10T04:11:44+00:00,false,team_week
2026,1,640,WR,ATL,0.0,0.0,0.0,2026-10-10T04:11:44+00:00,false,team_week
2026,1,650,RB,ARI,0.0,0.0,0.0,2026-10-10T04:11:44+00:00,false,team_week
2026,1,669,TE,BUF,0.33,0.43,0.54,2026-10-10T04:11:44+00:00,false,team_week
2026,1,697,QB,TEN,14.09,14.09,14.09,2026-10-10T04:30:40+00:00,false,team_week
2026,1,748,WR,LA,0.0,0.0,0.0,2026-10-10T04:11:44+00:00,false,team_week
2026,1,751,RB,NE,11.07,12.59,14.11,2026-10-10T04:30:40+00:00,false,team_week
2026,1,764,WR,PHI,9.51,12.18,14.86,2026-10-10T04:11:44+00:00,false,team_week
2026,1,767,RB,PIT,0.0,0.0,0.0,2026-10-10T04:11:44+00:00,false,team_week
2026,1,769,TE,JAX,0.27,0.39,0.5,2026-10-10T04:30:40+00:00,false,team_week
2026,1,785,RB,PHI,8.56,10.3,12.04,2026-10-10T04:11:44+00:00,false,team_week
2026,1,786,TE,PIT,4.98,6.73,8.47,2026-10-10T04:30:40+00:00,false,team_week
2026,1,807,RB,DEN,13.19,14.28,15.38,2026-10-10T04:11:44+00:00,false,team_week
2026,1,808,WR,TEN,0.0,0.0,0.0,2026-10-10T04:11:44+00:00,false,team_week
2026,1,810,RB,JAX,11.99,13.58,15.16,2026-10-10T04:11:44+00:00,false,team_week
2026,1,822,WR,LAC,2.55,3.39,4.23,2026-10-10T04:11:44+00:00,false,team_week
2026,1,824,QB,PIT,0.0,0.0,0.0,2026-10-10T04:11:44+00:00,false,team_week
2026,1,842,QB,SEA,0.0,0.0,0.0,2026-10-10T04:11:44+00:00,false,team_week
2026,1,855,WR,PHI,0.0,0.0,0.0,2026-10-10T04:11:44+00:00,false,team_week
2026,1,856,TE,WAS,0.0,0.0,0.0,2026-10-10T04:11:44+00:00,false,team_week
2026,1,868,RB,NYJ,0.0,0.0,0.0,2026-10-10T04:11:44+00:00,false,team_week
2026,1,869,QB,BUF,19.55,19.55,19.55,2026-10-10T04:11:44+00:00,false,team_week
2026,1,880,RB,KC,0.0,0.0,0.0,2026-10-10T04:11:44+00:00,false,team_week
2026,1,885,WR,PIT,9.82,12.29,14.76,2026-10-10T04:30:40+00:00,false,team_week
2026,1,889,WR,NO,0.0,0.0,0.0,2026-10-10T04:11:44+00:00,false,team_week
2026,1,890,TE,NYG,4.11,5.62,7.13,2026-10-10T04:11:44+00:00,false,team_week
2026,1,902,WR,MIN,6.09,7.6,9.1,2026-10-10T04:30:40+00:00,false,team_week
2026,1,914,RB,PIT,0.46,0.58,0.7,2026-10-10T12:40:28+00:00,false,team_week
2026,1,917,RB,ATL,6.17,6.85,7.53,2026-10-10T04:11:44+00:00,false,team_week
2026,1,920,TE,IND,0.3,0.41,0.51,2026-10-10T04:11:44+00:00,false,team_week
2026,1,959,RB,NO,0.35,0.48,0.6,2026-10-10T04:30:40+00:00,false,team_week
2026,1,992,WR,NO,6.06,7.39,8.72,2026-10-10T04:11:44+00:00,false,team_week
2026,1,1004,RB,TEN,0.97,1.09,1.2,2026-10-10T04:11:44+00:00,false,team_week
2026,1,1014,TE,IND,0.98,1.29,1.6,2026-10-10T04:30:40+00:00,false,team_week
2026,1,1028,QB,NYG,0.48,0.48,0.48,2026-10-10T04:30:40+00:00,false,team_week
2026,1,1029,WR,TEN,0.0,0.0,0.0,2026-10-10T04:11:44+00:00,false,team_week
2026,1,1032,RB,WAS,4.47,4.71,4.96,2026-10-10T04:11:44+00:00,false,team_week
2026,1,1059,TE,IND,0.0,0.0,0.0,2026-10-10T04:11:44+00:00,false,team_week
2026,1,1061,WR,PIT,0.0,0.0,0.0,2026-10-10T04:11:44+00:00,false,team_week
2026,1,1063,RB,LA,11.78,12.77,13.77,2026-10-10T04:11:44+00:00,false,team_week
2026,1,1068,TE,NYJ,0.77,1.14,1.5,2026-10-10T04:30:40+00:00,false,team_week
2026,1,1079,TE,NYG,0.86,1.23,1.59,2026-10-10T04:11:44+00:00,false,team_week
2026,1,1094,TE,BAL,1.42,1.84,2.26,2026-10-10T04:30:40+00:00,false,team_week
2026,1,1095,RB,SEA,11.99,13.37,14.75,2026-10-10T04:30:40+00:00,false,team_week
2026,1,1106,QB,GB,15.67,15.67,15.67,2026-10-10T04:30:40+00:00,false,team_week
2026,1,1107,RB,NYJ,13.47,14.99,16.52,2026-10-10T04:11:44+00:00,false,team_week
2026,1,1110,RB,BUF,13.48,14.75,16.02,2026-10-10T04:11:44+00:00,false,team_week
2026,1,1121,WR,KC,6.39,7.97,9.54,2026-10-10T04:30:40+00:00,false,team_week
2026,1,1131,QB,CHI,0.0,0.0,0.0,2026-10-10T04:11:44+00:00,false,team_week
2026,1,1138,QB,PHI,0.0,0.0,0.0,2026-10-10T04:11:44+00:00,false,team_week
2026,1,1145,QB,NYG,0.0,0.0,0.0,2026-10-10T04:11:44+00:00,false,team_week
2026,1,1152,WR,KC,0.0,0.0,0.0,2026-10-10T04:11:44+00:00,false,team_week
2026,1,1157,QB,IND,0.64,0.64,0.64,2026-10-10T04:30:40+00:00,false,team_week
2026,1,1164,RB,BAL,5.08,5.66,6.23,2026-10-10T04:30:40+00:00,false,team_week
2026,1,1179,TE,DAL,0.96,1.3,1.63,2026-10-10T04:11:44+00:00,false,team_week
2026,1,1186,TE,TEN,0.61,0.82,1.04,2026-10-10T04:30:40+00:00,false,team_week
2026,1,1198,RB,JAX,4.28,4.39,4.5,2026-10-10T04:11:44+00:00,false,team_week
2026,1,1200,RB,NO,4.45,5.2,5.95,2026-10-10T04:11:44+00:00,false,team_week
2026,1,1205,WR,ARI,6.24,8.36,10.49,2026-10-10T04:11:44+00:00,false,team_week
2026,1,1214,WR,NE,3.0,4.01,5.02,2026-10-10T04:30:40+00:00,false,team_week
2026,1,1218,RB,WAS,5.33,5.56,5.79,2026-10-10T04:11:44+00:00,false,team_week
2026,1,1221,WR,NE,6.05,7.72,9.38,2026-10-10T04:11:44+00:00,false,team_week
2026,1,1224,WR,DAL,0.0,0.0,0.0,2026-10-10T04:11:44+00:00,false,team_week
2026,1,1234,WR,HOU,3.69,4.72,5.74,2026-10-10T04:11:44+00:00,false,team_week
2026,1,1245,TE,MIA,0.0,0.0,0.0,2026-10-10T04:11:44+00:00,false,team_week
2026,1,1267,WR,BUF,0.0,0.0,0.0,2026-10-10T04:11:44+00:00,false,team_week
2026,1,1270,RB,DAL,0.98,1.23,1.48,2026-10-10T04:11:44+00:00,false,team_week
2026,1,1282,TE,DEN,0.61,0.84,1.08,2026-10-10T04:11:44+00:00,false,team_week
2026,1,1283,WR,WAS,0.3,0.4,0.5,2026-10-10T04:30:40+00:00,false,team_week
2026,1,1285,QB,DAL,17.03,17.03,17.03,2026-10-10T04:11:44+00:00,false,team_week
2026,1,1311,QB,CIN,18.27,18.27,18.27,2026-10-10T04:11:44+00:00,false,team_week
2026,1,1328,RB,CLE,4.07,4.43,4.79,2026-10-10T04:11:44+00:00,false,team_week
2026,1,1335,WR,DEN,2.06,2.66,3.26,2026-10-10T04:11:44+00:00,false,team_week
2026,1,1338,WR,WAS,3.46,4.41,5.36,2026-10-10T04:11:44+00:00,false,team_week
2026,1,1342,WR,IND,5.02,7.06,9.1,2026-10-10T04:11:44+00:00,false,team_week
2026,1,1344,WR,MIN,6.39,8.16,9.92,2026-10-10T04:30:40+00:00,false,team_week
2026,1,1352,TE,ARI,1.31,1.93,2.56,2026-10-10T04:30:40+00:00,false,team_week
2026,1,1354,TE,GB,5.41,7.21,9.0,2026-10-10T04:11:44+00:00,false,team_week
2026,1,1369,TE,LA,0.7,0.93,1.17,2026-10-10T04:30:40+00:00,false,team_week
2026,1,1370,WR,LA,13.8,17.47,21.14,2026-10-10T04:11:44+00:00,false,team_week
2026,1,1372,QB,LA,0.63,0.63,0.63,2026-10-10T04:11:44+00:00,false,team_week
2026,1,1377,TE,GB,0.0,0.0,0.0,2026-10-10T04:11:44+00:00,false,team_week
2026,1,1381,WR,BAL,9.38,11.84,14.3,2026-10-10T04:11:44+00:00,false,team_week
2026,1,1382,TE,LV,5.39,7.37,9.34,2026-10-10T04:30:40+00:00,false,team_week
2026,1,1439,RB,LV,0.99,1.37,1.75,2026-10-10T04:30:40+00:00,false,team_week
2026,1,1459,WR,CAR,3.81,4.88,5.96,2026-10-10T04:11:44+00:00,false,team_week
2026,1,1464,WR,WAS,0.0,0.0,0.0,2026-10-10T04:11:44+00:00,false,team_week
2026,1,1469,RB,DET,1.89,2.01,2.14,2026-10-10T04:11:44+00:00,false,team_week
2026,1,1472,RB,SF,0.0,0.0,0.0,2026-10-10T04:11:44+00:00,false,team_week
2026,1,1483,RB,NYG,1.76,2.12,2.48,2026-10-10T04:30:40+00:00,false,team_week
2026,1,1485,QB,SF,0.53,0.53,0.53,2026-10-10T04:30:40+00:00,false,team_week
2026,1,1502,WR,DAL,3.28,4.28,5.28,2026-10-10T04:11:44+00:00,false,team_week
2026,1,1513,WR,DEN,5.47,7.41,9.35,2026-10-10T04:30:40+00:00,false,team_week
2026,1,1516,RB,BAL,4.82,6.0,7.19,2026-10-10T04:11:44+00:00,false,team_week
2026,1,1541,WR,TEN,0.93,1.18,1.44,2026-10-10T04:11:44+00:00,false,team_week
2026,1,1567,WR,ARI,0.0,0.0,0.0,2026-10-10T04:11:44+00:00,false,team_week
2026,1,1589,WR,NO,0.0,0.0,0.0,2026-10-10T04:11:44+00:00,false,team_week
2026,1,1613,WR,CIN,2.61,3.32,4.02,2026-10-10T04:30:40+00:00,false,team_week
2026,1,1649,TE,ARI,0.0,0.0,0.0,2026-10-10T04:11:44+00:00,false,team_week
2026,1,1663,RB,LA,8.4,8.9,9.39,2026-10-10T04:11:44+00:00,false,team_week
2026,1,1666,QB,DEN,16.3,16.3,16.3,2026-10-10T04:11:44+00:00,false,team_week
2026,1,1672,WR,LA,1.31,1.65,1.98,2026-10-10T04:11:44+00:00,false,team_week
2026,1,1699,TE,SEA,4.39,5.8,7.2,2026-10-10T04:11:44+00:00,false,team_week
2026,1,1708,WR,SF,3.97,5.33,6.68,2026-10-10T04:30:40+00:00,false,team_week
2026,1,1710,WR,IND,0.0,0.0,0.0,2026-10-10T04:11:44+00:00,false,team_week
2026,1,1726,WR,ARI,7.37,9.44,11.51,2026-10-10T04:30:40+00:00,false,team_week
2026,1,1728,RB,MIA,2.5,2.71,2.93,2026-10-10T04:11:44+00:00,false,team_week
2026,1,1730,QB,NE,16.76,16.76,16.76,2026-10-10T04:11:44+00:00,false,team_week
2026,1,1742,WR,IND,5.44,6.75,8.06,2026-10-10T04:30:40+00:00,false,team_week
2026,1,1743,QB,MIN,0.0,0.0,0.0,2026-10-10T04:11:44+00:00,false,team_week
2026,1,1749,WR,JAX,6.96,8.55,10.13,2026-10-10T04:11:44+00:00,false,team_week
2026,1,1760,QB,CHI,16.65,16.65,16.65,2026-10-10T04:11:44+00:00,false,team_week
2026,1,1761,QB,WAS,17.04,17.04,17.04,2026-10-10T04:11:44+00:00,false,team_week
2026,1,1763,RB,ARI,0.0,0.0,0.0,2026-10-10T04:11:44+00:00,false,team_week
2026,1,1765,QB,ATL,0.0,0.0,0.0,2026-10-10T04:11:44+00:00,false,team_week
2026,1,1768,RB,BUF,3.86,4.42,4.98,2026-10-10T04:30:40+00:00,false,team_week
2026,1,1793,QB,PHI,0.0,0.0,0.0,2026-10-10T04:11:44+00:00,false,team_week
2026,1,1813,TE,KC,1.87,2.61,3.35,2026-10-10T04:30:40+00:00,false,team_week
2026,1,1833,WR,MIA,3.49,4.78,6.08,2026-10-10T04:11:44+00:00,false,team_week
2026,1,1843,RB,KC,2.28,2.75,3.21,2026-10-10T04:30:40+00:00,false,team_week
2026,1,1846,WR,NE,2.14,2.71,3.28,2026-10-10T04:11:44+00:00,false,team_week
2026,1,1856,WR,HOU,0.0,0.0,0.0,2026-10-10T04:11:44+00:00,false,team_week
2026,1,1860,TE,IND,7.3,9.77,12.24,2026-10-10T04:11:44+00:00,false,team_week
2026,1,1865,WR,WAS,1.52,1.97,2.43,2026-10-10T04:11:44+00:00,false,team_week
2026,1,1866,TE,CAR,1.26,1.7,2.15,2026-10-10T04:11:44+00:00,false,team_week
2026,1,1873,WR,LAC,0.46,0.56,0.67,2026-10-10T04:11:44+00:00,false,team_week
2026,1,1885,TE,LAC,3.06,3.94,4.81,2026-10-10T04:30:40+00:00,false,team_week
2026,1,1889,WR,MIN,0.3,0.41,0.52,2026-10-10T04:30:40+00:00,false,team_week
2026,1,1891,RB,MIA,1.94,2.05,2.17,2026-10-10T04:30:40+00:00,false,team_week
2026,1,1905,QB,LV,0.0,0.0,0.0,2026-10-10T04:11:44+00:00,false,team_week
2026,1,1909,RB,JAX,0.0,0.0,0.0,2026-10-10T04:11:44+00:00,false,team_week
2026,1,1915,QB,DAL,0.0,0.0,0.0,2026-10-10T04:11:44+00:00,false,team_week
2026,1,1921,RB,WAS,7.45,7.92,8.39,2026-10-10T04:11:44+00:00,false,team_week
2026,1,1922,QB,HOU,0.0,0.0,0.0,2026-10-10T04:11:44+00:00,false,team_week
2026,1,1934,RB,TB,6.49,7.68,8.87,2026-10-10T04:11:44+00:00,false,team_week
2026,1,1945,TE,CLE,0.49,0.7,0.91,2026-10-10T04:30:40+00:00,false,team_week
2026,1,1970,TE,ATL,5.41,7.63,9.85,2026-10-10T04:11:44+00:00,false,team_week
2026,1,1997,TE,SF,1.17,1.62,2.07,2026-10-10T04:30:40+00:00,false,team_week
2026,1,2000,QB,NYJ,0.0,0.0,0.0,2026-10-10T04:11:44+00:00,false,team_week
2026,1,2023,WR,MIN,0.0,0.0,0.0,2026-10-10T04:11:44+00:00,false,team_week
2026,1,2028,WR,BUF,5.4,7.42,9.45,2026-10-10T04:11:44+00:00,false,team_week
2026,1,2030,RB,CLE,0.0,0.0,0.0,2026-10-10T04:11:44+00:00,false,team_week
2026,1,2057,WR,NE,0.0,0.0,0.0,2026-10-10T04:11:44+00:00,false,team_week
2026,1,2060,QB,MIN,14.45,14.45,14.45,2026-10-10T04:30:40+00:00,false,team_week
2026,1,2070,WR,LV,0.0,0.0,0.0,2026-10-10T04:11:44+00:00,false,team_week
2026,1,2075,WR,LA,1.16,1.46,1.75,2026-10-10T04:11:44+00:00,false,team_week
2026,1,2089,WR,SEA,0.96,1.22,1.48,2026-10-10T04:11:44+00:00,false,team_week
2026,1,2097,QB,NO,0.5,0.5,0.5,2026-10-10T04:30:40+00:00,false,team_week
2026,1,2105,RB,LAC,14.71,16.19,17.67,2026-10-10T04:30:40+00:00,false,team_week
2026,1,2110,WR,CIN,0.0,0.0,0.0,2026-10-10T04:11:44+00:00,false,team_week
2026,1,2113,TE,CLE,6.21,8.69,11.17,2026-10-10T04:30:40+00:00,false,team_week
2026,1,2114,WR,JAX,0.0,0.0,0.0,2026-10-10T04:11:44+00:00,false,team_week
2026,1,2126,WR,GB,7.03,9.03,11.02,2026-10-10T04:11:44+00:00,false,team_week
2026,1,2130,WR,DET,2.9,3.58,4.26,2026-10-10T04:30:40+00:00,false,team_week
2026,1,2140,WR,CHI,7.62,9.83,12.04,2026-10-10T04:11:44+00:00,false,team_week
2026,1,2142,TE,LA,5.36,6.73,8.1,2026-10-10T04:30:40+00:00,false,team_week
2026,1,2181,RB,LV,6.43,6.95,7.47,2026-10-10T04:11:44+00:00,false,team_week
2026,1,2182,TE,BAL,0.32,0.42,0.52,2026-10-10T04:30:40+00:00,false,team_week
2026,1,2188,WR,CLE,1.36,1.69,2.03,2026-10-10T04:11:44+00:00,false,team_week
2026,1,2190,WR,CIN,0.39,0.5,0.6,2026-10-10T04:30:40+00:00,false,team_week
2026,1,2195,TE,TB,0.66,0.89,1.11,2026-10-10T04:30:40+00:00,false,team_week
2026,1,2221,WR,NYJ,0.55,0.65,0.75,2026-10-10T04:30:40+00:00,false,team_week
2026,1,2227,RB,DET,18.65,20.6,22.55,2026-10-10T04:11:44+00:00,false,team_week
2026,1,2244,QB,IND,0.55,0.55,0.55,2026-10-10T04:11:44+00:00,false,team_week
2026,1,2250,TE,NYJ,2.99,4.04,5.08,2026-10-10T04:30:40+00:00,false,team_week
2026,1,2251,WR,CIN,1.14,1.45,1.76,2026-10-10T04:30:40+00:00,false,team_week
2026,1,2258,WR,CAR,0.0,0.0,0.0,2026-10-10T04:11:44+00:00,false,team_week
2026,1,2259,WR,TB,3.73,4.71,5.7,2026-10-10T04:11:44+00:00,false,team_week
2026,1,2261,RB,SF,3.79,4.16,4.53,2026-10-10T04:11:44+00:00,false,team_week
2026,1,2269,WR,NO,0.0,0.0,0.0,2026-10-10T04:11:44+00:00,false,team_week
2026,1,2270,WR,ARI,0.0,0.0,0.0,2026-10-10T04:11:44+00:00,false,team_week
2026,1,2271,RB,MIN,0.3,0.43,0.56,2026-10-10T04:30:40+00:00,false,team_week
2026,1,2275,WR,CLE,5.02,6.66,8.3,2026-10-10T04:30:40+00:00,false,team_week
2026,1,2279,WR,NYG,8.33,10.53,12.74,2026-10-10T04:11:44+00:00,false,team_week
2026,1,2282,WR,TEN,5.61,6.86,8.11,2026-10-10T04:11:44+00:00,false,team_week
2026,1,2284,TE,NO,0.72,0.96,1.19,2026-10-10T04:11:44+00:00,false,team_week
2026,1,2290,WR,GB,6.31,8.2,10.1,2026-10-10T04:30:40+00:00,false,team_week
2026,1,2304,RB,MIN,0.0,0.0,0.0,2026-10-10T04:11:44+00:00,false,team_week
2026,1,2351,QB,TB,0.0,0.0,0.0,2026-10-10T04:11:44+00:00,false,team_week
2026,1,2404,WR,PIT,0.11,0.11,0.11,2026-10-10T04:30:40+00:00,false,team_week
2026,1,2411,TE,TB,0.33,0.45,0.56,2026-10-10T04:30:40+00:00,false,team_week
2026,1,2414,WR,LA,0.0,0.0,0.0,2026-10-10T04:11:44+00:00,false,team_week
2026,1,2446,WR,BUF,0.0,0.0,0.0,2026-10-10T04:11:44+00:00,false,team_week
2026,1,2449,WR,HOU,0.0,0.0,0.0,2026-10-10T04:11:44+00:00,false,team_week
2026,1,2457,WR,MIA,4.87,6.14,7.41,2026-10-10T04:11:44+00:00,false,team_week
2026,1,2458,RB,PIT,0.0,0.0,0.0,2026-10-10T04:11:44+00:00,false,team_week
2026,1,2461,RB,SEA,12.4,13.3,14.2,2026-10-10T04:11:44+00:00,false,team_week
2026,1,2463,WR,PIT,4.46,5.64,6.83,2026-10-10T04:30:40+00:00,false,team_week
2026,1,2466,TE,LA,0.0,0.0,0.0,2026-10-10T04:11:44+00:00,false,team_week
2026,1,2467,WR,NYJ,3.58,4.62,5.66,2026-10-10T04:11:44+00:00,false,team_week
2026,1,2468,WR,CLE,5.61,7.35,9.08,2026-10-10T04:11:44+00:00,false,team_week
2026,1,2476,WR,MIA,3.02,3.96,4.91,2026-10-10T04:11:44+00:00,false,team_week
2026,1,2491,QB,LA,0.0,0.0,0.0,2026-10-10T04:11:44+00:00,false,team_week
2026,1,2497,WR,TB,0.11,0.11,0.11,2026-10-10T04:30:40+00:00,false,team_week
2026,1,2499,QB,LV,0.59,0.59,0.59,2026-10-10T04:30:40+00:00,false,team_week
2026,1,2510,QB,ARI,0.0,0.0,0.0,2026-10-10T04:11:44+00:00,false,team_week
2026,1,2515,RB,GB,5.9,6.84,7.78,2026-10-10T04:11:44+00:00,false,team_week
2026,1,2518,QB,MIA,0.0,0.0,0.0,2026-10-10T04:11:44+00:00,false,team_week
2026,1,2527,TE,MIA,0.53,0.74,0.95,2026-10-10T04:30:40+00:00,false,team_week
2026,1,2534,QB,LA,17.85,17.85,17.85,2026-10-10T04:11:44+00:00,false,team_week
2026,1,2546,WR,LAC,1.21,1.47,1.73,2026-10-10T04:11:44+00:00,false,team_week
2026,1,2554,TE,MIA,0.0,0.0,0.0,2026-10-10T04:11:44+00:00,false,team_week
2026,1,2575,TE,MIN,4.67,6.95,9.22,2026-10-10T04:11:44+00:00,false,team_week
2026,1,2580,RB,NE,0.0,0.0,0.0,2026-10-10T04:11:44+00:00,false,team_week
2026,1,2587,RB,SEA,4.93,5.48,6.03,2026-10-10T04:11:44+00:00,false,team_week
2026,1,2605,WR,BAL,0.0,0.0,0.0,2026-10-10T04:11:44+00:00,false,team_week
2026,1,2606,RB,CHI,10.56,11.46,12.36,2026-10-10T04:30:40+00:00,false,team_week
2026,1,2608,QB,SEA,13.85,13.85,13.85,2026-10-10T04:11:44+00:00,false,team_week
2026,1,2609,RB,ARI,4.24,4.74,5.24,2026-10-10T04:30:40+00:00,false,team_week
2026,1,2613,QB,MIA,0.0,0.0,0.0,2026-10-10T04:11:44+00:00,false,team_week
2026,1,2614,RB,NYG,0.0,0.0,0.0,2026-10-10T04:11:44+00:00,false,team_week
2026,1,2634,WR,LAC,9.18,11.48,13.78,2026-10-10T04:11:44+00:00,false,team_week
2026,1,2677,WR,CHI,8.91,10.66,12.41,2026-10-10T04:11:44+00:00,false,team_week
2026,1,2698,TE,CIN,2.41,3.3,4.18,2026-10-10T04:11:44+00:00,false,team_week
2026,1,2700,WR,TEN,0.0,0.0,0.0,2026-10-10T04:11:44+00:00,false,team_week
2026,1,2730,WR,CIN,12.98,16.48,19.99,2026-10-10T04:11:44+00:00,false,team_week
2026,1,2756,WR,DET,8.46,10.31,12.15,2026-10-10T04:11:44+00:00,false,team_week
2026,1,2772,WR,GB,4.81,6.07,7.33,2026-10-10T04:11:44+00:00,false,team_week
2026,1,2791,TE,CIN,3.58,4.64,5.7,2026-10-10T04:30:40+00:00,false,team_week
2026,1,2795,TE,SF,4.85,6.62,8.38,2026-10-10T04:11:44+00:00,false,team_week
2026,1,2803,RB,BAL,0.21,0.33,0.45,2026-10-10T04:30:40+00:00,false,team_week
2026,1,2807,WR,CHI,4.02,5.62,7.22,2026-10-10T04:11:44+00:00,false,team_week
2026,1,2821,RB,SF,8.65,9.18,9.7,2026-10-10T04:11:44+00:00,false,team_week
2026,1,2837,TE,NE,1.4,1.98,2.55,2026-10-10T04:30:40+00:00,false,team_week
2026,1,2843,TE,CAR,1.95,2.61,3.27,2026-10-10T04:11:44+00:00,false,team_week
2026,1,2849,TE,NYG,2.25,3.01,3.77,2026-10-10T04:11:44+00:00,false,team_week
2026,1,2853,RB,NYJ,3.88,4.25,4.62,2026-10-10T04:11:44+00:00,false,team_week
2026,1,2862,WR,NYJ,8.95,11.89,14.82,2026-10-10T04:11:44+00:00,false,team_week
2026,1,2870,RB,CIN,1.09,1.09,1.09,2026-10-10T04:30:40+00:00,false,team_week
2026,1,2877,TE,JAX,0.62,0.84,1.06,2026-10-10T04:30:40+00:00,false,team_week
2026,1,2883,RB,DEN,0.0,0.0,0.0,2026-10-10T04:11:44+00:00,false,team_week
2026,1,2901,RB,HOU,6.81,7.54,8.28,2026-10-10T04:11:44+00:00,false,team_week
2026,1,2919,RB,HOU,0.15,0.15,0.15,2026-10-10T04:30:40+00:00,false,team_week
2026,1,2929,WR,LA,4.28,5.54,6.8,2026-10-10T04:11:44+00:00,false,team_week
2026,1,2945,RB,DEN,5.55,7.01,8.47,2026-10-10T04:11:44+00:00,false,team_week
2026,1,2955,TE,LA,0.27,0.38,0.5,2026-10-10T04:30:40+00:00,false,team_week
2026,1,2976,WR,JAX,0.29,0.4,0.5,2026-10-10T04:11:44+00:00,false,team_week
2026,1,3007,QB,HOU,0.0,0.0,0.0,2026-10-10T04:11:44+00:00,false,team_week
2026,1,3015,RB,BUF,0.2,0.33,0.45,2026-10-10T04:30:40+00:00,false,team_week
2026,1,3021,WR,JAX,0.32,0.41,0.5,2026-10-10T04:30:40+00:00,false,team_week
2026,1,3024,RB,CAR,0.0,0.0,0.0,2026-10-10T04:11:44+00:00,false,team_week
2026,1,3033,TE,HOU,0.32,0.44,0.56,2026-10-10T04:30:40+00:00,false,team_week
2026,1,3037,WR,NYG,0.0,0.0,0.0,2026-10-10T04:11:44+00:00,false,team_week
2026,1,3056,RB,LV,0.0,0.0,0.0,2026-10-10T04:11:44+00:00,false,team_week
2026,1,3070,RB,TEN,9.96,10.82,11.67,2026-10-10T04:11:44+00:00,false,team_week
2026,1,3077,RB,HOU,0.25,0.38,0.5,2026-10-10T04:30:40+00:00,false,team_week
2026,1,3082,WR,TB,7.12,8.9,10.67,2026-10-10T04:30:40+00:00,false,team_week
2026,1,3116,WR,LV,6.66,8.29,9.92,2026-10-10T04:30:40+00:00,false,team_week
2026,1,3120,WR,NYJ,0.22,0.22,0.22,2026-10-10T04:11:44+00:00,false,team_week
2026,1,3124,WR,BAL,0.0,0.0,0.0,2026-10-10T04:11:44+00:00,false,team_week
2026,1,3127,TE,TB,4.15,5.76,7.36,2026-10-10T04:11:44+00:00,false,team_week
2026,1,3133,TE,ARI,7.88,11.12,14.36,2026-10-10T04:11:44+00:00,false,team_week
2026,1,3139,TE,NE,4.94,6.59,8.25,2026-10-10T04:30:40+00:00,false,team_week
2026,1,3147,WR,WAS,2.19,2.7,3.21,2026-10-10T04:11:44+00:00,false,team_week
2026,1,3161,TE,DET,0.64,0.86,1.08,2026-10-10T04:30:40+00:00,false,team_week
2026,1,3162,WR,NO,2.38,3.18,3.98,2026-10-10T04:30:40+00:00,false,team_week
2026,1,3166,TE,DAL,0.33,0.44,0.56,2026-10-10T04:30:40+00:00,false,team_week
2026,1,3167,RB,CLE,11.28,12.22,13.17,2026-10-10T04:11:44+00:00,false,team_week
2026,1,3189,RB,SF,13.8,16.19,18.58,2026-10-10T04:11:44+00:00,false,team_week
2026,1,3196,RB,LAC,1.98,2.21,2.43,2026-10-10T04:30:40+00:00,false,team_week
2026,1,3203,TE,BAL,0.32,0.42,0.52,2026-10-10T04:30:40+00:00,false,team_week
2026,1,3225,QB,JAX,17.19,17.19,17.19,2026-10-10T04:11:44+00:00,false,team_week
2026,1,3226,QB,NYG,18.77,18.77,18.77,2026-10-10T04:30:40+00:00,false,team_week
2026,1,3242,RB,IND,2.21,2.58,2.96,2026-10-10T04:11:44+00:00,false,team_week
2026,1,3247,WR,SEA,12.3,15.69,19.07,2026-10-10T04:11:44+00:00,false,team_week
2026,1,3251,RB,NYJ,2.29,2.67,3.05,2026-10-10T04:30:40+00:00,false,team_week
2026,1,3253,WR,MIA,7.71,10.0,12.28,2026-10-10T04:11:44+00:00,false,team_week
2026,1,3257,WR,CHI,1.29,1.67,2.04,2026-10-10T04:11:44+00:00,false,team_week
2026,1,3258,WR,TEN,1.51,1.81,2.12,2026-10-10T04:11:44+00:00,false,team_week
2026,1,3259,TE,JAX,3.32,4.73,6.15,2026-10-10T04:11:44+00:00,false,team_week
2026,1,3262,TE,NYG,0.14,0.2,0.25,2026-10-10T04:30:40+00:00,false,team_week
2026,1,3270,RB,WAS,0.61,0.73,0.85,2026-10-10T04:30:40+00:00,false,team_week
2026,1,3279,TE,BUF,5.25,6.96,8.67,2026-10-10T04:11:44+00:00,false,team_week
2026,1,3289,WR,DET,12.1,15.49,18.89,2026-10-10T04:11:44+00:00,false,team_week
2026,1,3298,WR,KC,1.81,2.39,2.96,2026-10-10T04:30:40+00:00,false,team_week
2026,1,3315,WR,NYG,4.36,5.64,6.92,2026-10-10T04:11:44+00:00,false,team_week
2026,1,3364,RB,LV,14.45,16.23,18.0,2026-10-10T04:11:44+00:00,false,team_week
2026,1,3365,WR,DAL,0.32,0.41,0.49,2026-10-10T04:30:40+00:00,false,team_week
2026,1,3366,QB,IND,0.0,0.0,0.0,2026-10-10T04:11:44+00:00,false,team_week
2026,1,3376,RB,GB,11.16,12.0,12.84,2026-10-10T04:11:44+00:00,false,team_week
2026,1,3378,QB,NYJ,0.49,0.49,0.49,2026-10-10T04:30:40+00:00,false,team_week
2026,1,3388,RB,NYJ,0.0,0.0,0.0,2026-10-10T04:11:44+00:00,false,team_week
2026,1,3399,WR,HOU,4.77,6.2,7.63,2026-10-10T04:11:44+00:00,false,team_week
2026,1,3428,TE,CIN,1.61,2.24,2.88,2026-10-10T04:30:40+00:00,false,team_week
2026,1,3435,WR,PIT,0.14,0.19,0.25,2026-10-10T04:30:40+00:00,false,team_week
2026,1,3442,QB,GB,15.25,15.25,15.25,2026-10-10T04:30:40+00:00,false,team_week
2026,1,3446,RB,MIA,0.56,0.79,1.02,2026-10-10T04:30:40+00:00,false,team_week
2026,1,3448,WR,MIA,0.0,0.0,0.0,2026-10-10T04:11:44+00:00,false,team_week
2026,1,3459,RB,TEN,6.55,7.98,9.4,2026-10-10T04:11:44+00:00,false,team_week
2026,1,3480,RB,BAL,0.74,0.85,0.95,2026-10-10T04:11:44+00:00,false,team_week
2026,1,3482,RB,CHI,8.74,9.49,10.25,2026-10-10T04:11:44+00:00,false,team_week
2026,1,3514,QB,DET,0.0,0.0,0.0,2026-10-10T04:11:44+00:00,false,team_week
2026,1,3524,WR,NO,1.17,1.56,1.95,2026-10-10T04:30:40+00:00,false,team_week
2026,1,3536,RB,KC,2.42,2.66,2.9,2026-10-10T04:30:40+00:00,false,team_week
2026,1,3541,QB,ATL,14.97,14.97,14.97,2026-10-10T04:30:40+00:00,false,team_week
2026,1,3550,TE,DAL,5.55,7.72,9.88,2026-10-10T04:11:44+00:00,false,team_week
2026,1,3561,WR,PHI,0.34,0.44,0.53,2026-10-10T04:30:40+00:00,false,team_week
2026,1,3562,RB,CAR,8.57,9.66,10.76,2026-10-10T04:11:44+00:00,false,team_week
2026,1,3578,WR,SEA,0.0,0.0,0.0,2026-10-10T04:11:44+00:00,false,team_week
2026,1,3580,RB,CLE,3.23,4.12,5.0,2026-10-10T04:11:44+00:00,false,team_week
2026,1,3593,TE,BAL,5.71,7.62,9.52,2026-10-10T04:11:44+00:00,false,team_week
2026,1,3594,QB,KC,15.7,15.7,15.7,2026-10-10T04:30:40+00:00,false,team_week
2026,1,3602,QB,CLE,0.55,0.55,0.55,2026-10-10T04:30:40+00:00,false,team_week
2026,1,3604,TE,ATL,0.22,0.33,0.43,2026-10-10T04:11:44+00:00,false,team_week
2026,1,3605,TE,TEN,4.23,5.89,7.55,2026-10-10T04:11:44+00:00,false,team_week
2026,1,3606,WR,BAL,5.04,6.17,7.31,2026-10-10T04:11:44+00:00,false,team_week
2026,1,3615,WR,CIN,1.2,1.64,2.08,2026-10-10T04:11:44+00:00,false,team_week
2026,1,3620,TE,PHI,0.0,0.0,0.0,2026-10-10T04:11:44+00:00,false,team_week
2026,1,3630,WR,WAS,2.75,3.51,4.28,2026-10-10T04:11:44+00:00,false,team_week
2026,1,3648,WR,DAL,0.0,0.0,0.0,2026-10-10T04:11:44+00:00,false,team_week
2026,1,3651,QB,LAC,19.29,19.29,19.29,2026-10-10T04:11:44+00:00,false,team_week
2026,1,3659,WR,NE,1.63,2.32,3.0,2026-10-10T04:30:40+00:00,false,team_week
2026,1,3662,TE,NYJ,3.16,4.54,5.93,2026-10-10T04:30:40+00:00,false,team_week
2026,1,3664,RB,NYG,11.1,12.45,13.8,2026-10-10T04:11:44+00:00,false,team_week
2026,1,3672,TE,DET,6.48,8.73,10.98,2026-10-10T04:30:40+00:00,false,team_week
2026,1,3716,WR,KC,9.18,11.81,14.44,2026-10-10T04:30:40+00:00,false,team_week
2026,1,3721,WR,BAL,0.0,0.0,0.0,2026-10-10T04:11:44+00:00,false,team_week
2026,1,3728,TE,CAR,2.26,3.1,3.93,2026-10-10T04:30:40+00:00,false,team_week
2026,1,3736,WR,CHI,0.0,0.0,0.0,2026-10-10T04:11:44+00:00,false,team_week
2026,1,3780,TE,PHI,0.0,0.0,0.0,2026-10-10T04:11:44+00:00,false,team_week
2026,1,3782,WR,TB,0.0,0.0,0.0,2026-10-10T04:11:44+00:00,false,team_week
2026,1,3785,WR,CAR,0.0,0.0,0.0,2026-10-10T04:11:44+00:00,false,team_week
2026,1,3790,WR,GB,5.13,6.68,8.24,2026-10-10T04:11:44+00:00,false,team_week
2026,1,3792,QB,KC,0.55,0.55,0.55,2026-10-10T04:11:44+00:00,false,team_week
2026,1,3796,WR,SEA,1.69,2.21,2.73,2026-10-10T04:30:40+00:00,false,team_week
2026,1,3802,TE,JAX,4.87,6.51,8.16,2026-10-10T04:11:44+00:00,false,team_week
2026,1,3803,QB,NO,14.47,14.47,14.47,2026-10-10T04:11:44+00:00,false,team_week
2026,1,3806,QB,NYJ,0.0,0.0,0.0,2026-10-10T04:11:44+00:00,false,team_week
2026,1,3808,RB,ARI,0.0,0.0,0.0,2026-10-10T04:11:44+00:00,false,team_week
2026,1,3835,WR,BUF,3.46,4.33,5.21,2026-10-10T04:11:44+00:00,false,team_week
2026,1,3840,TE,JAX,0.0,0.0,0.0,2026-10-10T04:11:44+00:00,false,team_week
2026,1,3843,WR,GB,7.68,9.31,10.95,2026-10-10T04:11:44+00:00,false,team_week
2026,1,3855,WR,LAC,3.67,4.67,5.66,2026-10-10T04:30:40+00:00,false,team_week
2026,1,3862,RB,CIN,12.32,14.2,16.09,2026-10-10T04:30:40+00:00,false,team_week
2026,1,3863,WR,GB,0.0,0.0,0.0,2026-10-10T04:11:44+00:00,false,team_week
2026,1,3864,TE,SEA,2.44,3.24,4.03,2026-10-10T04:11:44+00:00,false,team_week
2026,1,3870,WR,BAL,0.0,0.0,0.0,2026-10-10T04:11:44+00:00,false,team_week
2026,1,3871,TE,CHI,7.31,9.67,12.04,2026-10-10T04:11:44+00:00,false,team_week
2026,1,3874,WR,LV,6.56,8.5,10.45,2026-10-10T04:11:44+00:00,false,team_week
2026,1,3890,TE,NE,1.17,1.74,2.3,2026-10-10T04:11:44+00:00,false,team_week
2026,1,3892,WR,MIN,10.64,13.88,17.11,2026-10-10T04:11:44+00:00,false,team_week
2026,1,3925,TE,CAR,0.0,0.0,0.0,2026-10-10T04:11:44+00:00,false,team_week
2026,1,3934,WR,SF,0.0,0.0,0.0,2026-10-10T04:11:44+00:00,false,team_week
2026,1,3939,TE,MIA,1.09,1.49,1.88,2026-10-10T04:11:44+00:00,false,team_week
2026,1,3942,WR,TB,9.71,11.87,14.03,2026-10-10T04:11:44+00:00,false,team_week
2026,1,3945,WR,LAC,7.32,8.85,10.38,2026-10-10T04:30:40+00:00,false,team_week
2026,1,3951,RB,TEN,0.0,0.0,0.0,2026-10-10T04:11:44+00:00,false,team_week
2026,1,3963,RB,PIT,0.25,0.37,0.5,2026-10-10T12:40:28+00:00,false,team_week
2026,1,3965,QB,CAR,15.93,15.93,15.93,2026-10-10T04:30:40+00:00,false,team_week
2026,1,3990,WR,MIA,4.6,5.96,7.32,2026-10-10T04:11:44+00:00,false,team_week
2026,1,3993,WR,NO,9.19,12.01,14.82,2026-10-10T04:30:40+00:00,false,team_week
2026,1,4000,TE,DET,0.0,0.0,0.0,2026-10-10T12:40:28+00:00,false,team_week
2026,1,4017,WR,TB,1.62,2.16,2.7,2026-10-10T04:11:44+00:00,false,team_week
2026,1,4021,WR,NYG,5.9,8.17,10.44,2026-10-10T04:11:44+00:00,false,team_week
2026,1,4023,RB,DEN,3.11,3.64,4.16,2026-10-10T04:11:44+00:00,false,team_week
2026,1,4026,WR,BAL,4.87,6.0,7.12,2026-10-10T04:11:44+00:00,false,team_week
2026,1,4035,WR,TEN,7.79,9.93,12.08,2026-10-10T04:11:44+00:00,false,team_week
2026,1,4048,RB,CAR,9.76,10.99,12.22,2026-10-10T04:11:44+00:00,false,team_week
2026,1,4079,RB,DAL,0.0,0.0,0.0,2026-10-10T04:11:44+00:00,false,team_week
2026,1,4086,WR,SF,6.32,7.98,9.64,2026-10-10T04:30:40+00:00,false,team_week
2026,1,4092,QB,PHI,0.61,0.61,0.61,2026-10-10T04:30:40+00:00,false,team_week
2026,1,4094,TE,PIT,2.71,3.62,4.52,2026-10-10T04:30:40+00:00,false,team_week
2026,1,4103,RB,PHI,1.06,1.4,1.73,2026-10-10T04:11:44+00:00,false,team_week
2026,1,4106,WR,IND,0.87,1.17,1.47,2026-10-10T04:30:40+00:00,false,team_week
2026,1,4109,TE,MIA,1.34,1.86,2.39,2026-10-10T04:11:44+00:00,false,team_week
2026,1,4130,TE,NO,0.0,0.0,0.0,2026-10-10T04:11:44+00:00,false,team_week
2026,1,4152,RB,GB,1.4,1.51,1.62,2026-10-10T04:30:40+00:00,false,team_week
2026,1,4158,QB,HOU,16.47,16.47,16.47,2026-10-10T04:30:40+00:00,false,team_week
2026,1,4164,WR,IND,6.56,8.13,9.7,2026-10-10T04:11:44+00:00,false,team_week
2026,1,4181,WR,HOU,0.0,0.0,0.0,2026-10-10T04:11:44+00:00,false,team_week
2026,1,4188,QB,WAS,0.0,0.0,0.0,2026-10-10T04:11:44+00:00,false,team_week
2026,1,4191,WR,HOU,0.0,0.0,0.0,2026-10-10T04:11:44+00:00,false,team_week
2026,1,4192,TE,KC,5.64,7.74,9.85,2026-10-10T04:30:40+00:00,false,team_week
2026,1,4196,WR,NYG,0.0,0.0,0.0,2026-10-10T04:11:44+00:00,false,team_week
2026,1,4203,QB,CLE,12.98,12.98,12.98,2026-10-10T04:30:40+00:00,false,team_week
2026,1,4204,QB,MIN,0.62,0.62,0.62,2026-10-10T04:11:44+00:00,false,team_week
2026,1,4207,WR,LV,3.51,4.48,5.46,2026-10-10T04:11:44+00:00,false,team_week
2026,1,4214,QB,BUF,0.0,0.0,0.0,2026-10-10T04:11:44+00:00,false,team_week
2026,1,4216,TE,DEN,1.28,1.75,2.21,2026-10-10T04:30:40+00:00,false,team_week
2026,1,4222,TE,NYG,4.54,5.82,7.11,2026-10-10T04:11:44+00:00,false,team_week
2026,1,4223,RB,LV,0.0,0.0,0.0,2026-10-10T04:11:44+00:00,false,team_week
2026,1,4237,RB,MIA,14.51,16.39,18.27,2026-10-10T04:11:44+00:00,false,team_week
2026,1,4247,TE,TEN,3.79,5.29,6.8,2026-10-10T04:11:44+00:00,false,team_week
2026,1,4248,WR,LAC,0.75,0.94,1.13,2026-10-10T04:30:40+00:00,false,team_week
2026,1,4266,TE,CLE,0.0,0.0,0.0,2026-10-10T04:11:44+00:00,false,team_week
2026,1,4271,QB,JAX,0.46,0.46,0.46,2026-10-10T04:30:40+00:00,false,team_week
2026,1,4274,QB,PIT,0.0,0.0,0.0,2026-10-10T04:11:44+00:00,false,team_week
2026,1,4283,RB,DEN,0.35,0.47,0.6,2026-10-10T04:30:40+00:00,false,team_week
2026,1,4286,RB,TB,0.0,0.0,0.0,2026-10-10T04:11:44+00:00,false,team_week
2026,1,4296,TE,CHI,0.29,0.4,0.51,2026-10-10T04:30:40+00:00,false,team_week
2026,1,4305,WR,PHI,2.79,3.74,4.7,2026-10-10T04:11:44+00:00,false,team_week
2026,1,4316,TE,BUF,0.88,1.2,1.52,2026-10-10T04:30:40+00:00,false,team_week
2026,1,4338,WR,NE,0.0,0.0,0.0,2026-10-10T04:11:44+00:00,false,team_week
2026,1,4354,TE,CIN,0.0,0.0,0.0,2026-10-10T04:11:44+00:00,false,team_week
2026,1,4363,WR,WAS,0.0,0.0,0.0,2026-10-10T04:11:44+00:00,false,team_week
2026,1,4368,TE,NO,4.83,6.86,8.88,2026-10-10T04:11:44+00:00,false,team_week
2026,1,4369,WR,TB,3.81,4.84,5.87,2026-10-10T04:11:44+00:00,false,team_week
2026,1,4379,WR,SEA,8.42,10.32,12.22,2026-10-10T04:11:44+00:00,false,team_week
2026,1,4388,TE,WAS,1.11,1.52,1.94,2026-10-10T04:11:44+00:00,false,team_week
2026,1,4422,TE,HOU,1.25,1.73,2.2,2026-10-10T04:30:40+00:00,false,team_week
2026,1,4424,WR,KC,2.93,3.6,4.27,2026-10-10T04:30:40+00:00,false,team_week
2026,1,4437,WR,PHI,5.71,7.09,8.46,2026-10-10T04:11:44+00:00,false,team_week
2026,1,4450,QB,MIN,15.49,15.49,15.49,2026-10-10T04:11:44+00:00,false,team_week
2026,1,4474,WR,CIN,8.67,10.82,12.96,2026-10-10T04:11:44+00:00,false,team_week
2026,1,4485,TE,PHI,6.78,8.86,10.94,2026-10-10T04:11:44+00:00,false,team_week
2026,1,4490,RB,TB,0.0,0.0,0.0,2026-10-10T04:11:44+00:00,false,team_week
2026,1,4493,WR,HOU,10.31,12.96,15.61,2026-10-10T04:11:44+00:00,false,team_week
2026,1,4496,WR,PIT,1.13,1.47,1.8,2026-10-10T04:30:40+00:00,false,team_week
2026,1,4502,WR,KC,1.22,1.59,1.96,2026-10-10T04:11:44+00:00,false,team_week
2026,1,4542,WR,DAL,2.31,2.74,3.16,2026-10-10T04:11:44+00:00,false,team_week
2026,1,4551,WR,LV,3.84,5.04,6.24,2026-10-10T04:30:40+00:00,false,team_week
2026,1,4561,QB,SF,15.77,15.77,15.77,2026-10-10T04:30:40+00:00,false,team_week
2026,1,4566,WR,ATL,2.41,3.27,4.13,2026-10-10T04:11:44+00:00,false,team_week
2026,1,4571,WR,DEN,3.14,4.2,5.26,2026-10-10T04:11:44+00:00,false,team_week
2026,1,4573,WR,CAR,9.81,12.32,14.82,2026-10-10T04:11:44+00:00,false,team_week
2026,1,4581,WR,CAR,5.57,7.41,9.24,2026-10-10T04:11:44+00:00,false,team_week
2026,1,4589,RB,PIT,10.02,11.36,12.7,2026-10-10T04:11:44+00:00,false,team_week
2026,1,4597,RB,IND,0.0,0.0,0.0,2026-10-10T04:11:44+00:00,false,team_week
2026,1,4598,RB,SF,0.0,0.0,0.0,2026-10-10T04:11:44+00:00,false,team_week
2026,1,4602,RB,BUF,0.0,0.0,0.0,2026-10-10T04:11:44+00:00,false,team_week
2026,1,4612,TE,CLE,0.26,0.37,0.48,2026-10-10T04:30:40+00:00,false,team_week
2026,1,4614,RB,GB,0.0,0.0,0.0,2026-10-10T04:11:44+00:00,false,team_week
2026,1,4617,RB,SEA,0.0,0.0,0.0,2026-10-10T04:11:44+00:00,false,team_week
2026,1,4641,WR,KC,0.62,0.82,1.01,2026-10-10T04:30:40+00:00,false,team_week
2026,2,17,WR,DEN,2.82,3.42,4.02,2026-10-10T04:11:44+00:00,false,team_week
2026,2,28,QB,NYJ,13.02,13.02,13.02,2026-10-10T04:11:44+00:00,false,team_week
2026,2,30,RB,SF,1.64,2.2,2.76,2026-10-10T04:11:44+00:00,false,team_week
2026,2,35,WR,GB,0.0,0.0,0.0,2026-10-10T04:11:44+00:00,false,team_week
2026,2,51,TE,LV,0.0,0.0,0.0,2026-10-10T04:11:44+00:00,false,team_week
2026,2,53,WR,DET,0.0,0.0,0.0,2026-10-10T04:11:44+00:00,false,team_week
2026,2,65,RB,PIT,0.0,0.0,0.0,2026-10-10T04:11:44+00:00,false,team_week
2026,2,66,WR,NYJ,10.79,13.14,15.49,2026-10-10T04:11:44+00:00,false,team_week
2026,2,69,QB,CLE,0.0,0.0,0.0,2026-10-10T04:11:44+00:00,false,team_week
2026,2,71,WR,HOU,5.87,8.12,10.37,2026-10-10T04:11:44+00:00,false,team_week
2026,2,137,WR,LA,5.41,6.47,7.52,2026-10-10T04:11:44+00:00,false,team_week
2026,2,142,WR,DET,3.76,4.93,6.11,2026-10-10T04:11:44+00:00,false,team_week
2026,2,155,TE,MIN,1.16,1.56,1.96,2026-10-10T04:11:44+00:00,false,team_week
2026,2,164,RB,MIN,12.09,13.17,14.25,2026-10-10T04:11:44+00:00,false,team_week
2026,2,168,TE,LA,1.75,2.35,2.94,2026-10-10T04:11:44+00:00,false,team_week
2026,2,171,RB,ARI,9.76,11.36,12.96,2026-10-10T04:11:44+00:00,false,team_week
2026,2,175,WR,MIA,1.6,2.05,2.51,2026-10-10T04:11:44+00:00,false,team_week
2026,2,184,TE,SF,0.59,0.79,0.99,2026-10-10T04:11:44+00:00,false,team_week
2026,2,187,RB,KC,4.38,4.95,5.52,2026-10-10T04:11:44+00:00,false,team_week
2026,2,191,QB,DAL,12.73,12.73,12.73,2026-10-10T04:11:44+00:00,false,team_week
2026,2,202,TE,MIA,2.54,3.45,4.37,2026-10-10T04:11:44+00:00,false,team_week
2026,2,203,RB,NO,4.9,5.67,6.43,2026-10-10T04:11:44+00:00,false,team_week
2026,2,213,WR,TB,6.3,8.18,10.06,2026-10-10T04:11:44+00:00,false,team_week
2026,2,216,TE,NYJ,0.32,0.44,0.56,2026-10-10T04:11:44+00:00,false,team_week
2026,2,217,RB,ATL,17.93,20.49,23.06,2026-10-10T04:11:44+00:00,false,team_week
2026,2,243,WR,JAX,7.63,9.85,12.06,2026-10-10T04:11:44+00:00,false,team_week
2026,2,260,TE,HOU,5.23,7.09,8.95,2026-10-10T04:11:44+00:00,false,team_week
2026,2,261,QB,PIT,0.0,0.0,0.0,2026-10-10T04:11:44+00:00,false,team_week
2026,2,270,WR,DEN,7.99,10.0,12.01,2026-10-10T04:11:44+00:00,false,team_week
2026,2,282,QB,BAL,0.0,0.0,0.0,2026-10-10T04:11:44+00:00,false,team_week
2026,2,297,QB,PIT,0.0,0.0,0.0,2026-10-10T04:11:44+00:00,false,team_week
2026,2,303,WR,DAL,11.89,14.95,18.02,2026-10-10T04:11:44+00:00,false,team_week
2026,2,306,QB,DET,17.27,17.27,17.27,2026-10-10T04:11:44+00:00,false,team_week
2026,2,311,QB,NE,13.41,13.41,13.41,2026-10-10T04:11:44+00:00,false,team_week
2026,2,312,QB,TEN,0.0,0.0,0.0,2026-10-10T04:11:44+00:00,false,team_week
2026,2,313,RB,PHI,15.21,16.45,17.68,2026-10-10T04:11:44+00:00,false,team_week
2026,2,319,RB,JAX,8.25,9.21,10.16,2026-10-10T04:11:44+00:00,false,team_week
2026,2,323,WR,JAX,0.0,0.0,0.0,2026-10-10T04:11:44+00:00,false,team_week
2026,2,324,TE,BAL,6.71,8.55,10.39,2026-10-10T04:11:44+00:00,false,team_week
2026,2,325,WR,CHI,8.42,10.52,12.61,2026-10-10T04:11:44+00:00,false,team_week
2026,2,327,QB,TB,17.15,17.15,17.15,2026-10-10T04:11:44+00:00,false,team_week
2026,2,334,WR,IND,0.0,0.0,0.0,2026-10-10T04:11:44+00:00,false,team_week
2026,2,337,RB,TB,11.82,13.23,14.65,2026-10-10T04:11:44+00:00,false,team_week
2026,2,365,TE,MIN,2.3,3.15,4.0,2026-10-10T04:11:44+00:00,false,team_week
2026,2,370,QB,ARI,0.0,0.0,0.0,2026-10-10T04:11:44+00:00,false,team_week
2026,2,373,WR,CLE,4.27,5.7,7.13,2026-10-10T04:11:44+00:00,false,team_week
2026,2,374,WR,WAS,1.83,2.54,3.26,2026-10-10T04:11:44+00:00,false,team_week
2026,2,377,WR,SF,0.4,0.49,0.58,2026-10-10T04:11:44+00:00,false,team_week
2026,2,394,QB,LV,0.0,0.0,0.0,2026-10-10T04:11:44+00:00,false,team_week
2026,2,412,QB,DEN,0.0,0.0,0.0,2026-10-10T04:11:44+00:00,false,team_week
2026,2,440,TE,SEA,1.63,2.35,3.06,2026-10-10T04:11:44+00:00,false,team_week
2026,2,445,WR,ARI,0.0,0.0,0.0,2026-10-10T04:11:44+00:00,false,team_week
2026,2,453,WR,KC,0.0,0.0,0.0,2026-10-10T04:11:44+00:00,false,team_week
2026,2,468,WR,PHI,0.0,0.0,0.0,2026-10-10T04:11:44+00:00,false,team_week
2026,2,471,WR,ATL,7.88,10.39,12.9,2026-10-10T04:11:44+00:00,false,team_week
2026,2,473,WR,WAS,7.97,10.22,12.47,2026-10-10T04:11:44+00:00,false,team_week
2026,2,480,WR,SF,8.6,10.33,12.05,2026-10-10T04:11:44+00:00,false,team_week
2026,2,482,RB,DET,12.1,13.19,14.28,2026-10-10T04:11:44+00:00,false,team_week
2026,2,487,TE,BUF,2.59,3.3,4.01,2026-10-10T04:11:44+00:00,false,team_week
2026,2,506,QB,BAL,21.97,21.97,21.97,2026-10-10T04:11:44+00:00,false,team_week
2026,2,508,QB,MIA,0.0,0.0,0.0,2026-10-10T04:11:44+00:00,false,team_week
2026,2,511,RB,BAL,0.0,0.0,0.0,2026-10-10T04:11:44+00:00,false,team_week
2026,2,525,WR,BUF,5.64,7.3,8.96,2026-10-10T04:11:44+00:00,false,team_week
2026,2,529,TE,WAS,2.83,3.89,4.95,2026-10-10T04:11:44+00:00,false,team_week
2026,2,535,RB,LAC,11.07,11.85,12.64,2026-10-10T04:11:44+00:00,false,team_week
2026,2,536,RB,DAL,8.18,9.18,10.18,2026-10-10T04:11:44+00:00,false,team_week
2026,2,547,RB,IND,15.55,17.05,18.55,2026-10-10T04:11:44+00:00,false,team_week
2026,2,557,TE,LA,5.34,6.89,8.44,2026-10-10T04:11:44+00:00,false,team_week
2026,2,560,RB,BAL,16.45,17.08,17.72,2026-10-10T04:11:44+00:00,false,team_week
2026,2,561,WR,IND,0.0,0.0,0.0,2026-10-10T04:11:44+00:00,false,team_week
2026,2,567,TE,CHI,2.29,3.07,3.85,2026-10-10T04:11:44+00:00,false,team_week
2026,2,600,WR,ATL,3.58,4.5,5.43,2026-10-10T04:11:44+00:00,false,team_week
2026,2,613,TE,CLE,4.48,5.72,6.95,2026-10-10T04:11:44+00:00,false,team_week
2026,2,625,QB,PHI,20.23,20.23,20.23,2026-10-10T04:11:44+00:00,false,team_week
2026,2,640,WR,ATL,0.28,0.39,0.49,2026-10-10T04:11:44+00:00,false,team_week
2026,2,650,RB,ARI,2.68,3.29,3.89,2026-10-10T04:11:44+00:00,false,team_week
2026,2,669,TE,BUF,0.6,0.81,1.03,2026-10-10T04:11:44+00:00,false,team_week
2026,2,697,QB,TEN,12.58,12.58,12.58,2026-10-10T04:11:44+00:00,false,team_week
2026,2,748,WR,LA,0.0,0.0,0.0,2026-10-10T04:11:44+00:00,false,team_week
2026,2,751,RB,NE,10.43,11.72,13.02,2026-10-10T04:11:44+00:00,false,team_week
2026,2,764,WR,PHI,8.69,11.34,13.98,2026-10-10T04:11:44+00:00,false,team_week
2026,2,767,RB,PIT,0.0,0.0,0.0,2026-10-10T04:11:44+00:00,false,team_week
2026,2,769,TE,JAX,1.68,2.2,2.73,2026-10-10T04:11:44+00:00,false,team_week
2026,2,785,RB,PHI,7.37,8.51,9.65,2026-10-10T04:11:44+00:00,false,team_week
2026,2,786,TE,PIT,4.42,6.49,8.55,2026-10-10T04:11:44+00:00,false,team_week
2026,2,807,RB,DEN,14.5,15.63,16.76,2026-10-10T04:11:44+00:00,false,team_week
2026,2,808,WR,TEN,0.0,0.0,0.0,2026-10-10T04:11:44+00:00,false,team_week
2026,2,810,RB,JAX,9.94,11.38,12.82,2026-10-10T04:11:44+00:00,false,team_week
2026,2,822,WR,LAC,2.42,3.06,3.7,2026-10-10T04:11:44+00:00,false,team_week
2026,2,824,QB,PIT,0.0,0.0,0.0,2026-10-10T04:11:44+00:00,false,team_week
2026,2,842,QB,SEA,0.0,0.0,0.0,2026-10-10T04:11:44+00:00,false,team_week
2026,2,855,WR,PHI,0.0,0.0,0.0,2026-10-10T04:11:44+00:00,false,team_week
2026,2,856,TE,WAS,0.0,0.0,0.0,2026-10-10T04:11:44+00:00,false,team_week
2026,2,868,RB,NYJ,0.0,0.0,0.0,2026-10-10T04:11:44+00:00,false,team_week
2026,2,869,QB,BUF,22.92,22.92,22.92,2026-10-10T04:11:44+00:00,false,team_week
2026,2,880,RB,KC,0.0,0.0,0.0,2026-10-10T04:11:44+00:00,false,team_week
2026,2,885,WR,PIT,10.27,12.55,14.84,2026-10-10T04:11:44+00:00,false,team_week
2026,2,889,WR,NO,0.0,0.0,0.0,2026-10-10T04:11:44+00:00,false,team_week
2026,2,890,TE,NYG,3.68,5.24,6.8,2026-10-10T04:11:44+00:00,false,team_week
2026,2,902,WR,MIN,5.45,7.04,8.62,2026-10-10T04:11:44+00:00,false,team_week
2026,2,914,RB,PIT,0.38,0.52,0.65,2026-10-10T12:40:28+00:00,false,team_week
2026,2,917,RB,ATL,5.84,6.48,7.11,2026-10-10T04:11:44+00:00,false,team_week
2026,2,920,TE,IND,0.0,0.0,0.0,2026-10-10T04:11:44+00:00,false,team_week
2026,2,959,RB,NO,0.41,0.54,0.66,2026-10-10T04:11:44+00:00,false,team_week
2026,2,992,WR,NO,5.88,7.1,8.32,2026-10-10T04:11:44+00:00,false,team_week
2026,2,999,WR,HOU,0.29,0.39,0.49,2026-10-10T04:11:44+00:00,false,team_week
2026,2,1004,RB,TEN,0.0,0.0,0.0,2026-10-10T04:11:44+00:00,false,team_week
2026,2,1014,TE,IND,0.91,1.24,1.57,2026-10-10T04:11:44+00:00,false,team_week
2026,2,1028,QB,NYG,16.05,16.05,16.05,2026-10-10T04:11:44+00:00,false,team_week
2026,2,1029,WR,TEN,0.0,0.0,0.0,2026-10-10T04:11:44+00:00,false,team_week
2026,2,1032,RB,WAS,5.65,5.91,6.17,2026-10-10T04:11:44+00:00,false,team_week
2026,2,1059,TE,IND,0.0,0.0,0.0,2026-10-10T04:11:44+00:00,false,team_week
2026,2,1061,WR,PIT,0.0,0.0,0.0,2026-10-10T04:11:44+00:00,false,team_week
2026,2,1063,RB,LA,12.2,13.36,14.53,2026-10-10T04:11:44+00:00,false,team_week
2026,2,1068,TE,NYJ,0.52,0.77,1.01,2026-10-10T04:11:44+00:00,false,team_week
2026,2,1079,TE,NYG,0.77,1.12,1.47,2026-10-10T04:11:44+00:00,false,team_week
2026,2,1094,TE,BAL,1.08,1.4,1.73,2026-10-10T04:11:44+00:00,false,team_week
2026,2,1095,RB,SEA,14.97,16.42,17.88,2026-10-10T04:11:44+00:00,false,team_week
2026,2,1106,QB,GB,14.72,14.72,14.72,2026-10-10T04:11:44+00:00,false,team_week
2026,2,1107,RB,NYJ,12.94,14.42,15.9,2026-10-10T04:11:44+00:00,false,team_week
2026,2,1110,RB,BUF,15.62,17.2,18.77,2026-10-10T04:11:44+00:00,false,team_week
2026,2,1121,WR,KC,7.65,9.35,11.04,2026-10-10T04:11:44+00:00,false,team_week
2026,2,1131,QB,CHI,0.0,0.0,0.0,2026-10-10T04:11:44+00:00,false,team_week
2026,2,1138,QB,PHI,0.0,0.0,0.0,2026-10-10T04:11:44+00:00,false,team_week
2026,2,1145,QB,NYG,0.0,0.0,0.0,2026-10-10T04:11:44+00:00,false,team_week
2026,2,1152,WR,KC,0.0,0.0,0.0,2026-10-10T04:11:44+00:00,false,team_week
2026,2,1157,QB,IND,0.0,0.0,0.0,2026-10-10T04:11:44+00:00,false,team_week
2026,2,1164,RB,BAL,6.39,7.22,8.04,2026-10-10T04:11:44+00:00,false,team_week
2026,2,1179,TE,DAL,0.35,0.46,0.58,2026-10-10T04:11:44+00:00,false,team_week
2026,2,1186,TE,TEN,0.3,0.41,0.52,2026-10-10T04:11:44+00:00,false,team_week
2026,2,1198,RB,JAX,3.13,3.24,3.35,2026-10-10T04:11:44+00:00,false,team_week
2026,2,1200,RB,NO,0.0,0.0,0.0,2026-10-10T04:11:44+00:00,false,team_week
2026,2,1205,WR,ARI,5.85,7.92,9.99,2026-10-10T04:11:44+00:00,false,team_week
2026,2,1214,WR,NE,4.87,6.36,7.85,2026-10-10T04:11:44+00:00,false,team_week
2026,2,1218,RB,WAS,4.4,4.65,4.9,2026-10-10T04:11:44+00:00,false,team_week
2026,2,1221,WR,NE,6.52,8.18,9.84,2026-10-10T04:11:44+00:00,false,team_week
2026,2,1224,WR,DAL,0.0,0.0,0.0,2026-10-10T04:11:44+00:00,false,team_week
2026,2,1234,WR,HOU,6.24,7.83,9.42,2026-10-10T04:11:44+00:00,false,team_week
2026,2,1245,TE,MIA,0.0,0.0,0.0,2026-10-10T04:11:44+00:00,false,team_week
2026,2,1267,WR,BUF,0.0,0.0,0.0,2026-10-10T04:11:44+00:00,false,team_week
2026,2,1270,RB,DAL,1.12,1.38,1.64,2026-10-10T04:11:44+00:00,false,team_week
2026,2,1273,RB,DEN,0.85,1.23,1.61,2026-10-10T04:11:44+00:00,false,team_week
2026,2,1282,TE,DEN,0.72,0.96,1.21,2026-10-10T04:11:44+00:00,false,team_week
2026,2,1283,WR,WAS,0.32,0.42,0.52,2026-10-10T04:11:44+00:00,false,team_week
2026,2,1285,QB,DAL,20.22,20.22,20.22,2026-10-10T04:11:44+00:00,false,team_week
2026,2,1311,QB,CIN,16.71,16.71,16.71,2026-10-10T04:11:44+00:00,false,team_week
2026,2,1328,RB,CLE,0.0,0.0,0.0,2026-10-10T04:11:44+00:00,false,team_week
2026,2,1335,WR,DEN,0.0,0.0,0.0,2026-10-10T04:11:44+00:00,false,team_week
2026,2,1338,WR,WAS,3.87,4.96,6.05,2026-10-10T04:11:44+00:00,false,team_week
2026,2,1342,WR,IND,5.19,7.3,9.41,2026-10-10T04:11:44+00:00,false,team_week
2026,2,1344,WR,MIN,6.98,8.79,10.6,2026-10-10T04:11:44+00:00,false,team_week
2026,2,1352,TE,ARI,0.51,0.75,0.99,2026-10-10T04:11:44+00:00,false,team_week
2026,2,1354,TE,GB,6.31,8.46,10.61,2026-10-10T04:11:44+00:00,false,team_week
2026,2,1369,TE,LA,1.45,1.93,2.4,2026-10-10T04:11:44+00:00,false,team_week
2026,2,1370,WR,LA,0.0,0.0,0.0,2026-10-10T04:11:44+00:00,false,team_week
2026,2,1372,QB,LA,0.0,0.0,0.0,2026-10-10T04:11:44+00:00,false,team_week
2026,2,1377,TE,GB,0.0,0.0,0.0,2026-10-10T04:11:44+00:00,false,team_week
2026,2,1381,WR,BAL,0.0,0.0,0.0,2026-10-10T04:11:44+00:00,false,team_week
2026,2,1382,TE,LV,5.35,7.69,10.02,2026-10-10T04:11:44+00:00,false,team_week
2026,2,1439,RB,LV,0.0,0.0,0.0,2026-10-10T04:11:44+00:00,false,team_week
2026,2,1459,WR,CAR,3.68,4.64,5.61,2026-10-10T04:11:44+00:00,false,team_week
2026,2,1464,WR,WAS,0.0,0.0,0.0,2026-10-10T04:11:44+00:00,false,team_week
2026,2,1469,RB,DET,4.6,5.12,5.65,2026-10-10T04:11:44+00:00,false,team_week
2026,2,1472,RB,SF,0.0,0.0,0.0,2026-10-10T04:11:44+00:00,false,team_week
2026,2,1483,RB,NYG,0.39,0.39,0.39,2026-10-10T04:11:44+00:00,false,team_week
2026,2,1485,QB,SF,0.0,0.0,0.0,2026-10-10T04:11:44+00:00,false,team_week
2026,2,1502,WR,DAL,4.77,6.09,7.42,2026-10-10T04:11:44+00:00,false,team_week
2026,2,1513,WR,DEN,5.62,7.56,9.5,2026-10-10T04:11:44+00:00,false,team_week
2026,2,1516,RB,BAL,5.39,6.54,7.69,2026-10-10T04:11:44+00:00,false,team_week
2026,2,1532,RB,BUF,1.4,1.63,1.86,2026-10-10T04:11:44+00:00,false,team_week
2026,2,1541,WR,TEN,1.42,1.84,2.26,2026-10-10T04:11:44+00:00,false,team_week
2026,2,1567,WR,ARI,0.0,0.0,0.0,2026-10-10T04:11:44+00:00,false,team_week
2026,2,1589,WR,NO,0.0,0.0,0.0,2026-10-10T04:11:44+00:00,false,team_week
2026,2,1613,WR,CIN,2.99,3.9,4.81,2026-10-10T04:11:44+00:00,false,team_week
2026,2,1649,TE,ARI,0.0,0.0,0.0,2026-10-10T04:11:44+00:00,false,team_week
2026,2,1663,RB,LA,8.93,9.32,9.72,2026-10-10T04:11:44+00:00,false,team_week
2026,2,1666,QB,DEN,18.74,18.74,18.74,2026-10-10T04:11:44+00:00,false,team_week
2026,2,1672,WR,LA,0.0,0.0,0.0,2026-10-10T04:11:44+00:00,false,team_week
2026,2,1699,TE,SEA,4.05,5.32,6.59,2026-10-10T04:11:44+00:00,false,team_week
2026,2,1708,WR,SF,0.0,0.0,0.0,2026-10-10T04:11:44+00:00,false,team_week
2026,2,1710,WR,IND,0.0,0.0,0.0,2026-10-10T04:11:44+00:00,false,team_week
2026,2,1726,WR,ARI,6.03,7.68,9.33,2026-10-10T04:11:44+00:00,false,team_week
2026,2,1728,RB,MIA,1.79,1.91,2.02,2026-10-10T04:11:44+00:00,false,team_week
2026,2,1730,QB,NE,18.68,18.68,18.68,2026-10-10T04:11:44+00:00,false,team_week
2026,2,1742,WR,IND,6.25,7.67,9.1,2026-10-10T04:11:44+00:00,false,team_week
2026,2,1743,QB,MIN,0.0,0.0,0.0,2026-10-10T04:11:44+00:00,false,team_week
2026,2,1749,WR,JAX,6.45,8.1,9.75,2026-10-10T04:11:44+00:00,false,team_week
2026,2,1760,QB,CHI,19.7,19.7,19.7,2026-10-10T04:11:44+00:00,false,team_week
2026,2,1761,QB,WAS,20.04,20.04,20.04,2026-10-10T04:11:44+00:00,false,team_week
2026,2,1763,RB,ARI,0.0,0.0,0.0,2026-10-10T04:11:44+00:00,false,team_week
2026,2,1765,QB,ATL,0.0,0.0,0.0,2026-10-10T04:11:44+00:00,false,team_week
2026,2,1768,RB,BUF,2.78,3.01,3.25,2026-10-10T04:11:44+00:00,false,team_week
2026,2,1793,QB,PHI,0.0,0.0,0.0,2026-10-10T04:11:44+00:00,false,team_week
2026,2,1813,TE,KC,2.09,2.83,3.56,2026-10-10T04:11:44+00:00,false,team_week
2026,2,1833,WR,MIA,4.32,5.89,7.47,2026-10-10T04:11:44+00:00,false,team_week
2026,2,1835,TE,KC,0.32,0.42,0.53,2026-10-10T04:11:44+00:00,false,team_week
2026,2,1843,RB,KC,0.0,0.0,0.0,2026-10-10T04:11:44+00:00,false,team_week
2026,2,1846,WR,NE,3.14,3.88,4.61,2026-10-10T04:11:44+00:00,false,team_week
2026,2,1856,WR,HOU,0.0,0.0,0.0,2026-10-10T04:11:44+00:00,false,team_week
2026,2,1860,TE,IND,6.66,9.04,11.42,2026-10-10T04:11:44+00:00,false,team_week
2026,2,1865,WR,WAS,1.23,1.61,1.99,2026-10-10T04:11:44+00:00,false,team_week
2026,2,1866,TE,CAR,0.98,1.3,1.62,2026-10-10T04:11:44+00:00,false,team_week
2026,2,1873,WR,LAC,0.45,0.55,0.65,2026-10-10T04:11:44+00:00,false,team_week
2026,2,1885,TE,LAC,2.54,3.29,4.04,2026-10-10T04:11:44+00:00,false,team_week
2026,2,1889,WR,MIN,2.76,3.58,4.41,2026-10-10T04:11:44+00:00,false,team_week
2026,2,1891,RB,MIA,1.7,1.81,1.93,2026-10-10T04:11:44+00:00,false,team_week
2026,2,1905,QB,LV,0.0,0.0,0.0,2026-10-10T04:11:44+00:00,false,team_week
2026,2,1909,RB,JAX,1.11,1.61,2.11,2026-10-10T04:11:44+00:00,false,team_week
2026,2,1915,QB,DAL,0.0,0.0,0.0,2026-10-10T04:11:44+00:00,false,team_week
2026,2,1921,RB,WAS,9.11,9.71,10.31,2026-10-10T04:11:44+00:00,false,team_week
2026,2,1922,QB,HOU,0.0,0.0,0.0,2026-10-10T04:11:44+00:00,false,team_week
2026,2,1934,RB,TB,5.34,6.44,7.55,2026-10-10T04:11:44+00:00,false,team_week
2026,2,1945,TE,CLE,0.95,1.37,1.79,2026-10-10T04:11:44+00:00,false,team_week
2026,2,1970,TE,ATL,6.08,8.23,10.39,2026-10-10T04:11:44+00:00,false,team_week
2026,2,1997,TE,SF,0.0,0.0,0.0,2026-10-10T04:11:44+00:00,false,team_week
2026,2,2000,QB,NYJ,0.0,0.0,0.0,2026-10-10T04:11:44+00:00,false,team_week
2026,2,2023,WR,MIN,1.01,1.33,1.64,2026-10-10T04:11:44+00:00,false,team_week
2026,2,2028,WR,BUF,6.2,8.29,10.37,2026-10-10T04:11:44+00:00,false,team_week
2026,2,2030,RB,CLE,2.38,2.97,3.56,2026-10-10T04:11:44+00:00,false,team_week
2026,2,2057,WR,NE,0.0,0.0,0.0,2026-10-10T04:11:44+00:00,false,team_week
2026,2,2060,QB,MIN,0.0,0.0,0.0,2026-10-10T04:11:44+00:00,false,team_week
2026,2,2070,WR,LV,0.0,0.0,0.0,2026-10-10T04:11:44+00:00,false,team_week
2026,2,2075,WR,LA,3.52,4.42,5.31,2026-10-10T04:11:44+00:00,false,team_week
2026,2,2089,WR,SEA,0.0,0.0,0.0,2026-10-10T04:11:44+00:00,false,team_week
2026,2,2097,QB,NO,0.0,0.0,0.0,2026-10-10T04:11:44+00:00,false,team_week
2026,2,2105,RB,LAC,13.48,14.69,15.9,2026-10-10T04:11:44+00:00,false,team_week
2026,2,2110,WR,CIN,0.0,0.0,0.0,2026-10-10T04:11:44+00:00,false,team_week
2026,2,2113,TE,CLE,5.49,7.79,10.09,2026-10-10T04:11:44+00:00,false,team_week
2026,2,2114,WR,JAX,1.7,2.21,2.72,2026-10-10T04:11:44+00:00,false,team_week
2026,2,2126,WR,GB,7.04,8.97,10.91,2026-10-10T04:11:44+00:00,false,team_week
2026,2,2130,WR,DET,3.27,4.12,4.98,2026-10-10T04:11:44+00:00,false,team_week
2026,2,2140,WR,CHI,8.22,10.36,12.5,2026-10-10T04:11:44+00:00,false,team_week
2026,2,2142,TE,LA,4.9,6.19,7.47,2026-10-10T04:11:44+00:00,false,team_week
2026,2,2181,RB,LV,3.58,3.72,3.86,2026-10-10T04:11:44+00:00,false,team_week
2026,2,2182,TE,BAL,0.64,0.84,1.04,2026-10-10T04:11:44+00:00,false,team_week
2026,2,2188,WR,CLE,0.24,0.33,0.42,2026-10-10T04:11:44+00:00,false,team_week
2026,2,2190,WR,CIN,0.61,0.72,0.83,2026-10-10T04:11:44+00:00,false,team_week
2026,2,2195,TE,TB,0.31,0.42,0.53,2026-10-10T04:11:44+00:00,false,team_week
2026,2,2221,WR,NYJ,0.0,0.0,0.0,2026-10-10T04:11:44+00:00,false,team_week
2026,2,2227,RB,DET,19.9,22.06,24.22,2026-10-10T04:11:44+00:00,false,team_week
2026,2,2244,QB,IND,0.0,0.0,0.0,2026-10-10T04:11:44+00:00,false,team_week
2026,2,2250,TE,NYJ,4.81,6.47,8.12,2026-10-10T04:11:44+00:00,false,team_week
2026,2,2251,WR,CIN,0.33,0.44,0.55,2026-10-10T04:11:44+00:00,false,team_week
2026,2,2258,WR,CAR,0.0,0.0,0.0,2026-10-10T04:11:44+00:00,false,team_week
2026,2,2259,WR,TB,3.56,4.51,5.46,2026-10-10T04:11:44+00:00,false,team_week
2026,2,2261,RB,SF,7.69,8.03,8.37,2026-10-10T04:11:44+00:00,false,team_week
2026,2,2269,WR,NO,0.0,0.0,0.0,2026-10-10T04:11:44+00:00,false,team_week
2026,2,2270,WR,ARI,0.0,0.0,0.0,2026-10-10T04:11:44+00:00,false,team_week
2026,2,2271,RB,MIN,0.25,0.38,0.51,2026-10-10T04:11:44+00:00,false,team_week
2026,2,2275,WR,CLE,5.67,7.58,9.48,2026-10-10T04:11:44+00:00,false,team_week
2026,2,2279,WR,NYG,9.64,12.31,14.98,2026-10-10T04:11:44+00:00,false,team_week
2026,2,2282,WR,TEN,4.11,5.26,6.42,2026-10-10T04:11:44+00:00,false,team_week
2026,2,2284,TE,NO,2.61,3.47,4.34,2026-10-10T04:11:44+00:00,false,team_week
2026,2,2290,WR,GB,6.32,8.17,10.02,2026-10-10T04:11:44+00:00,false,team_week
2026,2,2304,RB,MIN,2.86,2.99,3.12,2026-10-10T04:11:44+00:00,false,team_week
2026,2,2351,QB,TB,0.0,0.0,0.0,2026-10-10T04:11:44+00:00,false,team_week
2026,2,2365,RB,NO,1.17,1.3,1.42,2026-10-10T04:11:44+00:00,false,team_week
2026,2,2404,WR,PIT,0.79,1.09,1.39,2026-10-10T04:11:44+00:00,false,team_week
2026,2,2411,TE,TB,0.31,0.42,0.53,2026-10-10T04:11:44+00:00,false,team_week
2026,2,2414,WR,LA,0.0,0.0,0.0,2026-10-10T04:11:44+00:00,false,team_week
2026,2,2446,WR,BUF,0.0,0.0,0.0,2026-10-10T04:11:44+00:00,false,team_week
2026,2,2449,WR,HOU,0.0,0.0,0.0,2026-10-10T04:11:44+00:00,false,team_week
2026,2,2457,WR,MIA,5.78,7.62,9.45,2026-10-10T04:11:44+00:00,false,team_week
2026,2,2458,RB,PIT,0.0,0.0,0.0,2026-10-10T04:11:44+00:00,false,team_week
2026,2,2461,RB,SEA,11.53,12.41,13.28,2026-10-10T04:11:44+00:00,false,team_week
2026,2,2463,WR,PIT,3.35,4.5,5.65,2026-10-10T04:11:44+00:00,false,team_week
2026,2,2466,TE,LA,0.0,0.0,0.0,2026-10-10T04:11:44+00:00,false,team_week
2026,2,2467,WR,NYJ,0.0,0.0,0.0,2026-10-10T04:11:44+00:00,false,team_week
2026,2,2468,WR,CLE,6.04,7.76,9.47,2026-10-10T04:11:44+00:00,false,team_week
2026,2,2476,WR,MIA,2.51,3.41,4.3,2026-10-10T04:11:44+00:00,false,team_week
2026,2,2491,QB,LA,0.0,0.0,0.0,2026-10-10T04:11:44+00:00,false,team_week
2026,2,2497,WR,TB,0.11,0.11,0.11,2026-10-10T04:11:44+00:00,false,team_week
2026,2,2499,QB,LV,0.0,0.0,0.0,2026-10-10T04:11:44+00:00,false,team_week
2026,2,2510,QB,ARI,0.0,0.0,0.0,2026-10-10T04:11:44+00:00,false,team_week
2026,2,2515,RB,GB,7.77,8.72,9.66,2026-10-10T04:11:44+00:00,false,team_week
2026,2,2518,QB,MIA,0.0,0.0,0.0,2026-10-10T04:11:44+00:00,false,team_week
2026,2,2527,TE,MIA,0.0,0.0,0.0,2026-10-10T04:11:44+00:00,false,team_week
2026,2,2534,QB,LA,18.44,18.44,18.44,2026-10-10T04:11:44+00:00,false,team_week
2026,2,2546,WR,LAC,1.17,1.43,1.7,2026-10-10T04:11:44+00:00,false,team_week
2026,2,2554,TE,MIA,0.0,0.0,0.0,2026-10-10T04:11:44+00:00,false,team_week
2026,2,2575,TE,MIN,5.13,7.35,9.58,2026-10-10T04:11:44+00:00,false,team_week
2026,2,2580,RB,NE,7.41,8.37,9.33,2026-10-10T04:11:44+00:00,false,team_week
2026,2,2587,RB,SEA,7.05,7.57,8.09,2026-10-10T04:11:44+00:00,false,team_week
2026,2,2605,WR,BAL,0.0,0.0,0.0,2026-10-10T04:11:44+00:00,false,team_week
2026,2,2606,RB,CHI,11.74,12.65,13.56,2026-10-10T04:11:44+00:00,false,team_week
2026,2,2608,QB,SEA,15.5,15.5,15.5,2026-10-10T04:11:44+00:00,false,team_week
2026,2,2609,RB,ARI,0.0,0.0,0.0,2026-10-10T04:11:44+00:00,false,team_week
2026,2,2613,QB,MIA,0.0,0.0,0.0,2026-10-10T04:11:44+00:00,false,team_week
2026,2,2614,RB,NYG,4.33,5.59,6.85,2026-10-10T04:11:44+00:00,false,team_week
2026,2,2634,WR,LAC,9.57,12.03,14.49,2026-10-10T04:11:44+00:00,false,team_week
2026,2,2677,WR,CHI,8.74,10.22,11.7,2026-10-10T04:11:44+00:00,false,team_week
2026,2,2698,TE,CIN,1.22,1.73,2.25,2026-10-10T04:11:44+00:00,false,team_week
2026,2,2700,WR,TEN,0.0,0.0,0.0,2026-10-10T04:11:44+00:00,false,team_week
2026,2,2730,WR,CIN,11.9,15.49,19.08,2026-10-10T04:11:44+00:00,false,team_week
2026,2,2756,WR,DET,8.45,10.39,12.34,2026-10-10T04:11:44+00:00,false,team_week
2026,2,2772,WR,GB,5.76,7.21,8.66,2026-10-10T04:11:44+00:00,false,team_week
2026,2,2791,TE,CIN,3.78,5.16,6.55,2026-10-10T04:11:44+00:00,false,team_week
2026,2,2795,TE,SF,6.94,8.72,10.5,2026-10-10T04:11:44+00:00,false,team_week
2026,2,2803,RB,BAL,0.21,0.32,0.43,2026-10-10T04:11:44+00:00,false,team_week
2026,2,2807,WR,CHI,4.73,6.75,8.77,2026-10-10T04:11:44+00:00,false,team_week
2026,2,2821,RB,SF,0.0,0.0,0.0,2026-10-10T04:11:44+00:00,false,team_week
2026,2,2837,TE,NE,1.86,2.52,3.17,2026-10-10T04:11:44+00:00,false,team_week
2026,2,2843,TE,CAR,2.52,3.4,4.28,2026-10-10T04:11:44+00:00,false,team_week
2026,2,2849,TE,NYG,1.71,2.31,2.91,2026-10-10T04:11:44+00:00,false,team_week
2026,2,2853,RB,NYJ,6.14,7.02,7.9,2026-10-10T04:11:44+00:00,false,team_week
2026,2,2862,WR,NYJ,9.78,12.87,15.96,2026-10-10T04:11:44+00:00,false,team_week
2026,2,2870,RB,CIN,0.0,0.0,0.0,2026-10-10T04:11:44+00:00,false,team_week
2026,2,2877,TE,JAX,1.74,2.42,3.1,2026-10-10T04:11:44+00:00,false,team_week
2026,2,2883,RB,DEN,2.31,3.2,4.08,2026-10-10T04:11:44+00:00,false,team_week
2026,2,2893,WR,DEN,1.16,1.47,1.79,2026-10-10T04:11:44+00:00,false,team_week
2026,2,2901,RB,HOU,6.04,6.9,7.76,2026-10-10T04:11:44+00:00,false,team_week
2026,2,2919,RB,HOU,0.15,0.15,0.15,2026-10-10T04:11:44+00:00,false,team_week
2026,2,2929,WR,LA,4.44,5.7,6.96,2026-10-10T04:11:44+00:00,false,team_week
2026,2,2945,RB,DEN,0.0,0.0,0.0,2026-10-10T04:11:44+00:00,false,team_week
2026,2,2955,TE,LA,0.53,0.76,0.99,2026-10-10T04:11:44+00:00,false,team_week
2026,2,2976,WR,JAX,0.0,0.0,0.0,2026-10-10T04:11:44+00:00,false,team_week
2026,2,3007,QB,HOU,0.0,0.0,0.0,2026-10-10T04:11:44+00:00,false,team_week
2026,2,3015,RB,BUF,0.23,0.35,0.47,2026-10-10T04:11:44+00:00,false,team_week
2026,2,3021,WR,JAX,0.3,0.39,0.48,2026-10-10T04:11:44+00:00,false,team_week
2026,2,3024,RB,CAR,0.0,0.0,0.0,2026-10-10T04:11:44+00:00,false,team_week
2026,2,3033,TE,HOU,0.33,0.46,0.58,2026-10-10T04:11:44+00:00,false,team_week
2026,2,3037,WR,NYG,0.0,0.0,0.0,2026-10-10T04:11:44+00:00,false,team_week
2026,2,3056,RB,LV,0.49,0.77,1.04,2026-10-10T04:11:44+00:00,false,team_week
2026,2,3070,RB,TEN,9.31,10.28,11.25,2026-10-10T04:11:44+00:00,false,team_week
2026,2,3077,RB,HOU,0.0,0.0,0.0,2026-10-10T04:11:44+00:00,false,team_week
2026,2,3082,WR,TB,9.1,11.05,13.0,2026-10-10T04:11:44+00:00,false,team_week
2026,2,3116,WR,LV,6.33,8.1,9.88,2026-10-10T04:11:44+00:00,false,team_week
2026,2,3120,WR,NYJ,1.58,1.99,2.4,2026-10-10T04:11:44+00:00,false,team_week
2026,2,3124,WR,BAL,4.09,4.97,5.84,2026-10-10T04:11:44+00:00,false,team_week
2026,2,3127,TE,TB,3.62,4.9,6.18,2026-10-10T04:11:44+00:00,false,team_week
2026,2,3133,TE,ARI,8.03,11.26,14.49,2026-10-10T04:11:44+00:00,false,team_week
2026,2,3139,TE,NE,5.78,7.58,9.37,2026-10-10T04:11:44+00:00,false,team_week
2026,2,3147,WR,WAS,4.55,5.55,6.56,2026-10-10T04:11:44+00:00,false,team_week
2026,2,3161,TE,DET,1.32,1.83,2.33,2026-10-10T04:11:44+00:00,false,team_week
2026,2,3162,WR,NO,2.82,3.7,4.58,2026-10-10T04:11:44+00:00,false,team_week
2026,2,3166,TE,DAL,1.46,1.92,2.39,2026-10-10T04:11:44+00:00,false,team_week
2026,2,3167,RB,CLE,9.93,10.97,12.01,2026-10-10T04:11:44+00:00,false,team_week
2026,2,3189,RB,SF,16.98,19.26,21.53,2026-10-10T04:11:44+00:00,false,team_week
2026,2,3196,RB,LAC,1.04,1.27,1.49,2026-10-10T04:11:44+00:00,false,team_week
2026,2,3203,TE,BAL,0.32,0.42,0.52,2026-10-10T04:11:44+00:00,false,team_week
2026,2,3215,TE,CIN,0.33,0.45,0.57,2026-10-10T04:11:44+00:00,false,team_week
2026,2,3225,QB,JAX,16.23,16.23,16.23,2026-10-10T04:11:44+00:00,false,team_week
2026,2,3226,QB,NYG,18.48,18.48,18.48,2026-10-10T04:11:44+00:00,false,team_week
2026,2,3242,RB,IND,1.91,2.3,2.69,2026-10-10T04:11:44+00:00,false,team_week
2026,2,3247,WR,SEA,12.03,15.29,18.56,2026-10-10T04:11:44+00:00,false,team_week
2026,2,3251,RB,NYJ,0.0,0.0,0.0,2026-10-10T04:11:44+00:00,false,team_week
2026,2,3253,WR,MIA,7.74,9.98,12.22,2026-10-10T04:11:44+00:00,false,team_week
2026,2,3257,WR,CHI,1.03,1.3,1.57,2026-10-10T04:11:44+00:00,false,team_week
2026,2,3258,WR,TEN,0.86,1.06,1.25,2026-10-10T04:11:44+00:00,false,team_week
2026,2,3259,TE,JAX,3.81,5.45,7.1,2026-10-10T04:11:44+00:00,false,team_week
2026,2,3262,TE,NYG,0.28,0.39,0.5,2026-10-10T04:11:44+00:00,false,team_week
2026,2,3270,RB,WAS,1.72,1.84,1.96,2026-10-10T04:11:44+00:00,false,team_week
2026,2,3279,TE,BUF,6.45,8.45,10.46,2026-10-10T04:11:44+00:00,false,team_week
2026,2,3289,WR,DET,12.58,16.51,20.44,2026-10-10T04:11:44+00:00,false,team_week
2026,2,3298,WR,KC,1.33,1.69,2.05,2026-10-10T04:11:44+00:00,false,team_week
2026,2,3315,WR,NYG,3.9,5.03,6.17,2026-10-10T04:11:44+00:00,false,team_week
2026,2,3364,RB,LV,13.58,16.0,18.43,2026-10-10T04:11:44+00:00,false,team_week
2026,2,3365,WR,DAL,0.36,0.45,0.53,2026-10-10T04:11:44+00:00,false,team_week
2026,2,3366,QB,IND,0.0,0.0,0.0,2026-10-10T04:11:44+00:00,false,team_week
2026,2,3376,RB,GB,9.83,10.53,11.23,2026-10-10T04:11:44+00:00,false,team_week
2026,2,3378,QB,NYJ,0.0,0.0,0.0,2026-10-10T04:11:44+00:00,false,team_week
2026,2,3388,RB,NYJ,0.0,0.0,0.0,2026-10-10T04:11:44+00:00,false,team_week
2026,2,3399,WR,HOU,5.71,7.32,8.94,2026-10-10T04:11:44+00:00,false,team_week
2026,2,3428,TE,CIN,1.41,2.07,2.72,2026-10-10T04:11:44+00:00,false,team_week
2026,2,3435,WR,PIT,1.13,1.57,2.01,2026-10-10T04:11:44+00:00,false,team_week
2026,2,3442,QB,GB,16.26,16.26,16.26,2026-10-10T04:11:44+00:00,false,team_week
2026,2,3446,RB,MIA,0.57,0.8,1.04,2026-10-10T04:11:44+00:00,false,team_week
2026,2,3448,WR,MIA,0.0,0.0,0.0,2026-10-10T04:11:44+00:00,false,team_week
2026,2,3459,RB,TEN,5.92,7.3,8.68,2026-10-10T04:11:44+00:00,false,team_week
2026,2,3480,RB,BAL,0.0,0.0,0.0,2026-10-10T04:11:44+00:00,false,team_week
2026,2,3482,RB,CHI,8.36,9.09,9.82,2026-10-10T04:11:44+00:00,false,team_week
2026,2,3514,QB,DET,0.0,0.0,0.0,2026-10-10T04:11:44+00:00,false,team_week
2026,2,3524,WR,NO,0.78,0.98,1.17,2026-10-10T04:11:44+00:00,false,team_week
2026,2,3536,RB,KC,5.08,5.79,6.5,2026-10-10T04:11:44+00:00,false,team_week
2026,2,3541,QB,ATL,12.61,12.61,12.61,2026-10-10T04:11:44+00:00,false,team_week
2026,2,3550,TE,DAL,5.77,7.72,9.68,2026-10-10T04:11:44+00:00,false,team_week
2026,2,3561,WR,PHI,0.0,0.0,0.0,2026-10-10T04:11:44+00:00,false,team_week
2026,2,3562,RB,CAR,7.1,7.9,8.71,2026-10-10T04:11:44+00:00,false,team_week
2026,2,3578,WR,SEA,1.41,1.74,2.08,2026-10-10T04:11:44+00:00,false,team_week
2026,2,3580,RB,CLE,0.0,0.0,0.0,2026-10-10T04:11:44+00:00,false,team_week
2026,2,3593,TE,BAL,6.63,8.82,11.0,2026-10-10T04:11:44+00:00,false,team_week
2026,2,3594,QB,KC,18.4,18.4,18.4,2026-10-10T04:11:44+00:00,false,team_week
2026,2,3602,QB,CLE,0.0,0.0,0.0,2026-10-10T04:11:44+00:00,false,team_week
2026,2,3604,TE,ATL,1.04,1.51,1.98,2026-10-10T04:11:44+00:00,false,team_week
2026,2,3605,TE,TEN,4.24,5.94,7.65,2026-10-10T04:11:44+00:00,false,team_week
2026,2,3606,WR,BAL,7.17,8.75,10.33,2026-10-10T04:11:44+00:00,false,team_week
2026,2,3615,WR,CIN,2.73,3.75,4.76,2026-10-10T04:11:44+00:00,false,team_week
2026,2,3620,TE,PHI,0.0,0.0,0.0,2026-10-10T04:11:44+00:00,false,team_week
2026,2,3630,WR,WAS,3.35,4.25,5.15,2026-10-10T04:11:44+00:00,false,team_week
2026,2,3648,WR,DAL,0.0,0.0,0.0,2026-10-10T04:11:44+00:00,false,team_week
2026,2,3651,QB,LAC,19.72,19.72,19.72,2026-10-10T04:11:44+00:00,false,team_week
2026,2,3659,WR,NE,3.29,4.63,5.97,2026-10-10T04:11:44+00:00,false,team_week
2026,2,3662,TE,NYJ,2.44,3.49,4.54,2026-10-10T04:11:44+00:00,false,team_week
2026,2,3664,RB,NYG,11.26,12.09,12.92,2026-10-10T04:11:44+00:00,false,team_week
2026,2,3672,TE,DET,6.66,8.96,11.26,2026-10-10T04:11:44+00:00,false,team_week
2026,2,3716,WR,KC,9.72,12.42,15.11,2026-10-10T04:11:44+00:00,false,team_week
2026,2,3721,WR,BAL,3.15,3.93,4.71,2026-10-10T04:11:44+00:00,false,team_week
2026,2,3728,TE,CAR,1.15,1.66,2.17,2026-10-10T04:11:44+00:00,false,team_week
2026,2,3736,WR,CHI,0.0,0.0,0.0,2026-10-10T04:11:44+00:00,false,team_week
2026,2,3780,TE,PHI,0.0,0.0,0.0,2026-10-10T04:11:44+00:00,false,team_week
2026,2,3782,WR,TB,4.65,5.84,7.03,2026-10-10T04:11:44+00:00,false,team_week
2026,2,3785,WR,CAR,0.0,0.0,0.0,2026-10-10T04:11:44+00:00,false,team_week
2026,2,3790,WR,GB,6.99,8.81,10.63,2026-10-10T04:11:44+00:00,false,team_week
2026,2,3792,QB,KC,17.2,17.2,17.2,2026-10-10T04:11:44+00:00,false,team_week
2026,2,3796,WR,SEA,1.29,1.73,2.18,2026-10-10T04:11:44+00:00,false,team_week
2026,2,3802,TE,JAX,4.59,6.31,8.02,2026-10-10T04:11:44+00:00,false,team_week
2026,2,3803,QB,NO,15.32,15.32,15.32,2026-10-10T04:11:44+00:00,false,team_week
2026,2,3806,QB,NYJ,0.0,0.0,0.0,2026-10-10T04:11:44+00:00,false,team_week
2026,2,3808,RB,ARI,0.0,0.0,0.0,2026-10-10T04:11:44+00:00,false,team_week
2026,2,3835,WR,BUF,3.67,4.44,5.21,2026-10-10T04:11:44+00:00,false,team_week
2026,2,3840,TE,JAX,0.0,0.0,0.0,2026-10-10T04:11:44+00:00,false,team_week
2026,2,3843,WR,GB,8.9,10.71,12.51,2026-10-10T04:11:44+00:00,false,team_week
2026,2,3855,WR,LAC,4.12,5.27,6.41,2026-10-10T04:11:44+00:00,false,team_week
2026,2,3862,RB,CIN,11.59,13.56,15.52,2026-10-10T04:11:44+00:00,false,team_week
2026,2,3863,WR,GB,0.31,0.4,0.49,2026-10-10T04:11:44+00:00,false,team_week
2026,2,3864,TE,SEA,1.82,2.41,3.0,2026-10-10T04:11:44+00:00,false,team_week
2026,2,3870,WR,BAL,0.26,0.36,0.46,2026-10-10T04:11:44+00:00,false,team_week
2026,2,3871,TE,CHI,7.41,9.42,11.43,2026-10-10T04:11:44+00:00,false,team_week
2026,2,3874,WR,LV,5.98,7.9,9.82,2026-10-10T04:11:44+00:00,false,team_week
2026,2,3889,TE,WAS,0.91,1.25,1.6,2026-10-10T12:40:28+00:00,false,team_week
2026,2,3890,TE,NE,0.27,0.39,0.51,2026-10-10T04:11:44+00:00,false,team_week
2026,2,3892,WR,MIN,11.74,15.06,18.38,2026-10-10T04:11:44+00:00,false,team_week
2026,2,3925,TE,CAR,0.0,0.0,0.0,2026-10-10T04:11:44+00:00,false,team_week
2026,2,3934,WR,SF,0.0,0.0,0.0,2026-10-10T04:11:44+00:00,false,team_week
2026,2,3939,TE,MIA,1.47,1.97,2.46,2026-10-10T04:11:44+00:00,false,team_week
2026,2,3942,WR,TB,9.73,11.78,13.83,2026-10-10T04:11:44+00:00,false,team_week
2026,2,3945,WR,LAC,7.01,8.48,9.95,2026-10-10T04:11:44+00:00,false,team_week
2026,2,3951,RB,TEN,0.0,0.0,0.0,2026-10-10T04:11:44+00:00,false,team_week
2026,2,3963,RB,PIT,0.22,0.35,0.48,2026-10-10T12:40:28+00:00,false,team_week
2026,2,3965,QB,CAR,16.91,16.91,16.91,2026-10-10T04:11:44+00:00,false,team_week
2026,2,3990,WR,MIA,4.24,5.62,6.99,2026-10-10T04:11:44+00:00,false,team_week
2026,2,3993,WR,NO,10.09,13.02,15.95,2026-10-10T04:11:44+00:00,false,team_week
2026,2,4000,TE,DET,0.0,0.0,0.0,2026-10-10T12:40:28+00:00,false,team_week
2026,2,4017,WR,TB,0.0,0.0,0.0,2026-10-10T04:11:44+00:00,false,team_week
2026,2,4021,WR,NYG,5.0,7.28,9.55,2026-10-10T04:11:44+00:00,false,team_week
2026,2,4023,RB,DEN,4.82,5.48,6.14,2026-10-10T04:11:44+00:00,false,team_week
2026,2,4026,WR,BAL,0.0,0.0,0.0,2026-10-10T04:11:44+00:00,false,team_week
2026,2,4035,WR,TEN,7.28,9.38,11.48,2026-10-10T04:11:44+00:00,false,team_week
2026,2,4048,RB,CAR,11.58,13.06,14.55,2026-10-10T04:11:44+00:00,false,team_week
2026,2,4079,RB,DAL,0.0,0.0,0.0,2026-10-10T04:11:44+00:00,false,team_week
2026,2,4086,WR,SF,0.0,0.0,0.0,2026-10-10T04:11:44+00:00,false,team_week
2026,2,4092,QB,PHI,0.0,0.0,0.0,2026-10-10T04:11:44+00:00,false,team_week
2026,2,4094,TE,PIT,2.55,3.62,4.7,2026-10-10T04:11:44+00:00,false,team_week
2026,2,4103,RB,PHI,1.52,1.85,2.18,2026-10-10T04:11:44+00:00,false,team_week
2026,2,4106,WR,IND,0.79,1.1,1.41,2026-10-10T04:11:44+00:00,false,team_week
2026,2,4109,TE,MIA,1.23,1.76,2.29,2026-10-10T04:11:44+00:00,false,team_week
2026,2,4130,TE,NO,0.3,0.41,0.53,2026-10-10T04:11:44+00:00,false,team_week
2026,2,4152,RB,GB,1.73,1.84,1.95,2026-10-10T04:11:44+00:00,false,team_week
2026,2,4158,QB,HOU,17.25,17.25,17.25,2026-10-10T04:11:44+00:00,false,team_week
2026,2,4164,WR,IND,7.3,9.18,11.06,2026-10-10T04:11:44+00:00,false,team_week
2026,2,4181,WR,HOU,0.0,0.0,0.0,2026-10-10T04:11:44+00:00,false,team_week
2026,2,4188,QB,WAS,0.0,0.0,0.0,2026-10-10T04:11:44+00:00,false,team_week
2026,2,4191,WR,HOU,3.2,4.15,5.1,2026-10-10T04:11:44+00:00,false,team_week
2026,2,4192,TE,KC,6.38,8.48,10.58,2026-10-10T04:11:44+00:00,false,team_week
2026,2,4196,WR,NYG,0.0,0.0,0.0,2026-10-10T04:11:44+00:00,false,team_week
2026,2,4203,QB,CLE,12.78,12.78,12.78,2026-10-10T04:11:44+00:00,false,team_week
2026,2,4204,QB,MIN,0.0,0.0,0.0,2026-10-10T04:11:44+00:00,false,team_week
2026,2,4207,WR,LV,1.97,2.61,3.25,2026-10-10T04:11:44+00:00,false,team_week
2026,2,4214,QB,BUF,0.0,0.0,0.0,2026-10-10T04:11:44+00:00,false,team_week
2026,2,4216,TE,DEN,1.44,1.9,2.36,2026-10-10T04:11:44+00:00,false,team_week
2026,2,4222,TE,NYG,3.73,4.92,6.11,2026-10-10T04:11:44+00:00,false,team_week
2026,2,4223,RB,LV,0.0,0.0,0.0,2026-10-10T04:11:44+00:00,false,team_week
2026,2,4237,RB,MIA,13.07,15.14,17.21,2026-10-10T04:11:44+00:00,false,team_week
2026,2,4247,TE,TEN,0.0,0.0,0.0,2026-10-10T04:11:44+00:00,false,team_week
2026,2,4248,WR,LAC,0.0,0.0,0.0,2026-10-10T04:11:44+00:00,false,team_week
2026,2,4266,TE,CLE,0.0,0.0,0.0,2026-10-10T04:11:44+00:00,false,team_week
2026,2,4271,QB,JAX,0.0,0.0,0.0,2026-10-10T04:11:44+00:00,false,team_week
2026,2,4274,QB,PIT,0.0,0.0,0.0,2026-10-10T04:11:44+00:00,false,team_week
2026,2,4283,RB,DEN,0.33,0.46,0.58,2026-10-10T04:11:44+00:00,false,team_week
2026,2,4286,RB,TB,0.0,0.0,0.0,2026-10-10T04:11:44+00:00,false,team_week
2026,2,4296,TE,CHI,0.33,0.43,0.53,2026-10-10T04:11:44+00:00,false,team_week
2026,2,4305,WR,PHI,3.26,4.37,5.48,2026-10-10T04:11:44+00:00,false,team_week
2026,2,4316,TE,BUF,0.67,0.88,1.1,2026-10-10T04:11:44+00:00,false,team_week
2026,2,4338,WR,NE,0.0,0.0,0.0,2026-10-10T04:11:44+00:00,false,team_week
2026,2,4354,TE,CIN,0.0,0.0,0.0,2026-10-10T04:11:44+00:00,false,team_week
2026,2,4363,WR,WAS,0.0,0.0,0.0,2026-10-10T04:11:44+00:00,false,team_week
2026,2,4368,TE,NO,5.07,7.0,8.92,2026-10-10T04:11:44+00:00,false,team_week
2026,2,4369,WR,TB,0.54,0.63,0.73,2026-10-10T04:11:44+00:00,false,team_week
2026,2,4379,WR,SEA,8.08,10.15,12.23,2026-10-10T04:11:44+00:00,false,team_week
2026,2,4388,TE,WAS,2.45,3.32,4.19,2026-10-10T04:11:44+00:00,false,team_week
2026,2,4422,TE,HOU,1.33,1.81,2.29,2026-10-10T04:11:44+00:00,false,team_week
2026,2,4424,WR,KC,3.45,4.24,5.02,2026-10-10T04:11:44+00:00,false,team_week
2026,2,4437,WR,PHI,6.0,7.52,9.03,2026-10-10T04:11:44+00:00,false,team_week
2026,2,4450,QB,MIN,14.33,14.33,14.33,2026-10-10T04:11:44+00:00,false,team_week
2026,2,4474,WR,CIN,8.07,10.2,12.34,2026-10-10T04:11:44+00:00,false,team_week
2026,2,4485,TE,PHI,6.51,8.66,10.8,2026-10-10T04:11:44+00:00,false,team_week
2026,2,4490,RB,TB,1.49,1.49,1.49,2026-10-10T04:11:44+00:00,false,team_week
2026,2,4493,WR,HOU,0.0,0.0,0.0,2026-10-10T04:11:44+00:00,false,team_week
2026,2,4496,WR,PIT,4.93,6.65,8.37,2026-10-10T04:11:44+00:00,false,team_week
2026,2,4502,WR,KC,0.0,0.0,0.0,2026-10-10T04:11:44+00:00,false,team_week
2026,2,4542,WR,DAL,2.27,2.58,2.89,2026-10-10T04:11:44+00:00,false,team_week
2026,2,4551,WR,LV,3.96,5.42,6.88,2026-10-10T04:11:44+00:00,false,team_week
2026,2,4561,QB,SF,20.78,20.78,20.78,2026-10-10T04:11:44+00:00,false,team_week
2026,2,4566,WR,ATL,2.16,2.86,3.57,2026-10-10T04:11:44+00:00,false,team_week
2026,2,4571,WR,DEN,4.5,5.88,7.26,2026-10-10T04:11:44+00:00,false,team_week
2026,2,4573,WR,CAR,9.22,11.45,13.67,2026-10-10T04:11:44+00:00,false,team_week
2026,2,4581,WR,CAR,7.47,9.73,11.99,2026-10-10T04:11:44+00:00,false,team_week
2026,2,4589,RB,PIT,8.95,10.21,11.46,2026-10-10T04:11:44+00:00,false,team_week
2026,2,4597,RB,IND,0.0,0.0,0.0,2026-10-10T04:11:44+00:00,false,team_week
2026,2,4598,RB,SF,0.0,0.0,0.0,2026-10-10T04:11:44+00:00,false,team_week
2026,2,4602,RB,BUF,0.0,0.0,0.0,2026-10-10T04:11:44+00:00,false,team_week
2026,2,4612,TE,CLE,0.0,0.0,0.0,2026-10-10T04:11:44+00:00,false,team_week
2026,2,4614,RB,GB,0.0,0.0,0.0,2026-10-10T04:11:44+00:00,false,team_week
2026,2,4617,RB,SEA,0.0,0.0,0.0,2026-10-10T04:11:44+00:00,false,team_week
2026,2,4641,WR,KC,0.0,0.0,0.0,2026-10-10T04:11:44+00:00,false,team_week
2026,3,17,WR,DEN,2.11,2.62,3.13,2026-10-10T04:11:44+00:00,false,team_week
2026,3,28,QB,NYJ,14.73,14.73,14.73,2026-10-10T04:11:44+00:00,false,team_week
2026,3,30,RB,SF,1.51,2.07,2.62,2026-10-10T04:11:44+00:00,false,team_week
2026,3,35,WR,GB,0.0,0.0,0.0,2026-10-10T04:11:44+00:00,false,team_week
2026,3,51,TE,LV,8.14,11.16,14.19,2026-10-10T04:11:44+00:00,false,team_week
2026,3,53,WR,DET,0.0,0.0,0.0,2026-10-10T04:11:44+00:00,false,team_week
2026,3,65,RB,PIT,7.23,7.59,7.95,2026-10-10T04:11:44+00:00,false,team_week
2026,3,66,WR,NYJ,10.48,13.05,15.63,2026-10-10T04:11:44+00:00,false,team_week
2026,3,69,QB,CLE,14.99,14.99,14.99,2026-10-10T04:11:44+00:00,false,team_week
2026,3,71,WR,HOU,5.92,8.39,10.86,2026-10-10T04:11:44+00:00,false,team_week
2026,3,137,WR,LA,0.0,0.0,0.0,2026-10-10T04:11:44+00:00,false,team_week
2026,3,142,WR,DET,3.82,5.46,7.11,2026-10-10T04:11:44+00:00,false,team_week
2026,3,155,TE,MIN,2.35,3.13,3.91,2026-10-10T04:11:44+00:00,false,team_week
2026,3,164,RB,MIN,12.08,12.93,13.78,2026-10-10T04:11:44+00:00,false,team_week
2026,3,168,TE,LA,0.62,0.86,1.1,2026-10-10T04:11:44+00:00,false,team_week
2026,3,171,RB,ARI,9.69,11.27,12.85,2026-10-10T04:11:44+00:00,false,team_week
2026,3,175,WR,MIA,0.42,0.51,0.59,2026-10-10T04:11:44+00:00,false,team_week
2026,3,184,TE,SF,0.91,1.23,1.54,2026-10-10T04:11:44+00:00,false,team_week
2026,3,187,RB,KC,3.53,4.1,4.67,2026-10-10T04:11:44+00:00,false,team_week
2026,3,191,QB,DAL,0.0,0.0,0.0,2026-10-10T04:11:44+00:00,false,team_week
2026,3,202,TE,MIA,2.04,2.72,3.4,2026-10-10T04:11:44+00:00,false,team_week
2026,3,203,RB,NO,7.63,8.63,9.64,2026-10-10T04:11:44+00:00,false,team_week
2026,3,213,WR,TB,5.45,7.15,8.84,2026-10-10T04:11:44+00:00,false,team_week
2026,3,216,TE,NYJ,0.0,0.0,0.0,2026-10-10T04:11:44+00:00,false,team_week
2026,3,217,RB,ATL,15.22,17.44,19.66,2026-10-10T04:11:44+00:00,false,team_week
2026,3,243,WR,JAX,9.64,12.29,14.94,2026-10-10T04:11:44+00:00,false,team_week
2026,3,260,TE,HOU,6.22,8.62,11.03,2026-10-10T04:11:44+00:00,false,team_week
2026,3,261,QB,PIT,0.0,0.0,0.0,2026-10-10T04:11:44+00:00,false,team_week
2026,3,270,WR,DEN,7.11,9.03,10.96,2026-10-10T04:11:44+00:00,false,team_week
2026,3,282,QB,BAL,0.0,0.0,0.0,2026-10-10T04:11:44+00:00,false,team_week
2026,3,297,QB,PIT,0.0,0.0,0.0,2026-10-10T04:11:44+00:00,false,team_week
2026,3,303,WR,DAL,10.79,14.07,17.35,2026-10-10T04:11:44+00:00,false,team_week
2026,3,306,QB,DET,16.85,16.85,16.85,2026-10-10T04:11:44+00:00,false,team_week
2026,3,311,QB,NE,14.04,14.04,14.04,2026-10-10T04:11:44+00:00,false,team_week
2026,3,312,QB,TEN,0.0,0.0,0.0,2026-10-10T04:11:44+00:00,false,team_week
2026,3,313,RB,PHI,14.96,16.19,17.43,2026-10-10T04:11:44+00:00,false,team_week
2026,3,319,RB,JAX,9.4,10.26,11.11,2026-10-10T04:11:44+00:00,false,team_week
2026,3,323,WR,JAX,0.0,0.0,0.0,2026-10-10T04:11:44+00:00,false,team_week
2026,3,324,TE,BAL,6.39,8.32,10.26,2026-10-10T04:11:44+00:00,false,team_week
2026,3,325,WR,CHI,8.42,10.5,12.58,2026-10-10T04:11:44+00:00,false,team_week
2026,3,327,QB,TB,16.01,16.01,16.01,2026-10-10T04:11:44+00:00,false,team_week
2026,3,334,WR,IND,0.0,0.0,0.0,2026-10-10T04:11:44+00:00,false,team_week
2026,3,337,RB,TB,12.71,14.28,15.86,2026-10-10T04:11:44+00:00,false,team_week
2026,3,365,TE,MIN,1.84,2.59,3.33,2026-10-10T04:11:44+00:00,false,team_week
2026,3,370,QB,ARI,17.64,17.64,17.64,2026-10-10T04:11:44+00:00,false,team_week
2026,3,373,WR,CLE,3.63,4.68,5.73,2026-10-10T04:11:44+00:00,false,team_week
2026,3,374,WR,WAS,2.24,3.07,3.91,2026-10-10T04:11:44+00:00,false,team_week
2026,3,377,WR,SF,2.43,2.98,3.54,2026-10-10T04:11:44+00:00,false,team_week
2026,3,394,QB,LV,0.0,0.0,0.0,2026-10-10T04:11:44+00:00,false,team_week
2026,3,412,QB,DEN,0.0,0.0,0.0,2026-10-10T04:11:44+00:00,false,team_week
2026,3,440,TE,SEA,1.89,2.58,3.27,2026-10-10T04:11:44+00:00,false,team_week
2026,3,443,RB,CHI,5.21,5.71,6.21,2026-10-10T04:11:44+00:00,false,team_week
2026,3,445,WR,ARI,0.0,0.0,0.0,2026-10-10T04:11:44+00:00,false,team_week
2026,3,453,WR,KC,0.0,0.0,0.0,2026-10-10T04:11:44+00:00,false,team_week
2026,3,468,WR,PHI,0.0,0.0,0.0,2026-10-10T04:11:44+00:00,false,team_week
2026,3,471,WR,ATL,9.73,12.59,15.46,2026-10-10T04:11:44+00:00,false,team_week
2026,3,473,WR,WAS,7.6,9.72,11.85,2026-10-10T04:11:44+00:00,false,team_week
2026,3,480,WR,SF,8.69,10.52,12.36,2026-10-10T04:11:44+00:00,false,team_week
2026,3,482,RB,DET,10.45,11.27,12.09,2026-10-10T04:11:44+00:00,false,team_week
2026,3,487,TE,BUF,2.61,3.32,4.02,2026-10-10T04:11:44+00:00,false,team_week
2026,3,506,QB,BAL,21.43,21.43,21.43,2026-10-10T04:11:44+00:00,false,team_week
2026,3,508,QB,MIA,0.0,0.0,0.0,2026-10-10T04:11:44+00:00,false,team_week
2026,3,511,RB,BAL,0.0,0.0,0.0,2026-10-10T04:11:44+00:00,false,team_week
2026,3,525,WR,BUF,5.54,7.19,8.84,2026-10-10T04:11:44+00:00,false,team_week
2026,3,529,TE,WAS,2.72,3.87,5.01,2026-10-10T04:11:44+00:00,false,team_week
2026,3,535,RB,LAC,9.64,10.3,10.95,2026-10-10T04:11:44+00:00,false,team_week
2026,3,536,RB,DAL,0.0,0.0,0.0,2026-10-10T04:11:44+00:00,false,team_week
2026,3,547,RB,IND,17.7,19.22,20.73,2026-10-10T04:11:44+00:00,false,team_week
2026,3,557,TE,LA,2.92,3.91,4.89,2026-10-10T04:11:44+00:00,false,team_week
2026,3,560,RB,BAL,16.34,17.12,17.89,2026-10-10T04:11:44+00:00,false,team_week
2026,3,561,WR,IND,6.52,8.95,11.39,2026-10-10T04:11:44+00:00,false,team_week
2026,3,567,TE,CHI,1.96,2.8,3.63,2026-10-10T04:11:44+00:00,false,team_week
2026,3,580,RB,GB,4.72,5.2,5.69,2026-10-10T04:11:44+00:00,false,team_week
2026,3,600,WR,ATL,3.38,4.17,4.96,2026-10-10T04:11:44+00:00,false,team_week
2026,3,613,TE,CLE,0.0,0.0,0.0,2026-10-10T04:11:44+00:00,false,team_week
2026,3,625,QB,PHI,20.09,20.09,20.09,2026-10-10T04:11:44+00:00,false,team_week
2026,3,640,WR,ATL,0.87,1.17,1.47,2026-10-10T04:11:44+00:00,false,team_week
2026,3,650,RB,ARI,2.74,3.36,3.99,2026-10-10T04:11:44+00:00,false,team_week
2026,3,669,TE,BUF,0.99,1.31,1.64,2026-10-10T04:11:44+00:00,false,team_week
2026,3,697,QB,TEN,14.3,14.3,14.3,2026-10-10T04:11:44+00:00,false,team_week
2026,3,748,WR,LA,0.0,0.0,0.0,2026-10-10T04:11:44+00:00,false,team_week
2026,3,751,RB,NE,9.33,10.74,12.15,2026-10-10T04:11:44+00:00,false,team_week
2026,3,764,WR,PHI,9.86,12.75,15.65,2026-10-10T04:11:44+00:00,false,team_week
2026,3,767,RB,PIT,4.92,5.26,5.6,2026-10-10T04:11:44+00:00,false,team_week
2026,3,769,TE,JAX,1.0,1.32,1.63,2026-10-10T04:11:44+00:00,false,team_week
2026,3,785,RB,PHI,5.33,6.48,7.64,2026-10-10T04:11:44+00:00,false,team_week
2026,3,786,TE,PIT,4.63,6.48,8.33,2026-10-10T04:11:44+00:00,false,team_week
2026,3,807,RB,DEN,12.5,13.81,15.13,2026-10-10T04:11:44+00:00,false,team_week
2026,3,808,WR,TEN,0.0,0.0,0.0,2026-10-10T04:11:44+00:00,false,team_week
2026,3,810,RB,JAX,9.64,10.81,11.97,2026-10-10T04:11:44+00:00,false,team_week
2026,3,822,WR,LAC,1.74,2.19,2.63,2026-10-10T04:11:44+00:00,false,team_week
2026,3,824,QB,PIT,0.0,0.0,0.0,2026-10-10T04:11:44+00:00,false,team_week
2026,3,842,QB,SEA,0.0,0.0,0.0,2026-10-10T04:11:44+00:00,false,team_week
2026,3,843,RB,IND,2.84,3.11,3.37,2026-10-10T04:11:44+00:00,false,team_week
2026,3,855,WR,PHI,0.0,0.0,0.0,2026-10-10T04:11:44+00:00,false,team_week
2026,3,856,TE,WAS,0.0,0.0,0.0,2026-10-10T04:11:44+00:00,false,team_week
2026,3,868,RB,NYJ,0.0,0.0,0.0,2026-10-10T04:11:44+00:00,false,team_week
2026,3,869,QB,BUF,23.79,23.79,23.79,2026-10-10T04:11:44+00:00,false,team_week
2026,3,880,RB,KC,0.0,0.0,0.0,2026-10-10T04:11:44+00:00,false,team_week
2026,3,885,WR,PIT,9.02,11.44,13.87,2026-10-10T04:11:44+00:00,false,team_week
2026,3,889,WR,NO,0.0,0.0,0.0,2026-10-10T04:11:44+00:00,false,team_week
2026,3,890,TE,NYG,3.69,5.08,6.47,2026-10-10T04:11:44+00:00,false,team_week
2026,3,902,WR,MIN,4.1,5.22,6.34,2026-10-10T04:11:44+00:00,false,team_week
2026,3,914,RB,PIT,0.55,0.68,0.81,2026-10-10T12:40:28+00:00,false,team_week
2026,3,917,RB,ATL,5.92,6.73,7.54,2026-10-10T04:11:44+00:00,false,team_week
2026,3,920,TE,IND,0.61,0.81,1.0,2026-10-10T04:11:44+00:00,false,team_week
2026,3,959,RB,NO,0.36,0.48,0.61,2026-10-10T04:11:44+00:00,false,team_week
2026,3,992,WR,NO,7.57,9.13,10.68,2026-10-10T04:11:44+00:00,false,team_week
2026,3,999,WR,HOU,1.79,2.39,2.98,2026-10-10T04:11:44+00:00,false,team_week
2026,3,1004,RB,TEN,0.0,0.0,0.0,2026-10-10T04:11:44+00:00,false,team_week
2026,3,1014,TE,IND,0.33,0.43,0.53,2026-10-10T04:11:44+00:00,false,team_week
2026,3,1028,QB,NYG,0.0,0.0,0.0,2026-10-10T04:11:44+00:00,false,team_week
2026,3,1029,WR,TEN,0.29,0.39,0.48,2026-10-10T04:11:44+00:00,false,team_week
2026,3,1032,RB,WAS,4.99,5.37,5.76,2026-10-10T04:11:44+00:00,false,team_week
2026,3,1059,TE,IND,1.61,2.21,2.8,2026-10-10T04:11:44+00:00,false,team_week
2026,3,1061,WR,PIT,0.0,0.0,0.0,2026-10-10T04:11:44+00:00,false,team_week
2026,3,1063,RB,LA,10.63,11.83,13.03,2026-10-10T04:11:44+00:00,false,team_week
2026,3,1068,TE,NYJ,1.87,2.7,3.53,2026-10-10T04:11:44+00:00,false,team_week
2026,3,1079,TE,NYG,1.08,1.55,2.03,2026-10-10T04:11:44+00:00,false,team_week
2026,3,1094,TE,BAL,0.0,0.0,0.0,2026-10-10T04:11:44+00:00,false,team_week
2026,3,1095,RB,SEA,17.74,19.39,21.04,2026-10-10T04:11:44+00:00,false,team_week
2026,3,1106,QB,GB,15.33,15.33,15.33,2026-10-10T04:11:44+00:00,false,team_week
2026,3,1107,RB,NYJ,13.16,14.72,16.27,2026-10-10T04:11:44+00:00,false,team_week
2026,3,1110,RB,BUF,14.99,16.05,17.11,2026-10-10T04:11:44+00:00,false,team_week
2026,3,1121,WR,KC,8.0,9.71,11.42,2026-10-10T04:11:44+00:00,false,team_week
2026,3,1131,QB,CHI,0.0,0.0,0.0,2026-10-10T04:11:44+00:00,false,team_week
2026,3,1138,QB,PHI,0.0,0.0,0.0,2026-10-10T04:11:44+00:00,false,team_week
2026,3,1145,QB,NYG,0.0,0.0,0.0,2026-10-10T04:11:44+00:00,false,team_week
2026,3,1152,WR,KC,0.0,0.0,0.0,2026-10-10T04:11:44+00:00,false,team_week
2026,3,1157,QB,IND,0.0,0.0,0.0,2026-10-10T04:11:44+00:00,false,team_week
2026,3,1164,RB,BAL,3.8,4.42,5.04,2026-10-10T04:11:44+00:00,false,team_week
2026,3,1179,TE,DAL,0.62,0.86,1.1,2026-10-10T04:11:44+00:00,false,team_week
2026,3,1186,TE,TEN,0.0,0.0,0.0,2026-10-10T04:11:44+00:00,false,team_week
2026,3,1198,RB,JAX,3.19,3.29,3.4,2026-10-10T04:11:44+00:00,false,team_week
2026,3,1200,RB,NO,0.0,0.0,0.0,2026-10-10T04:11:44+00:00,false,team_week
2026,3,1205,WR,ARI,6.66,9.01,11.36,2026-10-10T04:11:44+00:00,false,team_week
2026,3,1214,WR,NE,5.47,7.21,8.96,2026-10-10T04:11:44+00:00,false,team_week
2026,3,1218,RB,WAS,4.09,4.21,4.34,2026-10-10T04:11:44+00:00,false,team_week
2026,3,1221,WR,NE,5.83,7.38,8.92,2026-10-10T04:11:44+00:00,false,team_week
2026,3,1224,WR,DAL,0.0,0.0,0.0,2026-10-10T04:11:44+00:00,false,team_week
2026,3,1234,WR,HOU,6.34,7.96,9.58,2026-10-10T04:11:44+00:00,false,team_week
2026,3,1245,TE,MIA,0.0,0.0,0.0,2026-10-10T04:11:44+00:00,false,team_week
2026,3,1267,WR,BUF,0.0,0.0,0.0,2026-10-10T04:11:44+00:00,false,team_week
2026,3,1270,RB,DAL,0.96,1.23,1.5,2026-10-10T04:11:44+00:00,false,team_week
2026,3,1273,RB,DEN,1.31,1.55,1.79,2026-10-10T04:11:44+00:00,false,team_week
2026,3,1282,TE,DEN,0.95,1.31,1.68,2026-10-10T04:11:44+00:00,false,team_week
2026,3,1283,WR,WAS,2.31,3.01,3.7,2026-10-10T04:11:44+00:00,false,team_week
2026,3,1285,QB,DAL,17.41,17.41,17.41,2026-10-10T04:11:44+00:00,false,team_week
2026,3,1311,QB,CIN,16.64,16.64,16.64,2026-10-10T04:11:44+00:00,false,team_week
2026,3,1328,RB,CLE,0.0,0.0,0.0,2026-10-10T04:11:44+00:00,false,team_week
2026,3,1335,WR,DEN,1.89,2.36,2.83,2026-10-10T04:11:44+00:00,false,team_week
2026,3,1338,WR,WAS,3.17,4.16,5.14,2026-10-10T04:11:44+00:00,false,team_week
2026,3,1342,WR,IND,7.02,9.52,12.02,2026-10-10T04:11:44+00:00,false,team_week
2026,3,1344,WR,MIN,6.75,8.67,10.59,2026-10-10T04:11:44+00:00,false,team_week
2026,3,1352,TE,ARI,0.54,0.79,1.05,2026-10-10T04:11:44+00:00,false,team_week
2026,3,1354,TE,GB,6.29,8.29,10.3,2026-10-10T04:11:44+00:00,false,team_week
2026,3,1369,TE,LA,0.97,1.33,1.7,2026-10-10T04:11:44+00:00,false,team_week
2026,3,1370,WR,LA,0.0,0.0,0.0,2026-10-10T04:11:44+00:00,false,team_week
2026,3,1372,QB,LA,0.0,0.0,0.0,2026-10-10T04:11:44+00:00,false,team_week
2026,3,1377,TE,GB,0.0,0.0,0.0,2026-10-10T04:11:44+00:00,false,team_week
2026,3,1381,WR,BAL,9.29,11.61,13.94,2026-10-10T04:11:44+00:00,false,team_week
2026,3,1382,TE,LV,3.39,4.84,6.28,2026-10-10T04:11:44+00:00,false,team_week
2026,3,1439,RB,LV,1.3,1.57,1.83,2026-10-10T04:11:44+00:00,false,team_week
2026,3,1459,WR,CAR,0.0,0.0,0.0,2026-10-10T04:11:44+00:00,false,team_week
2026,3,1464,WR,WAS,0.0,0.0,0.0,2026-10-10T04:11:44+00:00,false,team_week
2026,3,1469,RB,DET,3.42,3.9,4.37,2026-10-10T04:11:44+00:00,false,team_week
2026,3,1472,RB,SF,0.0,0.0,0.0,2026-10-10T04:11:44+00:00,false,team_week
2026,3,1483,RB,NYG,1.93,2.48,3.03,2026-10-10T04:11:44+00:00,false,team_week
2026,3,1485,QB,SF,0.0,0.0,0.0,2026-10-10T04:11:44+00:00,false,team_week
2026,3,1502,WR,DAL,4.81,6.45,8.09,2026-10-10T04:11:44+00:00,false,team_week
2026,3,1513,WR,DEN,7.31,9.42,11.52,2026-10-10T04:11:44+00:00,false,team_week
2026,3,1516,RB,BAL,4.74,5.72,6.71,2026-10-10T04:11:44+00:00,false,team_week
2026,3,1532,RB,BUF,0.0,0.0,0.0,2026-10-10T04:11:44+00:00,false,team_week
2026,3,1541,WR,TEN,3.13,3.96,4.79,2026-10-10T04:11:44+00:00,false,team_week
2026,3,1548,TE,MIA,1.25,1.71,2.18,2026-10-10T04:11:44+00:00,false,team_week
2026,3,1567,WR,ARI,0.0,0.0,0.0,2026-10-10T04:11:44+00:00,false,team_week
2026,3,1589,WR,NO,0.0,0.0,0.0,2026-10-10T04:11:44+00:00,false,team_week
2026,3,1613,WR,CIN,0.0,0.0,0.0,2026-10-10T04:11:44+00:00,false,team_week
2026,3,1649,TE,ARI,0.0,0.0,0.0,2026-10-10T04:11:44+00:00,false,team_week
2026,3,1663,RB,LA,8.2,8.6,9.0,2026-10-10T04:11:44+00:00,false,team_week
2026,3,1666,QB,DEN,16.8,16.8,16.8,2026-10-10T04:11:44+00:00,false,team_week
2026,3,1672,WR,LA,3.68,4.85,6.03,2026-10-10T04:11:44+00:00,false,team_week
2026,3,1699,TE,SEA,4.1,5.34,6.58,2026-10-10T04:11:44+00:00,false,team_week
2026,3,1708,WR,SF,3.6,4.89,6.18,2026-10-10T04:11:44+00:00,false,team_week
2026,3,1710,WR,IND,0.0,0.0,0.0,2026-10-10T04:11:44+00:00,false,team_week
2026,3,1726,WR,ARI,4.5,5.79,7.08,2026-10-10T04:11:44+00:00,false,team_week
2026,3,1728,RB,MIA,0.0,0.0,0.0,2026-10-10T04:11:44+00:00,false,team_week
2026,3,1730,QB,NE,19.11,19.11,19.11,2026-10-10T04:11:44+00:00,false,team_week
2026,3,1742,WR,IND,0.0,0.0,0.0,2026-10-10T04:11:44+00:00,false,team_week
2026,3,1743,QB,MIN,0.0,0.0,0.0,2026-10-10T04:11:44+00:00,false,team_week
2026,3,1749,WR,JAX,7.21,8.94,10.68,2026-10-10T04:11:44+00:00,false,team_week
2026,3,1760,QB,CHI,0.0,0.0,0.0,2026-10-10T04:11:44+00:00,false,team_week
2026,3,1761,QB,WAS,0.0,0.0,0.0,2026-10-10T04:11:44+00:00,false,team_week
2026,3,1763,RB,ARI,0.0,0.0,0.0,2026-10-10T04:11:44+00:00,false,team_week
2026,3,1765,QB,ATL,14.51,14.51,14.51,2026-10-10T04:11:44+00:00,false,team_week
2026,3,1768,RB,BUF,1.14,1.25,1.37,2026-10-10T04:11:44+00:00,false,team_week
2026,3,1793,QB,PHI,0.0,0.0,0.0,2026-10-10T04:11:44+00:00,false,team_week
2026,3,1813,TE,KC,1.6,2.12,2.64,2026-10-10T04:11:44+00:00,false,team_week
2026,3,1833,WR,MIA,6.01,7.9,9.79,2026-10-10T04:11:44+00:00,false,team_week
2026,3,1835,TE,KC,0.34,0.45,0.55,2026-10-10T04:11:44+00:00,false,team_week
2026,3,1843,RB,KC,0.0,0.0,0.0,2026-10-10T04:11:44+00:00,false,team_week
2026,3,1846,WR,NE,3.41,4.3,5.18,2026-10-10T04:11:44+00:00,false,team_week
2026,3,1856,WR,HOU,0.0,0.0,0.0,2026-10-10T04:11:44+00:00,false,team_week
2026,3,1860,TE,IND,7.66,10.0,12.34,2026-10-10T04:11:44+00:00,false,team_week
2026,3,1865,WR,WAS,0.0,0.0,0.0,2026-10-10T04:11:44+00:00,false,team_week
2026,3,1866,TE,CAR,0.96,1.28,1.6,2026-10-10T04:11:44+00:00,false,team_week
2026,3,1873,WR,LAC,1.39,1.81,2.24,2026-10-10T04:11:44+00:00,false,team_week
2026,3,1874,WR,SF,0.8,0.99,1.17,2026-10-10T04:11:44+00:00,false,team_week
2026,3,1885,TE,LAC,5.22,6.96,8.7,2026-10-10T04:11:44+00:00,false,team_week
2026,3,1889,WR,MIN,0.0,0.0,0.0,2026-10-10T04:11:44+00:00,false,team_week
2026,3,1891,RB,MIA,3.04,3.15,3.26,2026-10-10T04:11:44+00:00,false,team_week
2026,3,1905,QB,LV,0.0,0.0,0.0,2026-10-10T04:11:44+00:00,false,team_week
2026,3,1909,RB,JAX,0.95,1.32,1.69,2026-10-10T04:11:44+00:00,false,team_week
2026,3,1915,QB,DAL,0.0,0.0,0.0,2026-10-10T04:11:44+00:00,false,team_week
2026,3,1921,RB,WAS,7.94,8.42,8.9,2026-10-10T04:11:44+00:00,false,team_week
2026,3,1922,QB,HOU,0.0,0.0,0.0,2026-10-10T04:11:44+00:00,false,team_week
2026,3,1934,RB,TB,6.25,7.78,9.32,2026-10-10T04:11:44+00:00,false,team_week
2026,3,1945,TE,CLE,1.66,2.28,2.89,2026-10-10T04:11:44+00:00,false,team_week
2026,3,1970,TE,ATL,5.82,7.86,9.9,2026-10-10T04:11:44+00:00,false,team_week
2026,3,1997,TE,SF,0.0,0.0,0.0,2026-10-10T04:11:44+00:00,false,team_week
2026,3,2000,QB,NYJ,0.0,0.0,0.0,2026-10-10T04:11:44+00:00,false,team_week
2026,3,2023,WR,MIN,0.0,0.0,0.0,2026-10-10T04:11:44+00:00,false,team_week
2026,3,2028,WR,BUF,6.32,8.35,10.38,2026-10-10T04:11:44+00:00,false,team_week
2026,3,2030,RB,CLE,3.22,3.92,4.61,2026-10-10T04:11:44+00:00,false,team_week
2026,3,2057,WR,NE,0.33,0.44,0.54,2026-10-10T04:11:44+00:00,false,team_week
2026,3,2060,QB,MIN,16.19,16.19,16.19,2026-10-10T04:11:44+00:00,false,team_week
2026,3,2070,WR,LV,0.0,0.0,0.0,2026-10-10T04:11:44+00:00,false,team_week
2026,3,2075,WR,LA,2.8,3.62,4.45,2026-10-10T04:11:44+00:00,false,team_week
2026,3,2089,WR,SEA,0.0,0.0,0.0,2026-10-10T04:11:44+00:00,false,team_week
2026,3,2097,QB,NO,0.0,0.0,0.0,2026-10-10T04:11:44+00:00,false,team_week
2026,3,2102,TE,LA,0.32,0.43,0.54,2026-10-10T04:11:44+00:00,false,team_week
2026,3,2105,RB,LAC,12.77,13.93,15.09,2026-10-10T04:11:44+00:00,false,team_week
2026,3,2110,WR,CIN,0.0,0.0,0.0,2026-10-10T04:11:44+00:00,false,team_week
2026,3,2113,TE,CLE,5.69,7.76,9.83,2026-10-10T04:11:44+00:00,false,team_week
2026,3,2114,WR,JAX,2.22,2.82,3.42,2026-10-10T04:11:44+00:00,false,team_week
2026,3,2126,WR,GB,7.65,9.55,11.46,2026-10-10T04:11:44+00:00,false,team_week
2026,3,2130,WR,DET,3.58,4.43,5.29,2026-10-10T04:11:44+00:00,false,team_week
2026,3,2140,WR,CHI,6.68,8.95,11.22,2026-10-10T04:11:44+00:00,false,team_week
2026,3,2142,TE,LA,6.68,8.65,10.62,2026-10-10T04:11:44+00:00,false,team_week
2026,3,2152,TE,PHI,0.94,1.25,1.56,2026-10-10T04:11:44+00:00,false,team_week
2026,3,2181,RB,LV,3.2,3.47,3.74,2026-10-10T04:11:44+00:00,false,team_week
2026,3,2182,TE,BAL,0.32,0.42,0.53,2026-10-10T04:11:44+00:00,false,team_week
2026,3,2188,WR,CLE,0.3,0.38,0.47,2026-10-10T04:11:44+00:00,false,team_week
2026,3,2190,WR,CIN,2.11,2.67,3.22,2026-10-10T04:11:44+00:00,false,team_week
2026,3,2195,TE,TB,0.0,0.0,0.0,2026-10-10T04:11:44+00:00,false,team_week
2026,3,2201,WR,GB,0.33,0.42,0.52,2026-10-10T04:11:44+00:00,false,team_week
2026,3,2221,WR,NYJ,0.0,0.0,0.0,2026-10-10T04:11:44+00:00,false,team_week
2026,3,2227,RB,DET,21.53,23.48,25.42,2026-10-10T04:11:44+00:00,false,team_week
2026,3,2244,QB,IND,0.0,0.0,0.0,2026-10-10T04:11:44+00:00,false,team_week
2026,3,2250,TE,NYJ,4.9,6.7,8.49,2026-10-10T04:11:44+00:00,false,team_week
2026,3,2251,WR,CIN,2.03,2.66,3.3,2026-10-10T04:11:44+00:00,false,team_week
2026,3,2258,WR,CAR,0.0,0.0,0.0,2026-10-10T04:11:44+00:00,false,team_week
2026,3,2259,WR,TB,3.75,4.8,5.86,2026-10-10T04:11:44+00:00,false,team_week
2026,3,2261,RB,SF,6.98,7.2,7.43,2026-10-10T04:11:44+00:00,false,team_week
2026,3,2269,WR,NO,0.0,0.0,0.0,2026-10-10T04:11:44+00:00,false,team_week
2026,3,2270,WR,ARI,0.0,0.0,0.0,2026-10-10T04:11:44+00:00,false,team_week
2026,3,2271,RB,MIN,0.0,0.0,0.0,2026-10-10T04:11:44+00:00,false,team_week
2026,3,2275,WR,CLE,7.24,9.3,11.36,2026-10-10T04:11:44+00:00,false,team_week
2026,3,2279,WR,NYG,9.75,12.11,14.47,2026-10-10T04:11:44+00:00,false,team_week
2026,3,2282,WR,TEN,4.31,5.35,6.39,2026-10-10T04:11:44+00:00,false,team_week
2026,3,2284,TE,NO,2.14,2.89,3.64,2026-10-10T04:11:44+00:00,false,team_week
2026,3,2290,WR,GB,0.0,0.0,0.0,2026-10-10T04:11:44+00:00,false,team_week
2026,3,2300,WR,IND,1.59,1.96,2.33,2026-10-10T04:11:44+00:00,false,team_week
2026,3,2304,RB,MIN,0.88,1.13,1.39,2026-10-10T04:11:44+00:00,false,team_week
2026,3,2351,QB,TB,0.0,0.0,0.0,2026-10-10T04:11:44+00:00,false,team_week
2026,3,2365,RB,NO,1.69,1.92,2.16,2026-10-10T04:11:44+00:00,false,team_week
2026,3,2404,WR,PIT,0.0,0.0,0.0,2026-10-10T04:11:44+00:00,false,team_week
2026,3,2411,TE,TB,0.0,0.0,0.0,2026-10-10T04:11:44+00:00,false,team_week
2026,3,2414,WR,LA,0.0,0.0,0.0,2026-10-10T04:11:44+00:00,false,team_week
2026,3,2446,WR,BUF,0.0,0.0,0.0,2026-10-10T04:11:44+00:00,false,team_week
2026,3,2449,WR,HOU,0.0,0.0,0.0,2026-10-10T04:11:44+00:00,false,team_week
2026,3,2457,WR,MIA,0.0,0.0,0.0,2026-10-10T04:11:44+00:00,false,team_week
2026,3,2458,RB,PIT,0.0,0.0,0.0,2026-10-10T04:11:44+00:00,false,team_week
2026,3,2461,RB,SEA,10.54,11.34,12.15,2026-10-10T04:11:44+00:00,false,team_week
2026,3,2463,WR,PIT,1.97,2.56,3.16,2026-10-10T04:11:44+00:00,false,team_week
2026,3,2466,TE,LA,0.0,0.0,0.0,2026-10-10T04:11:44+00:00,false,team_week
2026,3,2467,WR,NYJ,0.0,0.0,0.0,2026-10-10T04:11:44+00:00,false,team_week
2026,3,2468,WR,CLE,7.39,9.17,10.94,2026-10-10T04:11:44+00:00,false,team_week
2026,3,2476,WR,MIA,3.71,4.8,5.9,2026-10-10T04:11:44+00:00,false,team_week
2026,3,2491,QB,LA,0.0,0.0,0.0,2026-10-10T04:11:44+00:00,false,team_week
2026,3,2497,WR,TB,0.0,0.0,0.0,2026-10-10T04:11:44+00:00,false,team_week
2026,3,2499,QB,LV,0.0,0.0,0.0,2026-10-10T04:11:44+00:00,false,team_week
2026,3,2510,QB,ARI,0.0,0.0,0.0,2026-10-10T04:11:44+00:00,false,team_week
2026,3,2515,RB,GB,5.46,6.4,7.33,2026-10-10T04:11:44+00:00,false,team_week
2026,3,2518,QB,MIA,0.0,0.0,0.0,2026-10-10T04:11:44+00:00,false,team_week
2026,3,2527,TE,MIA,0.0,0.0,0.0,2026-10-10T04:11:44+00:00,false,team_week
2026,3,2534,QB,LA,16.03,16.03,16.03,2026-10-10T04:11:44+00:00,false,team_week
2026,3,2546,WR,LAC,0.0,0.0,0.0,2026-10-10T04:11:44+00:00,false,team_week
2026,3,2554,TE,MIA,0.0,0.0,0.0,2026-10-10T04:11:44+00:00,false,team_week
2026,3,2575,TE,MIN,4.68,6.94,9.2,2026-10-10T04:11:44+00:00,false,team_week
2026,3,2580,RB,NE,8.69,9.61,10.53,2026-10-10T04:11:44+00:00,false,team_week
2026,3,2587,RB,SEA,2.09,2.63,3.18,2026-10-10T04:11:44+00:00,false,team_week
2026,3,2605,WR,BAL,0.0,0.0,0.0,2026-10-10T04:11:44+00:00,false,team_week
2026,3,2606,RB,CHI,10.67,11.79,12.91,2026-10-10T04:11:44+00:00,false,team_week
2026,3,2608,QB,SEA,15.44,15.44,15.44,2026-10-10T04:11:44+00:00,false,team_week
2026,3,2609,RB,ARI,0.0,0.0,0.0,2026-10-10T04:11:44+00:00,false,team_week
2026,3,2613,QB,MIA,0.0,0.0,0.0,2026-10-10T04:11:44+00:00,false,team_week
2026,3,2614,RB,NYG,0.0,0.0,0.0,2026-10-10T04:11:44+00:00,false,team_week
2026,3,2634,WR,LAC,8.49,11.05,13.61,2026-10-10T04:11:44+00:00,false,team_week
2026,3,2677,WR,CHI,6.87,8.42,9.98,2026-10-10T04:11:44+00:00,false,team_week
2026,3,2698,TE,CIN,1.18,1.68,2.19,2026-10-10T04:11:44+00:00,false,team_week
2026,3,2700,WR,TEN,0.0,0.0,0.0,2026-10-10T04:11:44+00:00,false,team_week
2026,3,2730,WR,CIN,11.71,15.36,19.01,2026-10-10T04:11:44+00:00,false,team_week
2026,3,2756,WR,DET,7.66,9.3,10.94,2026-10-10T04:11:44+00:00,false,team_week
2026,3,2772,WR,GB,6.62,8.28,9.94,2026-10-10T04:11:44+00:00,false,team_week
2026,3,2791,TE,CIN,3.82,5.22,6.61,2026-10-10T04:11:44+00:00,false,team_week
2026,3,2795,TE,SF,8.39,10.53,12.67,2026-10-10T04:11:44+00:00,false,team_week
2026,3,2803,RB,BAL,0.22,0.32,0.43,2026-10-10T04:11:44+00:00,false,team_week
2026,3,2805,TE,PHI,1.61,2.21,2.81,2026-10-10T04:11:44+00:00,false,team_week
2026,3,2807,WR,CHI,5.54,7.57,9.61,2026-10-10T04:11:44+00:00,false,team_week
2026,3,2821,RB,SF,0.0,0.0,0.0,2026-10-10T04:11:44+00:00,false,team_week
2026,3,2837,TE,NE,0.0,0.0,0.0,2026-10-10T04:11:44+00:00,false,team_week
2026,3,2843,TE,CAR,2.79,3.78,4.78,2026-10-10T04:11:44+00:00,false,team_week
2026,3,2849,TE,NYG,1.81,2.35,2.9,2026-10-10T04:11:44+00:00,false,team_week
2026,3,2853,RB,NYJ,5.45,6.05,6.65,2026-10-10T04:11:44+00:00,false,team_week
2026,3,2862,WR,NYJ,10.24,13.21,16.17,2026-10-10T04:11:44+00:00,false,team_week
2026,3,2870,RB,CIN,0.0,0.0,0.0,2026-10-10T04:11:44+00:00,false,team_week
2026,3,2877,TE,JAX,0.94,1.29,1.64,2026-10-10T04:11:44+00:00,false,team_week
2026,3,2883,RB,DEN,1.0,1.38,1.76,2026-10-10T04:11:44+00:00,false,team_week
2026,3,2893,WR,DEN,0.0,0.0,0.0,2026-10-10T04:11:44+00:00,false,team_week
2026,3,2901,RB,HOU,6.79,7.78,8.77,2026-10-10T04:11:44+00:00,false,team_week
2026,3,2919,RB,HOU,0.14,0.14,0.14,2026-10-10T04:11:44+00:00,false,team_week
2026,3,2929,WR,LA,3.76,4.83,5.89,2026-10-10T04:11:44+00:00,false,team_week
2026,3,2945,RB,DEN,6.15,7.62,9.08,2026-10-10T04:11:44+00:00,false,team_week
2026,3,2955,TE,LA,0.56,0.8,1.05,2026-10-10T04:11:44+00:00,false,team_week
2026,3,2976,WR,JAX,0.0,0.0,0.0,2026-10-10T04:11:44+00:00,false,team_week
2026,3,3007,QB,HOU,13.29,13.29,13.29,2026-10-10T04:11:44+00:00,false,team_week
2026,3,3015,RB,BUF,0.23,0.35,0.48,2026-10-10T04:11:44+00:00,false,team_week
2026,3,3021,WR,JAX,0.32,0.42,0.52,2026-10-10T04:11:44+00:00,false,team_week
2026,3,3024,RB,CAR,0.0,0.0,0.0,2026-10-10T04:11:44+00:00,false,team_week
2026,3,3033,TE,HOU,0.32,0.44,0.56,2026-10-10T04:11:44+00:00,false,team_week
2026,3,3037,WR,NYG,0.0,0.0,0.0,2026-10-10T04:11:44+00:00,false,team_week
2026,3,3056,RB,LV,0.0,0.0,0.0,2026-10-10T04:11:44+00:00,false,team_week
2026,3,3070,RB,TEN,8.9,9.77,10.64,2026-10-10T04:11:44+00:00,false,team_week
2026,3,3077,RB,HOU,0.0,0.0,0.0,2026-10-10T04:11:44+00:00,false,team_week
2026,3,3082,WR,TB,8.72,10.6,12.49,2026-10-10T04:11:44+00:00,false,team_week
2026,3,3116,WR,LV,6.31,8.07,9.82,2026-10-10T04:11:44+00:00,false,team_week
2026,3,3120,WR,NYJ,0.0,0.0,0.0,2026-10-10T04:11:44+00:00,false,team_week
2026,3,3124,WR,BAL,1.84,2.29,2.74,2026-10-10T04:11:44+00:00,false,team_week
2026,3,3127,TE,TB,4.23,5.87,7.5,2026-10-10T04:11:44+00:00,false,team_week
2026,3,3133,TE,ARI,9.15,12.84,16.54,2026-10-10T04:11:44+00:00,false,team_week
2026,3,3139,TE,NE,6.16,8.12,10.07,2026-10-10T04:11:44+00:00,false,team_week
2026,3,3147,WR,WAS,3.79,4.66,5.52,2026-10-10T04:11:44+00:00,false,team_week
2026,3,3161,TE,DET,0.95,1.29,1.63,2026-10-10T04:11:44+00:00,false,team_week
2026,3,3162,WR,NO,2.9,3.65,4.41,2026-10-10T04:11:44+00:00,false,team_week
2026,3,3166,TE,DAL,0.97,1.33,1.7,2026-10-10T04:11:44+00:00,false,team_week
2026,3,3167,RB,CLE,11.46,12.61,13.75,2026-10-10T04:11:44+00:00,false,team_week
2026,3,3189,RB,SF,16.36,18.65,20.95,2026-10-10T04:11:44+00:00,false,team_week
2026,3,3196,RB,LAC,0.53,0.65,0.78,2026-10-10T04:11:44+00:00,false,team_week
2026,3,3203,TE,BAL,0.0,0.0,0.0,2026-10-10T04:11:44+00:00,false,team_week
2026,3,3215,TE,CIN,0.0,0.0,0.0,2026-10-10T04:11:44+00:00,false,team_week
2026,3,3225,QB,JAX,17.76,17.76,17.76,2026-10-10T04:11:44+00:00,false,team_week
2026,3,3226,QB,NYG,0.0,0.0,0.0,2026-10-10T04:11:44+00:00,false,team_week
2026,3,3242,RB,IND,2.08,2.31,2.55,2026-10-10T04:11:44+00:00,false,team_week
2026,3,3247,WR,SEA,13.64,17.27,20.91,2026-10-10T04:11:44+00:00,false,team_week
2026,3,3251,RB,NYJ,0.0,0.0,0.0,2026-10-10T04:11:44+00:00,false,team_week
2026,3,3253,WR,MIA,8.12,10.63,13.15,2026-10-10T04:11:44+00:00,false,team_week
2026,3,3257,WR,CHI,0.27,0.37,0.47,2026-10-10T04:11:44+00:00,false,team_week
2026,3,3258,WR,TEN,0.46,0.56,0.66,2026-10-10T04:11:44+00:00,false,team_week
2026,3,3259,TE,JAX,3.11,4.64,6.17,2026-10-10T04:11:44+00:00,false,team_week
2026,3,3262,TE,NYG,0.0,0.0,0.0,2026-10-10T04:11:44+00:00,false,team_week
2026,3,3270,RB,WAS,1.11,1.11,1.11,2026-10-10T04:11:44+00:00,false,team_week
2026,3,3279,TE,BUF,7.18,9.42,11.66,2026-10-10T04:11:44+00:00,false,team_week
2026,3,3289,WR,DET,12.61,16.25,19.89,2026-10-10T04:11:44+00:00,false,team_week
2026,3,3298,WR,KC,0.72,0.9,1.08,2026-10-10T04:11:44+00:00,false,team_week
2026,3,3315,WR,NYG,5.46,6.88,8.29,2026-10-10T04:11:44+00:00,false,team_week
2026,3,3364,RB,LV,14.31,16.64,18.97,2026-10-10T04:11:44+00:00,false,team_week
2026,3,3365,WR,DAL,0.32,0.41,0.5,2026-10-10T04:11:44+00:00,false,team_week
2026,3,3366,QB,IND,0.0,0.0,0.0,2026-10-10T04:11:44+00:00,false,team_week
2026,3,3376,RB,GB,7.51,8.09,8.67,2026-10-10T04:11:44+00:00,false,team_week
2026,3,3378,QB,NYJ,0.0,0.0,0.0,2026-10-10T04:11:44+00:00,false,team_week
2026,3,3388,RB,NYJ,0.0,0.0,0.0,2026-10-10T04:11:44+00:00,false,team_week
2026,3,3399,WR,HOU,4.77,6.13,7.49,2026-10-10T04:11:44+00:00,false,team_week
2026,3,3428,TE,CIN,1.41,2.07,2.73,2026-10-10T04:11:44+00:00,false,team_week
2026,3,3435,WR,PIT,0.0,0.0,0.0,2026-10-10T04:11:44+00:00,false,team_week
2026,3,3442,QB,GB,17.56,17.56,17.56,2026-10-10T04:11:44+00:00,false,team_week
2026,3,3446,RB,MIA,0.53,0.78,1.03,2026-10-10T04:11:44+00:00,false,team_week
2026,3,3448,WR,MIA,0.28,0.37,0.47,2026-10-10T04:11:44+00:00,false,team_week
2026,3,3459,RB,TEN,6.68,8.22,9.76,2026-10-10T04:11:44+00:00,false,team_week
2026,3,3480,RB,BAL,0.0,0.0,0.0,2026-10-10T04:11:44+00:00,false,team_week
2026,3,3482,RB,CHI,6.89,7.68,8.48,2026-10-10T04:11:44+00:00,false,team_week
2026,3,3514,QB,DET,0.0,0.0,0.0,2026-10-10T04:11:44+00:00,false,team_week
2026,3,3524,WR,NO,0.0,0.0,0.0,2026-10-10T04:11:44+00:00,false,team_week
2026,3,3536,RB,KC,4.72,5.43,6.14,2026-10-10T04:11:44+00:00,false,team_week
2026,3,3541,QB,ATL,13.38,13.38,13.38,2026-10-10T04:11:44+00:00,false,team_week
2026,3,3550,TE,DAL,4.88,6.83,8.77,2026-10-10T04:11:44+00:00,false,team_week
2026,3,3561,WR,PHI,1.93,2.49,3.04,2026-10-10T04:11:44+00:00,false,team_week
2026,3,3562,RB,CAR,0.0,0.0,0.0,2026-10-10T04:11:44+00:00,false,team_week
2026,3,3572,TE,WAS,2.11,2.83,3.55,2026-10-10T04:11:44+00:00,false,team_week
2026,3,3578,WR,SEA,0.76,0.94,1.12,2026-10-10T04:11:44+00:00,false,team_week
2026,3,3580,RB,CLE,0.0,0.0,0.0,2026-10-10T04:11:44+00:00,false,team_week
2026,3,3593,TE,BAL,7.65,9.97,12.29,2026-10-10T04:11:44+00:00,false,team_week
2026,3,3594,QB,KC,19.79,19.79,19.79,2026-10-10T04:11:44+00:00,false,team_week
2026,3,3602,QB,CLE,0.0,0.0,0.0,2026-10-10T04:11:44+00:00,false,team_week
2026,3,3604,TE,ATL,0.52,0.75,0.97,2026-10-10T04:11:44+00:00,false,team_week
2026,3,3605,TE,TEN,4.39,6.14,7.89,2026-10-10T04:11:44+00:00,false,team_week
2026,3,3606,WR,BAL,5.94,7.37,8.79,2026-10-10T04:11:44+00:00,false,team_week
2026,3,3615,WR,CIN,4.44,5.98,7.53,2026-10-10T04:11:44+00:00,false,team_week
2026,3,3620,TE,PHI,0.0,0.0,0.0,2026-10-10T04:11:44+00:00,false,team_week
2026,3,3630,WR,WAS,3.7,4.79,5.89,2026-10-10T04:11:44+00:00,false,team_week
2026,3,3648,WR,DAL,1.74,2.26,2.77,2026-10-10T04:11:44+00:00,false,team_week
2026,3,3651,QB,LAC,17.55,17.55,17.55,2026-10-10T04:11:44+00:00,false,team_week
2026,3,3659,WR,NE,3.7,5.24,6.78,2026-10-10T04:11:44+00:00,false,team_week
2026,3,3662,TE,NYJ,0.0,0.0,0.0,2026-10-10T04:11:44+00:00,false,team_week
2026,3,3664,RB,NYG,12.33,13.22,14.1,2026-10-10T04:11:44+00:00,false,team_week
2026,3,3672,TE,DET,6.78,8.99,11.2,2026-10-10T04:11:44+00:00,false,team_week
2026,3,3716,WR,KC,8.33,10.56,12.79,2026-10-10T04:11:44+00:00,false,team_week
2026,3,3721,WR,BAL,2.43,3.05,3.67,2026-10-10T04:11:44+00:00,false,team_week
2026,3,3728,TE,CAR,0.3,0.43,0.55,2026-10-10T04:11:44+00:00,false,team_week
2026,3,3736,WR,CHI,0.0,0.0,0.0,2026-10-10T04:11:44+00:00,false,team_week
2026,3,3780,TE,PHI,0.0,0.0,0.0,2026-10-10T04:11:44+00:00,false,team_week
2026,3,3782,WR,TB,3.78,4.8,5.82,2026-10-10T04:11:44+00:00,false,team_week
2026,3,3785,WR,CAR,0.0,0.0,0.0,2026-10-10T04:11:44+00:00,false,team_week
2026,3,3790,WR,GB,7.54,9.55,11.57,2026-10-10T04:11:44+00:00,false,team_week
2026,3,3792,QB,KC,0.0,0.0,0.0,2026-10-10T04:11:44+00:00,false,team_week
2026,3,3796,WR,SEA,0.63,0.84,1.06,2026-10-10T04:11:44+00:00,false,team_week
2026,3,3802,TE,JAX,4.65,6.29,7.92,2026-10-10T04:11:44+00:00,false,team_week
2026,3,3803,QB,NO,19.01,19.01,19.01,2026-10-10T04:11:44+00:00,false,team_week
2026,3,3806,QB,NYJ,0.0,0.0,0.0,2026-10-10T04:11:44+00:00,false,team_week
2026,3,3808,RB,ARI,0.0,0.0,0.0,2026-10-10T04:11:44+00:00,false,team_week
2026,3,3835,WR,BUF,4.43,5.4,6.37,2026-10-10T04:11:44+00:00,false,team_week
2026,3,3840,TE,JAX,0.0,0.0,0.0,2026-10-10T04:11:44+00:00,false,team_week
2026,3,3843,WR,GB,10.27,12.16,14.05,2026-10-10T04:11:44+00:00,false,team_week
2026,3,3855,WR,LAC,4.97,6.48,7.99,2026-10-10T04:11:44+00:00,false,team_week
2026,3,3862,RB,CIN,12.76,14.72,16.67,2026-10-10T04:11:44+00:00,false,team_week
2026,3,3863,WR,GB,2.02,2.55,3.08,2026-10-10T04:11:44+00:00,false,team_week
2026,3,3864,TE,SEA,1.57,2.07,2.58,2026-10-10T04:11:44+00:00,false,team_week
2026,3,3870,WR,BAL,0.31,0.41,0.5,2026-10-10T04:11:44+00:00,false,team_week
2026,3,3871,TE,CHI,5.81,7.76,9.71,2026-10-10T04:11:44+00:00,false,team_week
2026,3,3874,WR,LV,5.84,7.59,9.33,2026-10-10T04:11:44+00:00,false,team_week
2026,3,3889,TE,WAS,0.53,0.75,0.98,2026-10-10T12:40:28+00:00,false,team_week
2026,3,3890,TE,NE,0.84,1.2,1.56,2026-10-10T04:11:44+00:00,false,team_week
2026,3,3892,WR,MIN,11.35,14.82,18.29,2026-10-10T04:11:44+00:00,false,team_week
2026,3,3925,TE,CAR,0.0,0.0,0.0,2026-10-10T04:11:44+00:00,false,team_week
2026,3,3934,WR,SF,0.0,0.0,0.0,2026-10-10T04:11:44+00:00,false,team_week
2026,3,3939,TE,MIA,1.17,1.57,1.98,2026-10-10T04:11:44+00:00,false,team_week
2026,3,3942,WR,TB,8.58,10.5,12.41,2026-10-10T04:11:44+00:00,false,team_week
2026,3,3945,WR,LAC,7.43,9.16,10.9,2026-10-10T04:11:44+00:00,false,team_week
2026,3,3951,RB,TEN,1.43,1.43,1.43,2026-10-10T04:11:44+00:00,false,team_week
2026,3,3963,RB,PIT,0.45,0.45,0.45,2026-10-10T12:40:28+00:00,false,team_week
2026,3,3965,QB,CAR,17.08,17.08,17.08,2026-10-10T04:11:44+00:00,false,team_week
2026,3,3990,WR,MIA,4.71,6.03,7.34,2026-10-10T04:11:44+00:00,false,team_week
2026,3,3993,WR,NO,11.73,14.75,17.76,2026-10-10T04:11:44+00:00,false,team_week
2026,3,4000,TE,DET,0.0,0.0,0.0,2026-10-10T12:40:28+00:00,false,team_week
2026,3,4017,WR,TB,2.32,3.01,3.71,2026-10-10T04:11:44+00:00,false,team_week
2026,3,4021,WR,NYG,4.27,6.16,8.05,2026-10-10T04:11:44+00:00,false,team_week
2026,3,4023,RB,DEN,0.0,0.0,0.0,2026-10-10T04:11:44+00:00,false,team_week
2026,3,4026,WR,BAL,0.0,0.0,0.0,2026-10-10T04:11:44+00:00,false,team_week
2026,3,4035,WR,TEN,7.5,9.66,11.82,2026-10-10T04:11:44+00:00,false,team_week
2026,3,4048,RB,CAR,11.88,13.25,14.63,2026-10-10T04:11:44+00:00,false,team_week
2026,3,4060,WR,TB,3.48,4.65,5.81,2026-10-10T04:11:44+00:00,false,team_week
2026,3,4079,RB,DAL,0.0,0.0,0.0,2026-10-10T04:11:44+00:00,false,team_week
2026,3,4086,WR,SF,0.0,0.0,0.0,2026-10-10T04:11:44+00:00,false,team_week
2026,3,4092,QB,PHI,0.0,0.0,0.0,2026-10-10T04:11:44+00:00,false,team_week
2026,3,4094,TE,PIT,2.17,2.96,3.76,2026-10-10T04:11:44+00:00,false,team_week
2026,3,4103,RB,PHI,1.54,1.88,2.21,2026-10-10T04:11:44+00:00,false,team_week
2026,3,4106,WR,IND,3.55,4.68,5.81,2026-10-10T04:11:44+00:00,false,team_week
2026,3,4109,TE,MIA,1.05,1.45,1.86,2026-10-10T04:11:44+00:00,false,team_week
2026,3,4130,TE,NO,0.34,0.45,0.56,2026-10-10T04:11:44+00:00,false,team_week
2026,3,4152,RB,GB,8.04,8.49,8.94,2026-10-10T04:11:44+00:00,false,team_week
2026,3,4158,QB,HOU,16.44,16.44,16.44,2026-10-10T04:11:44+00:00,false,team_week
2026,3,4164,WR,IND,0.0,0.0,0.0,2026-10-10T04:11:44+00:00,false,team_week
2026,3,4181,WR,HOU,0.0,0.0,0.0,2026-10-10T04:11:44+00:00,false,team_week
2026,3,4188,QB,WAS,15.92,15.92,15.92,2026-10-10T04:11:44+00:00,false,team_week
2026,3,4191,WR,HOU,4.21,5.43,6.64,2026-10-10T04:11:44+00:00,false,team_week
2026,3,4192,TE,KC,7.82,10.26,12.71,2026-10-10T04:11:44+00:00,false,team_week
2026,3,4196,WR,NYG,0.0,0.0,0.0,2026-10-10T04:11:44+00:00,false,team_week
2026,3,4203,QB,CLE,15.81,15.81,15.81,2026-10-10T04:11:44+00:00,false,team_week
2026,3,4204,QB,MIN,0.0,0.0,0.0,2026-10-10T04:11:44+00:00,false,team_week
2026,3,4207,WR,LV,1.05,1.36,1.67,2026-10-10T04:11:44+00:00,false,team_week
2026,3,4214,QB,BUF,0.0,0.0,0.0,2026-10-10T04:11:44+00:00,false,team_week
2026,3,4216,TE,DEN,1.34,1.8,2.26,2026-10-10T04:11:44+00:00,false,team_week
2026,3,4222,TE,NYG,3.37,4.46,5.55,2026-10-10T04:11:44+00:00,false,team_week
2026,3,4223,RB,LV,0.0,0.0,0.0,2026-10-10T04:11:44+00:00,false,team_week
2026,3,4237,RB,MIA,15.2,17.35,19.5,2026-10-10T04:11:44+00:00,false,team_week
2026,3,4247,TE,TEN,0.0,0.0,0.0,2026-10-10T04:11:44+00:00,false,team_week
2026,3,4248,WR,LAC,0.0,0.0,0.0,2026-10-10T04:11:44+00:00,false,team_week
2026,3,4255,WR,NO,1.09,1.35,1.62,2026-10-10T04:11:44+00:00,false,team_week
2026,3,4266,TE,CLE,0.0,0.0,0.0,2026-10-10T04:11:44+00:00,false,team_week
2026,3,4271,QB,JAX,0.0,0.0,0.0,2026-10-10T04:11:44+00:00,false,team_week
2026,3,4274,QB,PIT,0.0,0.0,0.0,2026-10-10T04:11:44+00:00,false,team_week
2026,3,4283,RB,DEN,0.38,0.5,0.62,2026-10-10T04:11:44+00:00,false,team_week
2026,3,4286,RB,TB,0.0,0.0,0.0,2026-10-10T04:11:44+00:00,false,team_week
2026,3,4296,TE,CHI,0.56,0.78,1.0,2026-10-10T04:11:44+00:00,false,team_week
2026,3,4305,WR,PHI,3.88,5.09,6.29,2026-10-10T04:11:44+00:00,false,team_week
2026,3,4316,TE,BUF,0.33,0.44,0.55,2026-10-10T04:11:44+00:00,false,team_week
2026,3,4338,WR,NE,0.0,0.0,0.0,2026-10-10T04:11:44+00:00,false,team_week
2026,3,4354,TE,CIN,0.0,0.0,0.0,2026-10-10T04:11:44+00:00,false,team_week
2026,3,4363,WR,WAS,0.0,0.0,0.0,2026-10-10T04:11:44+00:00,false,team_week
2026,3,4368,TE,NO,5.65,7.43,9.21,2026-10-10T04:11:44+00:00,false,team_week
2026,3,4369,WR,TB,1.46,1.84,2.21,2026-10-10T04:11:44+00:00,false,team_week
2026,3,4379,WR,SEA,7.77,9.54,11.31,2026-10-10T04:11:44+00:00,false,team_week
2026,3,4388,TE,WAS,1.91,2.67,3.42,2026-10-10T04:11:44+00:00,false,team_week
2026,3,4422,TE,HOU,0.29,0.41,0.53,2026-10-10T04:11:44+00:00,false,team_week
2026,3,4424,WR,KC,3.7,4.5,5.3,2026-10-10T04:11:44+00:00,false,team_week
2026,3,4437,WR,PHI,5.19,6.36,7.52,2026-10-10T04:11:44+00:00,false,team_week
2026,3,4450,QB,MIN,14.38,14.38,14.38,2026-10-10T04:11:44+00:00,false,team_week
2026,3,4474,WR,CIN,8.24,10.47,12.71,2026-10-10T04:11:44+00:00,false,team_week
2026,3,4485,TE,PHI,0.0,0.0,0.0,2026-10-10T04:11:44+00:00,false,team_week
2026,3,4490,RB,TB,0.49,0.49,0.49,2026-10-10T04:11:44+00:00,false,team_week
2026,3,4493,WR,HOU,0.0,0.0,0.0,2026-10-10T04:11:44+00:00,false,team_week
2026,3,4496,WR,PIT,4.38,5.75,7.13,2026-10-10T04:11:44+00:00,false,team_week
2026,3,4502,WR,KC,3.49,4.39,5.29,2026-10-10T04:11:44+00:00,false,team_week
2026,3,4542,WR,DAL,1.54,1.76,1.98,2026-10-10T04:11:44+00:00,false,team_week
2026,3,4551,WR,LV,2.78,3.78,4.78,2026-10-10T04:11:44+00:00,false,team_week
2026,3,4561,QB,SF,21.02,21.02,21.02,2026-10-10T04:11:44+00:00,false,team_week
2026,3,4566,WR,ATL,0.97,1.27,1.58,2026-10-10T04:11:44+00:00,false,team_week
2026,3,4571,WR,DEN,3.49,4.65,5.81,2026-10-10T04:11:44+00:00,false,team_week
2026,3,4573,WR,CAR,9.66,11.96,14.26,2026-10-10T04:11:44+00:00,false,team_week
2026,3,4581,WR,CAR,8.44,11.09,13.75,2026-10-10T04:11:44+00:00,false,team_week
2026,3,4589,RB,PIT,12.69,14.27,15.86,2026-10-10T04:11:44+00:00,false,team_week
2026,3,4597,RB,IND,0.0,0.0,0.0,2026-10-10T04:11:44+00:00,false,team_week
2026,3,4598,RB,SF,0.0,0.0,0.0,2026-10-10T04:11:44+00:00,false,team_week
2026,3,4602,RB,BUF,3.94,4.61,5.28,2026-10-10T04:11:44+00:00,false,team_week
2026,3,4612,TE,CLE,0.0,0.0,0.0,2026-10-10T04:11:44+00:00,false,team_week
2026,3,4614,RB,GB,0.0,0.0,0.0,2026-10-10T04:11:44+00:00,false,team_week
2026,3,4617,RB,SEA,0.0,0.0,0.0,2026-10-10T04:11:44+00:00,false,team_week
2026,3,4641,WR,KC,1.08,1.35,1.62,2026-10-10T04:11:44+00:00,false,team_week
2026,4,17,WR,DEN,1.99,2.49,2.99,2026-10-10T04:11:44+00:00,false,team_week
2026,4,28,QB,NYJ,14.12,14.12,14.12,2026-10-10T04:11:44+00:00,false,team_week
2026,4,30,RB,SF,1.47,2.02,2.58,2026-10-10T04:11:44+00:00,false,team_week
2026,4,35,WR,GB,0.0,0.0,0.0,2026-10-10T04:11:44+00:00,false,team_week
2026,4,51,TE,LV,9.4,12.66,15.92,2026-10-10T04:11:44+00:00,false,team_week
2026,4,53,WR,DET,0.0,0.0,0.0,2026-10-10T04:11:44+00:00,false,team_week
2026,4,65,RB,PIT,5.94,6.61,7.28,2026-10-10T04:11:44+00:00,false,team_week
2026,4,66,WR,NYJ,10.79,13.23,15.67,2026-10-10T04:11:44+00:00,false,team_week
2026,4,69,QB,CLE,15.1,15.1,15.1,2026-10-10T04:11:44+00:00,false,team_week
2026,4,71,WR,HOU,7.81,10.33,12.86,2026-10-10T04:11:44+00:00,false,team_week
2026,4,137,WR,LA,0.0,0.0,0.0,2026-10-10T04:11:44+00:00,false,team_week
2026,4,142,WR,DET,5.48,7.71,9.94,2026-10-10T04:11:44+00:00,false,team_week
2026,4,155,TE,MIN,1.91,2.64,3.37,2026-10-10T04:11:44+00:00,false,team_week
2026,4,164,RB,MIN,15.39,16.75,18.11,2026-10-10T04:11:44+00:00,false,team_week
2026,4,168,TE,LA,4.33,6.02,7.71,2026-10-10T04:11:44+00:00,false,team_week
2026,4,171,RB,ARI,12.86,14.24,15.62,2026-10-10T04:11:44+00:00,false,team_week
2026,4,175,WR,MIA,0.0,0.0,0.0,2026-10-10T04:11:44+00:00,false,team_week
2026,4,184,TE,SF,0.65,0.85,1.05,2026-10-10T04:11:44+00:00,false,team_week
2026,4,187,RB,KC,3.64,4.38,5.11,2026-10-10T04:11:44+00:00,false,team_week
2026,4,191,QB,DAL,0.0,0.0,0.0,2026-10-10T04:11:44+00:00,false,team_week
2026,4,202,TE,MIA,1.88,2.67,3.46,2026-10-10T04:11:44+00:00,false,team_week
2026,4,203,RB,NO,7.84,9.24,10.63,2026-10-10T04:11:44+00:00,false,team_week
2026,4,213,WR,TB,4.45,5.77,7.09,2026-10-10T04:11:44+00:00,false,team_week
2026,4,216,TE,NYJ,0.0,0.0,0.0,2026-10-10T04:11:44+00:00,false,team_week
2026,4,217,RB,ATL,17.63,19.62,21.61,2026-10-10T04:11:44+00:00,false,team_week
2026,4,243,WR,JAX,10.11,12.66,15.22,2026-10-10T04:11:44+00:00,false,team_week
2026,4,260,TE,HOU,4.98,7.03,9.08,2026-10-10T04:11:44+00:00,false,team_week
2026,4,261,QB,PIT,0.0,0.0,0.0,2026-10-10T04:11:44+00:00,false,team_week
2026,4,270,WR,DEN,6.75,8.65,10.56,2026-10-10T04:11:44+00:00,false,team_week
2026,4,282,QB,BAL,0.0,0.0,0.0,2026-10-10T04:11:44+00:00,false,team_week
2026,4,297,QB,PIT,0.0,0.0,0.0,2026-10-10T04:11:44+00:00,false,team_week
2026,4,303,WR,DAL,10.45,13.7,16.94,2026-10-10T04:11:44+00:00,false,team_week
2026,4,306,QB,DET,17.66,17.66,17.66,2026-10-10T04:11:44+00:00,false,team_week
2026,4,311,QB,NE,16.18,16.18,16.18,2026-10-10T04:11:44+00:00,false,team_week
2026,4,312,QB,TEN,0.0,0.0,0.0,2026-10-10T04:11:44+00:00,false,team_week
2026,4,313,RB,PHI,12.44,13.41,14.38,2026-10-10T04:11:44+00:00,false,team_week
2026,4,319,RB,JAX,11.11,11.94,12.77,2026-10-10T04:11:44+00:00,false,team_week
2026,4,323,WR,JAX,0.0,0.0,0.0,2026-10-10T04:11:44+00:00,false,team_week
2026,4,324,TE,BAL,6.35,8.23,10.11,2026-10-10T04:11:44+00:00,false,team_week
2026,4,325,WR,CHI,8.74,10.87,13.01,2026-10-10T04:11:44+00:00,false,team_week
2026,4,327,QB,TB,0.0,0.0,0.0,2026-10-10T04:11:44+00:00,false,team_week
2026,4,334,WR,IND,4.24,5.37,6.51,2026-10-10T04:11:44+00:00,false,team_week
2026,4,337,RB,TB,13.56,14.82,16.08,2026-10-10T04:11:44+00:00,false,team_week
2026,4,365,TE,MIN,0.0,0.0,0.0,2026-10-10T04:11:44+00:00,false,team_week
2026,4,370,QB,ARI,19.45,19.45,19.45,2026-10-10T04:11:44+00:00,false,team_week
2026,4,373,WR,CLE,2.88,3.74,4.61,2026-10-10T04:11:44+00:00,false,team_week
2026,4,374,WR,WAS,2.21,3.01,3.82,2026-10-10T04:11:44+00:00,false,team_week
2026,4,377,WR,SF,2.16,2.7,3.24,2026-10-10T04:11:44+00:00,false,team_week
2026,4,394,QB,LV,0.0,0.0,0.0,2026-10-10T04:11:44+00:00,false,team_week
2026,4,412,QB,DEN,0.0,0.0,0.0,2026-10-10T04:11:44+00:00,false,team_week
2026,4,426,WR,LV,0.0,0.0,0.0,2026-10-10T04:11:44+00:00,false,team_week
2026,4,440,TE,SEA,2.7,3.63,4.56,2026-10-10T04:11:44+00:00,false,team_week
2026,4,443,RB,CHI,3.44,3.81,4.19,2026-10-10T04:11:44+00:00,false,team_week
2026,4,445,WR,ARI,0.0,0.0,0.0,2026-10-10T04:11:44+00:00,false,team_week
2026,4,453,WR,KC,0.0,0.0,0.0,2026-10-10T04:11:44+00:00,false,team_week
2026,4,468,WR,PHI,0.0,0.0,0.0,2026-10-10T04:11:44+00:00,false,team_week
2026,4,471,WR,ATL,10.77,13.78,16.78,2026-10-10T04:11:44+00:00,false,team_week
2026,4,473,WR,WAS,0.0,0.0,0.0,2026-10-10T04:11:44+00:00,false,team_week
2026,4,480,WR,SF,7.39,9.09,10.79,2026-10-10T04:11:44+00:00,false,team_week
2026,4,482,RB,DET,11.66,12.6,13.55,2026-10-10T04:11:44+00:00,false,team_week
2026,4,487,TE,BUF,2.1,2.69,3.29,2026-10-10T04:11:44+00:00,false,team_week
2026,4,490,WR,SEA,2.39,3.1,3.82,2026-10-10T04:11:44+00:00,false,team_week
2026,4,506,QB,BAL,21.45,21.45,21.45,2026-10-10T04:11:44+00:00,false,team_week
2026,4,508,QB,MIA,0.0,0.0,0.0,2026-10-10T04:11:44+00:00,false,team_week
2026,4,511,RB,BAL,0.0,0.0,0.0,2026-10-10T04:11:44+00:00,false,team_week
2026,4,525,WR,BUF,6.05,7.89,9.73,2026-10-10T04:11:44+00:00,false,team_week
2026,4,529,TE,WAS,0.32,0.43,0.54,2026-10-10T04:11:44+00:00,false,team_week
2026,4,535,RB,LAC,9.06,9.58,10.09,2026-10-10T04:11:44+00:00,false,team_week
2026,4,536,RB,DAL,0.0,0.0,0.0,2026-10-10T04:11:44+00:00,false,team_week
2026,4,547,RB,IND,17.53,19.0,20.47,2026-10-10T04:11:44+00:00,false,team_week
2026,4,557,TE,LA,0.0,0.0,0.0,2026-10-10T04:11:44+00:00,false,team_week
2026,4,559,WR,NYJ,1.3,1.69,2.08,2026-10-10T04:11:44+00:00,false,team_week
2026,4,560,RB,BAL,18.99,19.69,20.38,2026-10-10T04:11:44+00:00,false,team_week
2026,4,561,WR,IND,5.48,7.63,9.78,2026-10-10T04:11:44+00:00,false,team_week
2026,4,567,TE,CHI,1.51,2.1,2.68,2026-10-10T04:11:44+00:00,false,team_week
2026,4,580,RB,GB,4.13,4.52,4.92,2026-10-10T04:11:44+00:00,false,team_week
2026,4,600,WR,ATL,4.25,5.18,6.11,2026-10-10T04:11:44+00:00,false,team_week
2026,4,613,TE,CLE,0.0,0.0,0.0,2026-10-10T04:11:44+00:00,false,team_week
2026,4,625,QB,PHI,17.87,17.87,17.87,2026-10-10T04:11:44+00:00,false,team_week
2026,4,640,WR,ATL,0.58,0.77,0.95,2026-10-10T04:11:44+00:00,false,team_week
2026,4,650,RB,ARI,2.19,2.66,3.13,2026-10-10T04:11:44+00:00,false,team_week
2026,4,669,TE,BUF,0.7,0.91,1.12,2026-10-10T04:11:44+00:00,false,team_week
2026,4,697,QB,TEN,13.2,13.2,13.2,2026-10-10T04:11:44+00:00,false,team_week
2026,4,748,WR,LA,0.33,0.43,0.54,2026-10-10T04:11:44+00:00,false,team_week
2026,4,751,RB,NE,8.97,10.34,11.71,2026-10-10T04:11:44+00:00,false,team_week
2026,4,764,WR,PHI,0.0,0.0,0.0,2026-10-10T04:11:44+00:00,false,team_week
2026,4,767,RB,PIT,5.73,6.17,6.6,2026-10-10T04:11:44+00:00,false,team_week
2026,4,769,TE,JAX,0.93,1.25,1.57,2026-10-10T04:11:44+00:00,false,team_week
2026,4,785,RB,PHI,5.68,6.98,8.28,2026-10-10T04:11:44+00:00,false,team_week
2026,4,786,TE,PIT,4.8,6.48,8.15,2026-10-10T04:11:44+00:00,false,team_week
2026,4,807,RB,DEN,12.07,13.37,14.67,2026-10-10T04:11:44+00:00,false,team_week
2026,4,808,WR,TEN,0.0,0.0,0.0,2026-10-10T04:11:44+00:00,false,team_week
2026,4,810,RB,JAX,0.0,0.0,0.0,2026-10-10T04:11:44+00:00,false,team_week
2026,4,813,WR,CLE,2.72,3.64,4.56,2026-10-10T04:11:44+00:00,false,team_week
2026,4,822,WR,LAC,1.68,2.11,2.53,2026-10-10T04:11:44+00:00,false,team_week
2026,4,824,QB,PIT,0.0,0.0,0.0,2026-10-10T04:11:44+00:00,false,team_week
2026,4,842,QB,SEA,0.0,0.0,0.0,2026-10-10T04:11:44+00:00,false,team_week
2026,4,843,RB,IND,3.06,3.31,3.57,2026-10-10T04:11:44+00:00,false,team_week
2026,4,855,WR,PHI,0.93,1.22,1.52,2026-10-10T04:11:44+00:00,false,team_week
2026,4,856,TE,WAS,0.0,0.0,0.0,2026-10-10T04:11:44+00:00,false,team_week
2026,4,868,RB,NYJ,0.0,0.0,0.0,2026-10-10T04:11:44+00:00,false,team_week
2026,4,869,QB,BUF,22.56,22.56,22.56,2026-10-10T04:11:44+00:00,false,team_week
2026,4,880,RB,KC,0.0,0.0,0.0,2026-10-10T04:11:44+00:00,false,team_week
2026,4,885,WR,PIT,8.82,11.32,13.82,2026-10-10T04:11:44+00:00,false,team_week
2026,4,889,WR,NO,0.0,0.0,0.0,2026-10-10T04:11:44+00:00,false,team_week
2026,4,890,TE,NYG,3.5,4.93,6.35,2026-10-10T04:11:44+00:00,false,team_week
2026,4,902,WR,MIN,4.51,5.67,6.83,2026-10-10T04:11:44+00:00,false,team_week
2026,4,914,RB,PIT,0.31,0.31,0.31,2026-10-10T12:40:28+00:00,false,team_week
2026,4,917,RB,ATL,5.97,7.01,8.06,2026-10-10T04:11:44+00:00,false,team_week
2026,4,920,TE,IND,0.95,1.25,1.56,2026-10-10T04:11:44+00:00,false,team_week
2026,4,959,RB,NO,0.22,0.34,0.47,2026-10-10T04:11:44+00:00,false,team_week
2026,4,992,WR,NO,5.96,7.12,8.28,2026-10-10T04:11:44+00:00,false,team_week
2026,4,999,WR,HOU,3.71,4.73,5.74,2026-10-10T04:11:44+00:00,false,team_week
2026,4,1004,RB,TEN,0.0,0.0,0.0,2026-10-10T04:11:44+00:00,false,team_week
2026,4,1011,RB,CAR,0.79,0.9,1.01,2026-10-10T04:11:44+00:00,false,team_week
2026,4,1014,TE,IND,0.68,0.89,1.1,2026-10-10T04:11:44+00:00,false,team_week
2026,4,1028,QB,NYG,0.0,0.0,0.0,2026-10-10T04:11:44+00:00,false,team_week
2026,4,1029,WR,TEN,4.11,5.1,6.1,2026-10-10T04:11:44+00:00,false,team_week
2026,4,1032,RB,WAS,5.59,5.84,6.08,2026-10-10T04:11:44+00:00,false,team_week
2026,4,1059,TE,IND,1.24,1.7,2.15,2026-10-10T04:11:44+00:00,false,team_week
2026,4,1061,WR,PIT,0.0,0.0,0.0,2026-10-10T04:11:44+00:00,false,team_week
2026,4,1063,RB,LA,10.76,11.97,13.17,2026-10-10T04:11:44+00:00,false,team_week
2026,4,1068,TE,NYJ,2.25,3.21,4.18,2026-10-10T04:11:44+00:00,false,team_week
2026,4,1079,TE,NYG,1.26,1.86,2.46,2026-10-10T04:11:44+00:00,false,team_week
2026,4,1094,TE,BAL,0.0,0.0,0.0,2026-10-10T04:11:44+00:00,false,team_week
2026,4,1095,RB,SEA,17.3,18.91,20.53,2026-10-10T04:11:44+00:00,false,team_week
2026,4,1106,QB,GB,12.39,12.39,12.39,2026-10-10T04:11:44+00:00,false,team_week
2026,4,1107,RB,NYJ,0.0,0.0,0.0,2026-10-10T04:11:44+00:00,false,team_week
2026,4,1110,RB,BUF,15.68,16.66,17.63,2026-10-10T04:11:44+00:00,false,team_week
2026,4,1121,WR,KC,6.72,8.27,9.82,2026-10-10T04:11:44+00:00,false,team_week
2026,4,1131,QB,CHI,15.98,15.98,15.98,2026-10-10T04:11:44+00:00,false,team_week
2026,4,1138,QB,PHI,0.0,0.0,0.0,2026-10-10T04:11:44+00:00,false,team_week
2026,4,1145,QB,NYG,0.0,0.0,0.0,2026-10-10T04:11:44+00:00,false,team_week
2026,4,1152,WR,KC,0.0,0.0,0.0,2026-10-10T04:11:44+00:00,false,team_week
2026,4,1157,QB,IND,0.0,0.0,0.0,2026-10-10T04:11:44+00:00,false,team_week
2026,4,1164,RB,BAL,3.62,4.23,4.85,2026-10-10T04:11:44+00:00,false,team_week
2026,4,1179,TE,DAL,0.46,0.64,0.82,2026-10-10T04:11:44+00:00,false,team_week
2026,4,1186,TE,TEN,0.0,0.0,0.0,2026-10-10T04:11:44+00:00,false,team_week
2026,4,1198,RB,JAX,2.46,2.69,2.92,2026-10-10T04:11:44+00:00,false,team_week
2026,4,1200,RB,NO,7.42,8.13,8.84,2026-10-10T04:11:44+00:00,false,team_week
2026,4,1205,WR,ARI,8.39,10.9,13.41,2026-10-10T04:11:44+00:00,false,team_week
2026,4,1214,WR,NE,5.82,7.5,9.18,2026-10-10T04:11:44+00:00,false,team_week
2026,4,1218,RB,WAS,4.74,4.86,4.98,2026-10-10T04:11:44+00:00,false,team_week
2026,4,1221,WR,NE,3.37,4.27,5.17,2026-10-10T04:11:44+00:00,false,team_week
2026,4,1224,WR,DAL,0.0,0.0,0.0,2026-10-10T04:11:44+00:00,false,team_week
2026,4,1234,WR,HOU,5.2,6.47,7.74,2026-10-10T04:11:44+00:00,false,team_week
2026,4,1245,TE,MIA,0.0,0.0,0.0,2026-10-10T04:11:44+00:00,false,team_week
2026,4,1267,WR,BUF,0.0,0.0,0.0,2026-10-10T04:11:44+00:00,false,team_week
2026,4,1270,RB,DAL,0.69,0.82,0.95,2026-10-10T04:11:44+00:00,false,team_week
2026,4,1273,RB,DEN,0.46,0.58,0.7,2026-10-10T04:11:44+00:00,false,team_week
2026,4,1282,TE,DEN,0.93,1.3,1.67,2026-10-10T04:11:44+00:00,false,team_week
2026,4,1283,WR,WAS,6.02,7.62,9.22,2026-10-10T04:11:44+00:00,false,team_week
2026,4,1285,QB,DAL,17.43,17.43,17.43,2026-10-10T04:11:44+00:00,false,team_week
2026,4,1311,QB,CIN,18.4,18.4,18.4,2026-10-10T04:11:44+00:00,false,team_week
2026,4,1328,RB,CLE,0.0,0.0,0.0,2026-10-10T04:11:44+00:00,false,team_week
2026,4,1335,WR,DEN,1.69,2.17,2.65,2026-10-10T04:11:44+00:00,false,team_week
2026,4,1338,WR,WAS,5.74,7.17,8.59,2026-10-10T04:11:44+00:00,false,team_week
2026,4,1342,WR,IND,8.46,11.05,13.65,2026-10-10T04:11:44+00:00,false,team_week
2026,4,1344,WR,MIN,10.19,12.49,14.79,2026-10-10T04:11:44+00:00,false,team_week
2026,4,1352,TE,ARI,0.93,1.29,1.65,2026-10-10T04:11:44+00:00,false,team_week
2026,4,1354,TE,GB,5.0,6.98,8.95,2026-10-10T04:11:44+00:00,false,team_week
2026,4,1369,TE,LA,2.0,2.72,3.44,2026-10-10T04:11:44+00:00,false,team_week
2026,4,1370,WR,LA,11.89,15.02,18.14,2026-10-10T04:11:44+00:00,false,team_week
2026,4,1372,QB,LA,0.0,0.0,0.0,2026-10-10T04:11:44+00:00,false,team_week
2026,4,1377,TE,GB,0.0,0.0,0.0,2026-10-10T04:11:44+00:00,false,team_week
2026,4,1381,WR,BAL,10.76,13.14,15.53,2026-10-10T04:11:44+00:00,false,team_week
2026,4,1382,TE,LV,3.55,5.01,6.47,2026-10-10T04:11:44+00:00,false,team_week
2026,4,1439,RB,LV,0.93,1.18,1.44,2026-10-10T04:11:44+00:00,false,team_week
2026,4,1459,WR,CAR,0.0,0.0,0.0,2026-10-10T04:11:44+00:00,false,team_week
2026,4,1464,WR,WAS,0.0,0.0,0.0,2026-10-10T04:11:44+00:00,false,team_week
2026,4,1469,RB,DET,3.67,4.05,4.43,2026-10-10T04:11:44+00:00,false,team_week
2026,4,1472,RB,SF,0.0,0.0,0.0,2026-10-10T04:11:44+00:00,false,team_week
2026,4,1483,RB,NYG,0.57,0.67,0.78,2026-10-10T04:11:44+00:00,false,team_week
2026,4,1485,QB,SF,0.0,0.0,0.0,2026-10-10T04:11:44+00:00,false,team_week
2026,4,1502,WR,DAL,5.98,7.79,9.61,2026-10-10T04:11:44+00:00,false,team_week
2026,4,1513,WR,DEN,6.85,8.75,10.65,2026-10-10T04:11:44+00:00,false,team_week
2026,4,1516,RB,BAL,4.25,4.84,5.42,2026-10-10T04:11:44+00:00,false,team_week
2026,4,1517,WR,NYJ,0.0,0.0,0.0,2026-10-10T04:11:44+00:00,false,team_week
2026,4,1532,RB,BUF,0.0,0.0,0.0,2026-10-10T04:11:44+00:00,false,team_week
2026,4,1541,WR,TEN,4.05,5.11,6.17,2026-10-10T04:11:44+00:00,false,team_week
2026,4,1548,TE,MIA,0.49,0.72,0.94,2026-10-10T04:11:44+00:00,false,team_week
2026,4,1567,WR,ARI,0.0,0.0,0.0,2026-10-10T04:11:44+00:00,false,team_week
2026,4,1589,WR,NO,0.0,0.0,0.0,2026-10-10T04:11:44+00:00,false,team_week
2026,4,1613,WR,CIN,0.0,0.0,0.0,2026-10-10T04:11:44+00:00,false,team_week
2026,4,1649,TE,ARI,0.0,0.0,0.0,2026-10-10T04:11:44+00:00,false,team_week
2026,4,1663,RB,LA,7.14,7.65,8.16,2026-10-10T04:11:44+00:00,false,team_week
2026,4,1666,QB,DEN,15.47,15.47,15.47,2026-10-10T04:11:44+00:00,false,team_week
2026,4,1672,WR,LA,1.56,2.03,2.49,2026-10-10T04:11:44+00:00,false,team_week
2026,4,1699,TE,SEA,5.44,6.93,8.42,2026-10-10T04:11:44+00:00,false,team_week
2026,4,1708,WR,SF,6.19,7.97,9.75,2026-10-10T04:11:44+00:00,false,team_week
2026,4,1710,WR,IND,0.9,1.2,1.5,2026-10-10T04:11:44+00:00,false,team_week
2026,4,1726,WR,ARI,4.27,5.33,6.38,2026-10-10T04:11:44+00:00,false,team_week
2026,4,1728,RB,MIA,5.91,6.74,7.56,2026-10-10T04:11:44+00:00,false,team_week
2026,4,1730,QB,NE,17.98,17.98,17.98,2026-10-10T04:11:44+00:00,false,team_week
2026,4,1742,WR,IND,0.0,0.0,0.0,2026-10-10T04:11:44+00:00,false,team_week
2026,4,1743,QB,MIN,0.0,0.0,0.0,2026-10-10T04:11:44+00:00,false,team_week
2026,4,1749,WR,JAX,5.63,6.93,8.23,2026-10-10T04:11:44+00:00,false,team_week
2026,4,1760,QB,CHI,0.0,0.0,0.0,2026-10-10T04:11:44+00:00,false,team_week
2026,4,1761,QB,WAS,0.0,0.0,0.0,2026-10-10T04:11:44+00:00,false,team_week
2026,4,1763,RB,ARI,0.0,0.0,0.0,2026-10-10T04:11:44+00:00,false,team_week
2026,4,1765,QB,ATL,15.01,15.01,15.01,2026-10-10T04:11:44+00:00,false,team_week
2026,4,1768,RB,BUF,1.15,1.26,1.38,2026-10-10T04:11:44+00:00,false,team_week
2026,4,1793,QB,PHI,0.0,0.0,0.0,2026-10-10T04:11:44+00:00,false,team_week
2026,4,1813,TE,KC,1.82,2.46,3.1,2026-10-10T04:11:44+00:00,false,team_week
2026,4,1833,WR,MIA,6.53,8.46,10.38,2026-10-10T04:11:44+00:00,false,team_week
2026,4,1835,TE,KC,0.64,0.85,1.06,2026-10-10T04:11:44+00:00,false,team_week
2026,4,1843,RB,KC,0.25,0.36,0.47,2026-10-10T04:11:44+00:00,false,team_week
2026,4,1846,WR,NE,3.32,4.15,4.97,2026-10-10T04:11:44+00:00,false,team_week
2026,4,1856,WR,HOU,0.0,0.0,0.0,2026-10-10T04:11:44+00:00,false,team_week
2026,4,1860,TE,IND,7.66,10.37,13.08,2026-10-10T04:11:44+00:00,false,team_week
2026,4,1865,WR,WAS,2.71,3.46,4.2,2026-10-10T04:11:44+00:00,false,team_week
2026,4,1866,TE,CAR,1.92,2.52,3.12,2026-10-10T04:11:44+00:00,false,team_week
2026,4,1873,WR,LAC,1.09,1.49,1.9,2026-10-10T04:11:44+00:00,false,team_week
2026,4,1874,WR,SF,1.09,1.37,1.66,2026-10-10T04:11:44+00:00,false,team_week
2026,4,1885,TE,LAC,4.05,5.57,7.1,2026-10-10T04:11:44+00:00,false,team_week
2026,4,1889,WR,MIN,4.41,5.57,6.73,2026-10-10T04:11:44+00:00,false,team_week
2026,4,1891,RB,MIA,7.16,8.1,9.04,2026-10-10T04:11:44+00:00,false,team_week
2026,4,1904,TE,MIN,0.68,0.9,1.13,2026-10-10T04:11:44+00:00,false,team_week
2026,4,1905,QB,LV,0.0,0.0,0.0,2026-10-10T04:11:44+00:00,false,team_week
2026,4,1909,RB,JAX,1.12,1.59,2.06,2026-10-10T04:11:44+00:00,false,team_week
2026,4,1915,QB,DAL,0.0,0.0,0.0,2026-10-10T04:11:44+00:00,false,team_week
2026,4,1921,RB,WAS,10.33,10.8,11.27,2026-10-10T04:11:44+00:00,false,team_week
2026,4,1922,QB,HOU,0.0,0.0,0.0,2026-10-10T04:11:44+00:00,false,team_week
2026,4,1934,RB,TB,0.0,0.0,0.0,2026-10-10T04:11:44+00:00,false,team_week
2026,4,1945,TE,CLE,1.36,1.87,2.38,2026-10-10T04:11:44+00:00,false,team_week
2026,4,1970,TE,ATL,4.39,5.88,7.38,2026-10-10T04:11:44+00:00,false,team_week
2026,4,1997,TE,SF,0.0,0.0,0.0,2026-10-10T04:11:44+00:00,false,team_week
2026,4,2000,QB,NYJ,0.0,0.0,0.0,2026-10-10T04:11:44+00:00,false,team_week
2026,4,2023,WR,MIN,2.32,2.98,3.65,2026-10-10T04:11:44+00:00,false,team_week
2026,4,2028,WR,BUF,6.1,7.96,9.81,2026-10-10T04:11:44+00:00,false,team_week
2026,4,2030,RB,CLE,3.97,5.14,6.31,2026-10-10T04:11:44+00:00,false,team_week
2026,4,2057,WR,NE,0.97,1.26,1.56,2026-10-10T04:11:44+00:00,false,team_week
2026,4,2060,QB,MIN,17.38,17.38,17.38,2026-10-10T04:11:44+00:00,false,team_week
2026,4,2070,WR,LV,0.0,0.0,0.0,2026-10-10T04:11:44+00:00,false,team_week
2026,4,2075,WR,LA,2.16,2.73,3.3,2026-10-10T04:11:44+00:00,false,team_week
2026,4,2089,WR,SEA,0.0,0.0,0.0,2026-10-10T04:11:44+00:00,false,team_week
2026,4,2097,QB,NO,0.0,0.0,0.0,2026-10-10T04:11:44+00:00,false,team_week
2026,4,2102,TE,LA,0.0,0.0,0.0,2026-10-10T04:11:44+00:00,false,team_week
2026,4,2105,RB,LAC,9.48,10.22,10.97,2026-10-10T04:11:44+00:00,false,team_week
2026,4,2110,WR,CIN,0.0,0.0,0.0,2026-10-10T04:11:44+00:00,false,team_week
2026,4,2113,TE,CLE,6.47,8.8,11.14,2026-10-10T04:11:44+00:00,false,team_week
2026,4,2114,WR,JAX,0.54,0.64,0.73,2026-10-10T04:11:44+00:00,false,team_week
2026,4,2126,WR,GB,8.42,10.68,12.94,2026-10-10T04:11:44+00:00,false,team_week
2026,4,2130,WR,DET,4.32,5.32,6.32,2026-10-10T04:11:44+00:00,false,team_week
2026,4,2140,WR,CHI,7.72,10.11,12.5,2026-10-10T04:11:44+00:00,false,team_week
2026,4,2142,TE,LA,0.0,0.0,0.0,2026-10-10T04:11:44+00:00,false,team_week
2026,4,2152,TE,PHI,0.59,0.81,1.03,2026-10-10T04:11:44+00:00,false,team_week
2026,4,2181,RB,LV,2.97,3.1,3.23,2026-10-10T04:11:44+00:00,false,team_week
2026,4,2182,TE,BAL,1.34,1.72,2.09,2026-10-10T04:11:44+00:00,false,team_week
2026,4,2188,WR,CLE,0.29,0.37,0.46,2026-10-10T04:11:44+00:00,false,team_week
2026,4,2190,WR,CIN,3.69,4.72,5.75,2026-10-10T04:11:44+00:00,false,team_week
2026,4,2195,TE,TB,0.28,0.37,0.47,2026-10-10T04:11:44+00:00,false,team_week
2026,4,2201,WR,GB,0.89,1.22,1.54,2026-10-10T04:11:44+00:00,false,team_week
2026,4,2221,WR,NYJ,0.0,0.0,0.0,2026-10-10T04:11:44+00:00,false,team_week
2026,4,2227,RB,DET,21.53,23.9,26.26,2026-10-10T04:11:44+00:00,false,team_week
2026,4,2244,QB,IND,0.0,0.0,0.0,2026-10-10T04:11:44+00:00,false,team_week
2026,4,2250,TE,NYJ,5.76,7.82,9.89,2026-10-10T04:11:44+00:00,false,team_week
2026,4,2251,WR,CIN,0.0,0.0,0.0,2026-10-10T04:11:44+00:00,false,team_week
2026,4,2258,WR,CAR,0.0,0.0,0.0,2026-10-10T04:11:44+00:00,false,team_week
2026,4,2259,WR,TB,4.15,5.23,6.31,2026-10-10T04:11:44+00:00,false,team_week
2026,4,2261,RB,SF,5.03,5.26,5.49,2026-10-10T04:11:44+00:00,false,team_week
2026,4,2269,WR,NO,0.0,0.0,0.0,2026-10-10T04:11:44+00:00,false,team_week
2026,4,2270,WR,ARI,0.0,0.0,0.0,2026-10-10T04:11:44+00:00,false,team_week
2026,4,2271,RB,MIN,0.26,0.38,0.5,2026-10-10T04:11:44+00:00,false,team_week
2026,4,2275,WR,CLE,6.69,8.64,10.6,2026-10-10T04:11:44+00:00,false,team_week
2026,4,2279,WR,NYG,9.21,11.44,13.66,2026-10-10T04:11:44+00:00,false,team_week
2026,4,2282,WR,TEN,1.55,1.98,2.41,2026-10-10T04:11:44+00:00,false,team_week
2026,4,2284,TE,NO,1.84,2.45,3.06,2026-10-10T04:11:44+00:00,false,team_week
2026,4,2290,WR,GB,0.0,0.0,0.0,2026-10-10T04:11:44+00:00,false,team_week
2026,4,2300,WR,IND,2.09,2.67,3.25,2026-10-10T04:11:44+00:00,false,team_week
2026,4,2304,RB,MIN,2.78,2.9,3.01,2026-10-10T04:11:44+00:00,false,team_week
2026,4,2351,QB,TB,15.2,15.2,15.2,2026-10-10T04:11:44+00:00,false,team_week
2026,4,2365,RB,NO,1.83,2.19,2.55,2026-10-10T04:11:44+00:00,false,team_week
2026,4,2404,WR,PIT,0.0,0.0,0.0,2026-10-10T04:11:44+00:00,false,team_week
2026,4,2411,TE,TB,0.0,0.0,0.0,2026-10-10T04:11:44+00:00,false,team_week
2026,4,2414,WR,LA,0.0,0.0,0.0,2026-10-10T04:11:44+00:00,false,team_week
2026,4,2446,WR,BUF,0.0,0.0,0.0,2026-10-10T04:11:44+00:00,false,team_week
2026,4,2449,WR,HOU,0.0,0.0,0.0,2026-10-10T04:11:44+00:00,false,team_week
2026,4,2457,WR,MIA,0.0,0.0,0.0,2026-10-10T04:11:44+00:00,false,team_week
2026,4,2458,RB,PIT,0.0,0.0,0.0,2026-10-10T04:11:44+00:00,false,team_week
2026,4,2461,RB,SEA,0.0,0.0,0.0,2026-10-10T04:11:44+00:00,false,team_week
2026,4,2463,WR,PIT,1.24,1.63,2.03,2026-10-10T04:11:44+00:00,false,team_week
2026,4,2466,TE,LA,1.69,2.31,2.92,2026-10-10T04:11:44+00:00,false,team_week
2026,4,2467,WR,NYJ,0.0,0.0,0.0,2026-10-10T04:11:44+00:00,false,team_week
2026,4,2468,WR,CLE,5.67,7.54,9.41,2026-10-10T04:11:44+00:00,false,team_week
2026,4,2476,WR,MIA,2.35,3.19,4.04,2026-10-10T04:11:44+00:00,false,team_week
2026,4,2491,QB,LA,0.0,0.0,0.0,2026-10-10T04:11:44+00:00,false,team_week
2026,4,2497,WR,TB,0.0,0.0,0.0,2026-10-10T04:11:44+00:00,false,team_week
2026,4,2499,QB,LV,0.0,0.0,0.0,2026-10-10T04:11:44+00:00,false,team_week
2026,4,2510,QB,ARI,0.0,0.0,0.0,2026-10-10T04:11:44+00:00,false,team_week
2026,4,2515,RB,GB,2.53,3.2,3.87,2026-10-10T04:11:44+00:00,false,team_week
2026,4,2518,QB,MIA,0.0,0.0,0.0,2026-10-10T04:11:44+00:00,false,team_week
2026,4,2527,TE,MIA,0.0,0.0,0.0,2026-10-10T04:11:44+00:00,false,team_week
2026,4,2534,QB,LA,16.69,16.69,16.69,2026-10-10T04:11:44+00:00,false,team_week
2026,4,2546,WR,LAC,0.0,0.0,0.0,2026-10-10T04:11:44+00:00,false,team_week
2026,4,2554,TE,MIA,0.0,0.0,0.0,2026-10-10T04:11:44+00:00,false,team_week
2026,4,2575,TE,MIN,5.17,7.12,9.07,2026-10-10T04:11:44+00:00,false,team_week
2026,4,2580,RB,NE,8.08,8.83,9.57,2026-10-10T04:11:44+00:00,false,team_week
2026,4,2587,RB,SEA,8.18,9.28,10.38,2026-10-10T04:11:44+00:00,false,team_week
2026,4,2605,WR,BAL,1.38,1.7,2.01,2026-10-10T04:11:44+00:00,false,team_week
2026,4,2606,RB,CHI,12.27,13.52,14.78,2026-10-10T04:11:44+00:00,false,team_week
2026,4,2608,QB,SEA,15.36,15.36,15.36,2026-10-10T04:11:44+00:00,false,team_week
2026,4,2609,RB,ARI,0.0,0.0,0.0,2026-10-10T04:11:44+00:00,false,team_week
2026,4,2613,QB,MIA,0.0,0.0,0.0,2026-10-10T04:11:44+00:00,false,team_week
2026,4,2614,RB,NYG,0.0,0.0,0.0,2026-10-10T04:11:44+00:00,false,team_week
2026,4,2634,WR,LAC,6.72,9.27,11.82,2026-10-10T04:11:44+00:00,false,team_week
2026,4,2677,WR,CHI,6.89,8.41,9.94,2026-10-10T04:11:44+00:00,false,team_week
2026,4,2698,TE,CIN,0.65,0.91,1.17,2026-10-10T04:11:44+00:00,false,team_week
2026,4,2700,WR,TEN,0.0,0.0,0.0,2026-10-10T04:11:44+00:00,false,team_week
2026,4,2724,RB,SEA,0.48,0.7,0.92,2026-10-10T12:40:28+00:00,false,team_week
2026,4,2730,WR,CIN,12.74,16.63,20.52,2026-10-10T04:11:44+00:00,false,team_week
2026,4,2756,WR,DET,7.12,8.76,10.39,2026-10-10T04:11:44+00:00,false,team_week
2026,4,2772,WR,GB,7.4,9.35,11.29,2026-10-10T04:11:44+00:00,false,team_week
2026,4,2791,TE,CIN,4.48,5.97,7.46,2026-10-10T04:11:44+00:00,false,team_week
2026,4,2795,TE,SF,8.88,11.31,13.75,2026-10-10T04:11:44+00:00,false,team_week
2026,4,2803,RB,BAL,0.23,0.33,0.43,2026-10-10T04:11:44+00:00,false,team_week
2026,4,2805,TE,PHI,0.0,0.0,0.0,2026-10-10T04:11:44+00:00,false,team_week
2026,4,2807,WR,CHI,0.0,0.0,0.0,2026-10-10T04:11:44+00:00,false,team_week
2026,4,2821,RB,SF,0.0,0.0,0.0,2026-10-10T04:11:44+00:00,false,team_week
2026,4,2837,TE,NE,1.28,1.74,2.21,2026-10-10T04:11:44+00:00,false,team_week
2026,4,2843,TE,CAR,3.69,4.89,6.1,2026-10-10T04:11:44+00:00,false,team_week
2026,4,2849,TE,NYG,1.92,2.43,2.94,2026-10-10T04:11:44+00:00,false,team_week
2026,4,2853,RB,NYJ,11.12,11.96,12.79,2026-10-10T04:11:44+00:00,false,team_week
2026,4,2862,WR,NYJ,10.07,13.31,16.55,2026-10-10T04:11:44+00:00,false,team_week
2026,4,2866,RB,WAS,4.05,5.0,5.96,2026-10-10T04:11:44+00:00,false,team_week
2026,4,2870,RB,CIN,0.0,0.0,0.0,2026-10-10T04:11:44+00:00,false,team_week
2026,4,2877,TE,JAX,1.02,1.35,1.68,2026-10-10T04:11:44+00:00,false,team_week
2026,4,2883,RB,DEN,1.11,1.49,1.88,2026-10-10T04:11:44+00:00,false,team_week
2026,4,2893,WR,DEN,0.0,0.0,0.0,2026-10-10T04:11:44+00:00,false,team_week
2026,4,2901,RB,HOU,6.78,7.63,8.49,2026-10-10T04:11:44+00:00,false,team_week
2026,4,2919,RB,HOU,0.0,0.0,0.0,2026-10-10T04:11:44+00:00,false,team_week
2026,4,2929,WR,LA,4.48,5.64,6.8,2026-10-10T04:11:44+00:00,false,team_week
2026,4,2945,RB,DEN,6.27,8.2,10.14,2026-10-10T04:11:44+00:00,false,team_week
2026,4,2955,TE,LA,0.62,0.85,1.07,2026-10-10T04:11:44+00:00,false,team_week
2026,4,2976,WR,JAX,0.0,0.0,0.0,2026-10-10T04:11:44+00:00,false,team_week
2026,4,3007,QB,HOU,0.0,0.0,0.0,2026-10-10T04:11:44+00:00,false,team_week
2026,4,3015,RB,BUF,0.21,0.33,0.45,2026-10-10T04:11:44+00:00,false,team_week
2026,4,3021,WR,JAX,2.9,3.65,4.39,2026-10-10T04:11:44+00:00,false,team_week
2026,4,3024,RB,CAR,0.0,0.0,0.0,2026-10-10T04:11:44+00:00,false,team_week
2026,4,3033,TE,HOU,0.0,0.0,0.0,2026-10-10T04:11:44+00:00,false,team_week
2026,4,3037,WR,NYG,0.0,0.0,0.0,2026-10-10T04:11:44+00:00,false,team_week
2026,4,3056,RB,LV,0.0,0.0,0.0,2026-10-10T04:11:44+00:00,false,team_week
2026,4,3070,RB,TEN,9.86,10.87,11.87,2026-10-10T04:11:44+00:00,false,team_week
2026,4,3077,RB,HOU,0.0,0.0,0.0,2026-10-10T04:11:44+00:00,false,team_week
2026,4,3082,WR,TB,7.91,9.86,11.82,2026-10-10T04:11:44+00:00,false,team_week
2026,4,3116,WR,LV,5.91,7.6,9.29,2026-10-10T04:11:44+00:00,false,team_week
2026,4,3120,WR,NYJ,0.0,0.0,0.0,2026-10-10T04:11:44+00:00,false,team_week
2026,4,3124,WR,BAL,2.25,2.72,3.19,2026-10-10T04:11:44+00:00,false,team_week
2026,4,3127,TE,TB,4.76,6.34,7.93,2026-10-10T04:11:44+00:00,false,team_week
2026,4,3133,TE,ARI,10.12,13.78,17.45,2026-10-10T04:11:44+00:00,false,team_week
2026,4,3139,TE,NE,5.41,7.17,8.93,2026-10-10T04:11:44+00:00,false,team_week
2026,4,3147,WR,WAS,0.0,0.0,0.0,2026-10-10T04:11:44+00:00,false,team_week
2026,4,3161,TE,DET,0.96,1.32,1.68,2026-10-10T04:11:44+00:00,false,team_week
2026,4,3162,WR,NO,2.64,3.3,3.96,2026-10-10T04:11:44+00:00,false,team_week
2026,4,3166,TE,DAL,0.81,1.11,1.41,2026-10-10T04:11:44+00:00,false,team_week
2026,4,3167,RB,CLE,10.39,11.44,12.5,2026-10-10T04:11:44+00:00,false,team_week
2026,4,3189,RB,SF,15.63,17.98,20.33,2026-10-10T04:11:44+00:00,false,team_week
2026,4,3196,RB,LAC,1.35,1.92,2.49,2026-10-10T04:11:44+00:00,false,team_week
2026,4,3203,TE,BAL,0.32,0.41,0.5,2026-10-10T04:11:44+00:00,false,team_week
2026,4,3215,TE,CIN,0.0,0.0,0.0,2026-10-10T04:11:44+00:00,false,team_week
2026,4,3225,QB,JAX,18.71,18.71,18.71,2026-10-10T04:11:44+00:00,false,team_week
2026,4,3226,QB,NYG,0.0,0.0,0.0,2026-10-10T04:11:44+00:00,false,team_week
2026,4,3242,RB,IND,2.65,2.77,2.9,2026-10-10T04:11:44+00:00,false,team_week
2026,4,3247,WR,SEA,14.65,18.3,21.94,2026-10-10T04:11:44+00:00,false,team_week
2026,4,3251,RB,NYJ,7.32,8.3,9.28,2026-10-10T04:11:44+00:00,false,team_week
2026,4,3253,WR,MIA,7.13,9.55,11.97,2026-10-10T04:11:44+00:00,false,team_week
2026,4,3257,WR,CHI,0.15,0.2,0.25,2026-10-10T04:11:44+00:00,false,team_week
2026,4,3258,WR,TEN,0.7,0.9,1.11,2026-10-10T04:11:44+00:00,false,team_week
2026,4,3259,TE,JAX,2.59,3.98,5.37,2026-10-10T04:11:44+00:00,false,team_week
2026,4,3262,TE,NYG,0.0,0.0,0.0,2026-10-10T04:11:44+00:00,false,team_week
2026,4,3270,RB,WAS,3.59,3.95,4.31,2026-10-10T04:11:44+00:00,false,team_week
2026,4,3279,TE,BUF,6.57,8.66,10.74,2026-10-10T04:11:44+00:00,false,team_week
2026,4,3289,WR,DET,12.86,16.52,20.18,2026-10-10T04:11:44+00:00,false,team_week
2026,4,3298,WR,KC,0.0,0.0,0.0,2026-10-10T04:11:44+00:00,false,team_week
2026,4,3302,WR,DAL,1.49,1.87,2.25,2026-10-10T04:11:44+00:00,false,team_week
2026,4,3315,WR,NYG,5.29,6.56,7.83,2026-10-10T04:11:44+00:00,false,team_week
2026,4,3364,RB,LV,14.34,16.62,18.91,2026-10-10T04:11:44+00:00,false,team_week
2026,4,3365,WR,DAL,0.31,0.4,0.49,2026-10-10T04:11:44+00:00,false,team_week
2026,4,3366,QB,IND,0.0,0.0,0.0,2026-10-10T04:11:44+00:00,false,team_week
2026,4,3376,RB,GB,5.46,6.0,6.54,2026-10-10T04:11:44+00:00,false,team_week
2026,4,3378,QB,NYJ,0.0,0.0,0.0,2026-10-10T04:11:44+00:00,false,team_week
2026,4,3388,RB,NYJ,0.0,0.0,0.0,2026-10-10T04:11:44+00:00,false,team_week
2026,4,3399,WR,HOU,2.33,2.94,3.56,2026-10-10T04:11:44+00:00,false,team_week
2026,4,3428,TE,CIN,1.57,2.25,2.94,2026-10-10T04:11:44+00:00,false,team_week
2026,4,3435,WR,PIT,0.86,1.17,1.48,2026-10-10T04:11:44+00:00,false,team_week
2026,4,3442,QB,GB,15.39,15.39,15.39,2026-10-10T04:11:44+00:00,false,team_week
2026,4,3446,RB,MIA,0.65,1.01,1.37,2026-10-10T04:11:44+00:00,false,team_week
2026,4,3448,WR,MIA,0.59,0.77,0.95,2026-10-10T04:11:44+00:00,false,team_week
2026,4,3459,RB,TEN,5.53,6.8,8.07,2026-10-10T04:11:44+00:00,false,team_week
2026,4,3480,RB,BAL,0.0,0.0,0.0,2026-10-10T04:11:44+00:00,false,team_week
2026,4,3482,RB,CHI,6.91,7.6,8.3,2026-10-10T04:11:44+00:00,false,team_week
2026,4,3514,QB,DET,0.0,0.0,0.0,2026-10-10T04:11:44+00:00,false,team_week
2026,4,3524,WR,NO,0.2,0.2,0.2,2026-10-10T04:11:44+00:00,false,team_week
2026,4,3536,RB,KC,4.11,4.59,5.07,2026-10-10T04:11:44+00:00,false,team_week
2026,4,3541,QB,ATL,14.3,14.3,14.3,2026-10-10T04:11:44+00:00,false,team_week
2026,4,3550,TE,DAL,4.61,6.4,8.18,2026-10-10T04:11:44+00:00,false,team_week
2026,4,3561,WR,PHI,3.84,5.05,6.26,2026-10-10T04:11:44+00:00,false,team_week
2026,4,3562,RB,CAR,0.0,0.0,0.0,2026-10-10T04:11:44+00:00,false,team_week
2026,4,3572,TE,WAS,2.46,3.43,4.39,2026-10-10T04:11:44+00:00,false,team_week
2026,4,3578,WR,SEA,1.51,1.87,2.23,2026-10-10T04:11:44+00:00,false,team_week
2026,4,3580,RB,CLE,0.0,0.0,0.0,2026-10-10T04:11:44+00:00,false,team_week
2026,4,3593,TE,BAL,7.5,9.64,11.78,2026-10-10T04:11:44+00:00,false,team_week
2026,4,3594,QB,KC,18.84,18.84,18.84,2026-10-10T04:11:44+00:00,false,team_week
2026,4,3602,QB,CLE,0.0,0.0,0.0,2026-10-10T04:11:44+00:00,false,team_week
2026,4,3604,TE,ATL,0.26,0.37,0.47,2026-10-10T04:11:44+00:00,false,team_week
2026,4,3605,TE,TEN,3.9,5.52,7.14,2026-10-10T04:11:44+00:00,false,team_week
2026,4,3606,WR,BAL,5.58,6.78,7.98,2026-10-10T04:11:44+00:00,false,team_week
2026,4,3615,WR,CIN,4.14,5.55,6.97,2026-10-10T04:11:44+00:00,false,team_week
2026,4,3620,TE,PHI,0.0,0.0,0.0,2026-10-10T04:11:44+00:00,false,team_week
2026,4,3630,WR,WAS,3.94,4.88,5.82,2026-10-10T04:11:44+00:00,false,team_week
2026,4,3648,WR,DAL,0.96,1.28,1.6,2026-10-10T04:11:44+00:00,false,team_week
2026,4,3651,QB,LAC,12.99,12.99,12.99,2026-10-10T04:11:44+00:00,false,team_week
2026,4,3659,WR,NE,3.13,4.3,5.46,2026-10-10T04:11:44+00:00,false,team_week
2026,4,3662,TE,NYJ,0.0,0.0,0.0,2026-10-10T04:11:44+00:00,false,team_week
2026,4,3664,RB,NYG,14.06,15.24,16.43,2026-10-10T04:11:44+00:00,false,team_week
2026,4,3672,TE,DET,6.79,8.99,11.19,2026-10-10T04:11:44+00:00,false,team_week
2026,4,3716,WR,KC,9.46,12.22,14.98,2026-10-10T04:11:44+00:00,false,team_week
2026,4,3721,WR,BAL,2.77,3.4,4.03,2026-10-10T04:11:44+00:00,false,team_week
2026,4,3728,TE,CAR,0.31,0.43,0.55,2026-10-10T04:11:44+00:00,false,team_week
2026,4,3736,WR,CHI,0.16,0.21,0.26,2026-10-10T04:11:44+00:00,false,team_week
2026,4,3780,TE,PHI,0.0,0.0,0.0,2026-10-10T04:11:44+00:00,false,team_week
2026,4,3782,WR,TB,0.0,0.0,0.0,2026-10-10T04:11:44+00:00,false,team_week
2026,4,3785,WR,CAR,1.96,2.45,2.93,2026-10-10T04:11:44+00:00,false,team_week
2026,4,3790,WR,GB,6.4,8.11,9.82,2026-10-10T04:11:44+00:00,false,team_week
2026,4,3792,QB,KC,0.0,0.0,0.0,2026-10-10T04:11:44+00:00,false,team_week
2026,4,3796,WR,SEA,0.99,1.3,1.62,2026-10-10T04:11:44+00:00,false,team_week
2026,4,3802,TE,JAX,4.9,6.46,8.02,2026-10-10T04:11:44+00:00,false,team_week
2026,4,3803,QB,NO,19.02,19.02,19.02,2026-10-10T04:11:44+00:00,false,team_week
2026,4,3806,QB,NYJ,0.0,0.0,0.0,2026-10-10T04:11:44+00:00,false,team_week
2026,4,3808,RB,ARI,0.0,0.0,0.0,2026-10-10T04:11:44+00:00,false,team_week
2026,4,3835,WR,BUF,4.09,5.05,6.01,2026-10-10T04:11:44+00:00,false,team_week
2026,4,3840,TE,JAX,0.0,0.0,0.0,2026-10-10T04:11:44+00:00,false,team_week
2026,4,3843,WR,GB,9.74,12.13,14.51,2026-10-10T04:11:44+00:00,false,team_week
2026,4,3855,WR,LAC,4.49,6.16,7.84,2026-10-10T04:11:44+00:00,false,team_week
2026,4,3862,RB,CIN,12.46,14.36,16.26,2026-10-10T04:11:44+00:00,false,team_week
2026,4,3863,WR,GB,1.2,1.61,2.01,2026-10-10T04:11:44+00:00,false,team_week
2026,4,3864,TE,SEA,1.0,1.3,1.59,2026-10-10T04:11:44+00:00,false,team_week
2026,4,3870,WR,BAL,0.0,0.0,0.0,2026-10-10T04:11:44+00:00,false,team_week
2026,4,3871,TE,CHI,5.34,7.01,8.67,2026-10-10T04:11:44+00:00,false,team_week
2026,4,3874,WR,LV,6.89,8.86,10.84,2026-10-10T04:11:44+00:00,false,team_week
2026,4,3889,TE,WAS,0.0,0.0,0.0,2026-10-10T12:40:28+00:00,false,team_week
2026,4,3890,TE,NE,2.56,3.49,4.41,2026-10-10T04:11:44+00:00,false,team_week
2026,4,3892,WR,MIN,0.0,0.0,0.0,2026-10-10T04:11:44+00:00,false,team_week
2026,4,3925,TE,CAR,0.0,0.0,0.0,2026-10-10T04:11:44+00:00,false,team_week
2026,4,3934,WR,SF,0.0,0.0,0.0,2026-10-10T04:11:44+00:00,false,team_week
2026,4,3939,TE,MIA,0.87,1.14,1.41,2026-10-10T04:11:44+00:00,false,team_week
2026,4,3942,WR,TB,7.77,9.5,11.23,2026-10-10T04:11:44+00:00,false,team_week
2026,4,3945,WR,LAC,5.55,7.06,8.57,2026-10-10T04:11:44+00:00,false,team_week
2026,4,3951,RB,TEN,0.69,0.69,0.69,2026-10-10T04:11:44+00:00,false,team_week
2026,4,3963,RB,PIT,0.0,0.0,0.0,2026-10-10T12:40:28+00:00,false,team_week
2026,4,3965,QB,CAR,20.39,20.39,20.39,2026-10-10T04:11:44+00:00,false,team_week
2026,4,3990,WR,MIA,5.42,7.07,8.72,2026-10-10T04:11:44+00:00,false,team_week
2026,4,3993,WR,NO,11.91,15.09,18.28,2026-10-10T04:11:44+00:00,false,team_week
2026,4,4000,TE,DET,0.0,0.0,0.0,2026-10-10T12:40:28+00:00,false,team_week
2026,4,4017,WR,TB,1.99,2.66,3.32,2026-10-10T04:11:44+00:00,false,team_week
2026,4,4021,WR,NYG,4.81,7.03,9.26,2026-10-10T04:11:44+00:00,false,team_week
2026,4,4023,RB,DEN,0.0,0.0,0.0,2026-10-10T04:11:44+00:00,false,team_week
2026,4,4026,WR,BAL,0.0,0.0,0.0,2026-10-10T04:11:44+00:00,false,team_week
2026,4,4035,WR,TEN,7.46,9.72,11.98,2026-10-10T04:11:44+00:00,false,team_week
2026,4,4048,RB,CAR,13.57,15.11,16.65,2026-10-10T04:11:44+00:00,false,team_week
2026,4,4060,WR,TB,3.32,4.37,5.42,2026-10-10T04:11:44+00:00,false,team_week
2026,4,4079,RB,DAL,0.0,0.0,0.0,2026-10-10T04:11:44+00:00,false,team_week
2026,4,4086,WR,SF,0.0,0.0,0.0,2026-10-10T04:11:44+00:00,false,team_week
2026,4,4092,QB,PHI,0.0,0.0,0.0,2026-10-10T04:11:44+00:00,false,team_week
2026,4,4094,TE,PIT,2.42,3.32,4.23,2026-10-10T04:11:44+00:00,false,team_week
2026,4,4103,RB,PHI,2.09,2.8,3.51,2026-10-10T04:11:44+00:00,false,team_week
2026,4,4106,WR,IND,4.04,5.31,6.58,2026-10-10T04:11:44+00:00,false,team_week
2026,4,4109,TE,MIA,0.67,0.96,1.25,2026-10-10T04:11:44+00:00,false,team_week
2026,4,4130,TE,NO,0.35,0.46,0.57,2026-10-10T04:11:44+00:00,false,team_week
2026,4,4152,RB,GB,10.72,11.15,11.59,2026-10-10T04:11:44+00:00,false,team_week
2026,4,4158,QB,HOU,17.17,17.17,17.17,2026-10-10T04:11:44+00:00,false,team_week
2026,4,4164,WR,IND,0.0,0.0,0.0,2026-10-10T04:11:44+00:00,false,team_week
2026,4,4181,WR,HOU,0.0,0.0,0.0,2026-10-10T04:11:44+00:00,false,team_week
2026,4,4188,QB,WAS,18.78,18.78,18.78,2026-10-10T04:11:44+00:00,false,team_week
2026,4,4191,WR,HOU,3.12,3.93,4.74,2026-10-10T04:11:44+00:00,false,team_week
2026,4,4192,TE,KC,7.32,9.57,11.82,2026-10-10T04:11:44+00:00,false,team_week
2026,4,4196,WR,NYG,0.0,0.0,0.0,2026-10-10T04:11:44+00:00,false,team_week
2026,4,4203,QB,CLE,14.94,14.94,14.94,2026-10-10T04:11:44+00:00,false,team_week
2026,4,4204,QB,MIN,0.0,0.0,0.0,2026-10-10T04:11:44+00:00,false,team_week
2026,4,4207,WR,LV,1.43,1.83,2.24,2026-10-10T04:11:44+00:00,false,team_week
2026,4,4214,QB,BUF,0.0,0.0,0.0,2026-10-10T04:11:44+00:00,false,team_week
2026,4,4216,TE,DEN,1.24,1.71,2.18,2026-10-10T04:11:44+00:00,false,team_week
2026,4,4222,TE,NYG,6.27,8.2,10.12,2026-10-10T04:11:44+00:00,false,team_week
2026,4,4223,RB,LV,0.0,0.0,0.0,2026-10-10T04:11:44+00:00,false,team_week
2026,4,4237,RB,MIA,0.0,0.0,0.0,2026-10-10T04:11:44+00:00,false,team_week
2026,4,4247,TE,TEN,3.9,5.32,6.74,2026-10-10T04:11:44+00:00,false,team_week
2026,4,4248,WR,LAC,0.0,0.0,0.0,2026-10-10T04:11:44+00:00,false,team_week
2026,4,4255,WR,NO,0.94,1.17,1.41,2026-10-10T04:11:44+00:00,false,team_week
2026,4,4266,TE,CLE,0.0,0.0,0.0,2026-10-10T04:11:44+00:00,false,team_week
2026,4,4271,QB,JAX,0.0,0.0,0.0,2026-10-10T04:11:44+00:00,false,team_week
2026,4,4274,QB,PIT,0.0,0.0,0.0,2026-10-10T04:11:44+00:00,false,team_week
2026,4,4283,RB,DEN,0.21,0.32,0.44,2026-10-10T04:11:44+00:00,false,team_week
2026,4,4286,RB,TB,0.0,0.0,0.0,2026-10-10T04:11:44+00:00,false,team_week
2026,4,4296,TE,CHI,0.92,1.25,1.59,2026-10-10T04:11:44+00:00,false,team_week
2026,4,4305,WR,PHI,3.95,5.05,6.16,2026-10-10T04:11:44+00:00,false,team_week
2026,4,4316,TE,BUF,0.3,0.4,0.5,2026-10-10T04:11:44+00:00,false,team_week
2026,4,4338,WR,NE,0.0,0.0,0.0,2026-10-10T04:11:44+00:00,false,team_week
2026,4,4354,TE,CIN,0.61,0.89,1.17,2026-10-10T04:11:44+00:00,false,team_week
2026,4,4363,WR,WAS,0.79,1.0,1.22,2026-10-10T04:11:44+00:00,false,team_week
2026,4,4368,TE,NO,6.64,8.62,10.6,2026-10-10T04:11:44+00:00,false,team_week
2026,4,4369,WR,TB,3.25,3.94,4.64,2026-10-10T04:11:44+00:00,false,team_week
2026,4,4379,WR,SEA,6.89,8.5,10.11,2026-10-10T04:11:44+00:00,false,team_week
2026,4,4388,TE,WAS,0.99,1.31,1.62,2026-10-10T04:11:44+00:00,false,team_week
2026,4,4422,TE,HOU,0.28,0.4,0.52,2026-10-10T04:11:44+00:00,false,team_week
2026,4,4424,WR,KC,3.49,4.32,5.16,2026-10-10T04:11:44+00:00,false,team_week
2026,4,4437,WR,PHI,6.96,8.76,10.56,2026-10-10T04:11:44+00:00,false,team_week
2026,4,4450,QB,MIN,15.61,15.61,15.61,2026-10-10T04:11:44+00:00,false,team_week
2026,4,4474,WR,CIN,8.92,11.31,13.71,2026-10-10T04:11:44+00:00,false,team_week
2026,4,4485,TE,PHI,0.0,0.0,0.0,2026-10-10T04:11:44+00:00,false,team_week
2026,4,4490,RB,TB,1.13,1.13,1.13,2026-10-10T04:11:44+00:00,false,team_week
2026,4,4493,WR,HOU,10.02,12.68,15.34,2026-10-10T04:11:44+00:00,false,team_week
2026,4,4496,WR,PIT,5.1,6.75,8.39,2026-10-10T04:11:44+00:00,false,team_week
2026,4,4502,WR,KC,3.81,5.03,6.24,2026-10-10T04:11:44+00:00,false,team_week
2026,4,4542,WR,DAL,1.57,1.79,2.01,2026-10-10T04:11:44+00:00,false,team_week
2026,4,4551,WR,LV,0.0,0.0,0.0,2026-10-10T04:11:44+00:00,false,team_week
2026,4,4561,QB,SF,18.93,18.93,18.93,2026-10-10T04:11:44+00:00,false,team_week
2026,4,4566,WR,ATL,1.65,2.13,2.6,2026-10-10T04:11:44+00:00,false,team_week
2026,4,4571,WR,DEN,3.11,4.2,5.29,2026-10-10T04:11:44+00:00,false,team_week
2026,4,4573,WR,CAR,11.19,13.54,15.89,2026-10-10T04:11:44+00:00,false,team_week
2026,4,4581,WR,CAR,0.0,0.0,0.0,2026-10-10T04:11:44+00:00,false,team_week
2026,4,4589,RB,PIT,13.98,15.54,17.11,2026-10-10T04:11:44+00:00,false,team_week
2026,4,4597,RB,IND,0.0,0.0,0.0,2026-10-10T04:11:44+00:00,false,team_week
2026,4,4598,RB,SF,0.0,0.0,0.0,2026-10-10T04:11:44+00:00,false,team_week
2026,4,4602,RB,BUF,3.19,3.83,4.48,2026-10-10T04:11:44+00:00,false,team_week
2026,4,4612,TE,CLE,0.0,0.0,0.0,2026-10-10T04:11:44+00:00,false,team_week
2026,4,4614,RB,GB,0.0,0.0,0.0,2026-10-10T04:11:44+00:00,false,team_week
2026,4,4617,RB,SEA,0.0,0.0,0.0,2026-10-10T04:11:44+00:00,false,team_week
2026,4,4641,WR,KC,1.39,1.77,2.16,2026-10-10T04:11:44+00:00,false,team_week
2026,5,17,WR,DEN,4.19,5.14,6.1,2026-10-10T04:11:44+00:00,true,team_week
2026,5,28,QB,NYJ,16.15,16.15,16.15,2026-10-10T04:11:44+00:00,true,team_week
2026,5,30,RB,SF,0.0,0.0,0.0,2026-10-10T04:11:44+00:00,true,team_week
2026,5,35,WR,GB,0.0,0.0,0.0,2026-10-10T04:11:44+00:00,true,team_week
2026,5,51,TE,LV,9.84,13.08,16.32,2026-10-10T04:11:44+00:00,true,team_week
2026,5,53,WR,DET,0.0,0.0,0.0,2026-10-10T04:11:44+00:00,true,team_week
2026,5,65,RB,PIT,6.12,6.52,6.93,2026-10-10T04:11:44+00:00,true,team_week
2026,5,66,WR,NYJ,11.04,13.29,15.54,2026-10-10T04:11:44+00:00,true,team_week
2026,5,69,QB,CLE,13.49,13.49,13.49,2026-10-10T04:11:44+00:00,true,team_week
2026,5,71,WR,HOU,0.0,0.0,0.0,2026-10-10T04:11:44+00:00,true,team_week
2026,5,137,WR,LA,0.0,0.0,0.0,2026-10-10T04:11:44+00:00,true,team_week
2026,5,142,WR,DET,4.26,6.07,7.89,2026-10-10T04:11:44+00:00,true,team_week
2026,5,155,TE,MIN,0.76,1.09,1.42,2026-10-10T04:11:44+00:00,true,team_week
2026,5,164,RB,MIN,14.52,15.99,17.46,2026-10-10T04:11:44+00:00,true,team_week
2026,5,168,TE,LA,1.96,2.69,3.42,2026-10-10T04:11:44+00:00,true,team_week
2026,5,171,RB,ARI,11.8,13.12,14.44,2026-10-10T04:11:44+00:00,true,team_week
2026,5,175,WR,MIA,0.0,0.0,0.0,2026-10-10T04:11:44+00:00,true,team_week
2026,5,184,TE,SF,0.9,1.21,1.53,2026-10-10T04:11:44+00:00,true,team_week
2026,5,187,RB,KC,4.42,5.14,5.87,2026-10-10T04:11:44+00:00,true,team_week
2026,5,191,QB,DAL,0.0,0.0,0.0,2026-10-10T04:11:44+00:00,true,team_week
2026,5,202,TE,MIA,1.57,2.22,2.87,2026-10-10T04:11:44+00:00,true,team_week
2026,5,203,RB,NO,8.21,9.71,11.22,2026-10-10T04:11:44+00:00,true,team_week
2026,5,213,WR,TB,3.92,5.39,6.86,2026-10-10T04:11:44+00:00,false,team_week
2026,5,216,TE,NYJ,0.0,0.0,0.0,2026-10-10T04:11:44+00:00,true,team_week
2026,5,217,RB,ATL,19.06,20.71,22.37,2026-10-10T04:11:44+00:00,true,team_week
2026,5,243,WR,JAX,9.49,11.72,13.95,2026-10-10T04:11:44+00:00,true,team_week
2026,5,260,TE,HOU,4.24,6.17,8.1,2026-10-10T04:11:44+00:00,true,team_week
2026,5,261,QB,PIT,0.0,0.0,0.0,2026-10-10T04:11:44+00:00,true,team_week
2026,5,270,WR,DEN,6.95,8.61,10.27,2026-10-10T04:11:44+00:00,true,team_week
2026,5,282,QB,BAL,0.0,0.0,0.0,2026-10-10T04:11:44+00:00,true,team_week
2026,5,297,QB,PIT,0.0,0.0,0.0,2026-10-10T04:11:44+00:00,true,team_week
2026,5,303,WR,DAL,11.83,15.51,19.19,2026-10-10T04:11:44+00:00,false,team_week
2026,5,306,QB,DET,19.73,19.73,19.73,2026-10-10T04:11:44+00:00,true,team_week
2026,5,311,QB,NE,19.03,19.03,19.03,2026-10-10T04:11:44+00:00,true,team_week
2026,5,312,QB,TEN,0.0,0.0,0.0,2026-10-10T04:11:44+00:00,true,team_week
2026,5,313,RB,PHI,0.0,0.0,0.0,2026-10-10T04:11:44+00:00,true,team_week
2026,5,319,RB,JAX,12.16,13.08,14.01,2026-10-10T04:11:44+00:00,true,team_week
2026,5,323,WR,JAX,0.0,0.0,0.0,2026-10-10T04:11:44+00:00,true,team_week
2026,5,324,TE,BAL,5.31,7.43,9.56,2026-10-10T04:11:44+00:00,true,team_week
2026,5,325,WR,CHI,0.0,0.0,0.0,2026-10-10T04:11:44+00:00,true,team_week
2026,5,327,QB,TB,0.0,0.0,0.0,2026-10-10T04:11:44+00:00,false,team_week
2026,5,334,WR,IND,0.0,0.0,0.0,2026-10-10T04:11:44+00:00,true,team_week
2026,5,337,RB,TB,12.82,14.09,15.36,2026-10-10T04:11:44+00:00,false,team_week
2026,5,365,TE,MIN,0.0,0.0,0.0,2026-10-10T04:11:44+00:00,true,team_week
2026,5,370,QB,ARI,18.08,18.08,18.08,2026-10-10T04:11:44+00:00,true,team_week
2026,5,373,WR,CLE,2.96,3.82,4.68,2026-10-10T04:11:44+00:00,true,team_week
2026,5,374,WR,WAS,1.93,2.55,3.17,2026-10-10T04:11:44+00:00,true,team_week
2026,5,377,WR,SF,1.53,1.9,2.27,2026-10-10T04:11:44+00:00,true,team_week
2026,5,394,QB,LV,0.0,0.0,0.0,2026-10-10T04:11:44+00:00,true,team_week
2026,5,412,QB,DEN,0.0,0.0,0.0,2026-10-10T04:11:44+00:00,true,team_week
2026,5,426,WR,LV,0.0,0.0,0.0,2026-10-10T04:11:44+00:00,true,team_week
2026,5,440,TE,SEA,2.53,3.45,4.38,2026-10-10T04:11:44+00:00,true,team_week
2026,5,443,RB,CHI,0.0,0.0,0.0,2026-10-10T04:11:44+00:00,true,team_week
2026,5,445,WR,ARI,0.43,0.43,0.43,2026-10-10T04:11:44+00:00,true,team_week
2026,5,453,WR,KC,0.0,0.0,0.0,2026-10-10T04:11:44+00:00,true,team_week
2026,5,468,WR,PHI,0.0,0.0,0.0,2026-10-10T04:11:44+00:00,true,team_week
2026,5,471,WR,ATL,10.54,13.31,16.08,2026-10-10T04:11:44+00:00,true,team_week
2026,5,473,WR,WAS,8.61,10.71,12.82,2026-10-10T04:11:44+00:00,true,team_week
2026,5,480,WR,SF,7.52,9.32,11.13,2026-10-10T04:11:44+00:00,true,team_week
2026,5,482,RB,DET,10.07,11.0,11.93,2026-10-10T04:11:44+00:00,true,team_week
2026,5,487,TE,BUF,1.92,2.55,3.17,2026-10-10T04:11:44+00:00,true,team_week
2026,5,490,WR,SEA,3.94,5.05,6.17,2026-10-10T04:11:44+00:00,true,team_week
2026,5,506,QB,BAL,0.0,0.0,0.0,2026-10-10T04:11:44+00:00,true,team_week
2026,5,508,QB,MIA,14.53,14.53,14.53,2026-10-10T04:11:44+00:00,true,team_week
2026,5,511,RB,BAL,0.0,0.0,0.0,2026-10-10T04:11:44+00:00,true,team_week
2026,5,525,WR,BUF,0.0,0.0,0.0,2026-10-10T04:11:44+00:00,true,team_week
2026,5,529,TE,WAS,0.29,0.4,0.5,2026-10-10T04:11:44+00:00,true,team_week
2026,5,535,RB,LAC,9.61,10.11,10.6,2026-10-10T04:11:44+00:00,true,team_week
2026,5,536,RB,DAL,6.44,7.19,7.94,2026-10-10T04:11:44+00:00,true,team_week
2026,5,547,RB,IND,16.32,17.71,19.09,2026-10-10T04:11:44+00:00,true,team_week
2026,5,557,TE,LA,5.05,6.44,7.84,2026-10-10T04:11:44+00:00,true,team_week
2026,5,559,WR,NYJ,0.98,1.26,1.54,2026-10-10T04:11:44+00:00,true,team_week
2026,5,560,RB,BAL,15.15,16.01,16.86,2026-10-10T04:11:44+00:00,true,team_week
2026,5,561,WR,IND,0.0,0.0,0.0,2026-10-10T04:11:44+00:00,true,team_week
2026,5,567,TE,CHI,1.47,2.04,2.61,2026-10-10T04:11:44+00:00,true,team_week
2026,5,600,WR,ATL,3.73,4.58,5.43,2026-10-10T04:11:44+00:00,true,team_week
2026,5,613,TE,CLE,0.0,0.0,0.0,2026-10-10T04:11:44+00:00,true,team_week
2026,5,625,QB,PHI,16.46,16.46,16.46,2026-10-10T04:11:44+00:00,true,team_week
2026,5,640,WR,ATL,0.28,0.37,0.45,2026-10-10T04:11:44+00:00,true,team_week
2026,5,650,RB,ARI,1.63,1.99,2.35,2026-10-10T04:11:44+00:00,true,team_week
2026,5,669,TE,BUF,0.0,0.0,0.0,2026-10-10T04:11:44+00:00,true,team_week
2026,5,697,QB,TEN,13.45,13.45,13.45,2026-10-10T04:11:44+00:00,true,team_week
2026,5,748,WR,LA,0.36,0.46,0.56,2026-10-10T04:11:44+00:00,true,team_week
2026,5,751,RB,NE,10.61,11.99,13.37,2026-10-10T04:11:44+00:00,true,team_week
2026,5,764,WR,PHI,0.0,0.0,0.0,2026-10-10T04:11:44+00:00,true,team_week
2026,5,767,RB,PIT,4.86,5.08,5.3,2026-10-10T04:11:44+00:00,true,team_week
2026,5,769,TE,JAX,1.17,1.61,2.06,2026-10-10T04:11:44+00:00,true,team_week
2026,5,785,RB,PHI,4.88,6.09,7.3,2026-10-10T04:11:44+00:00,false,team_week
2026,5,786,TE,PIT,4.91,6.64,8.37,2026-10-10T04:11:44+00:00,true,team_week
2026,5,807,RB,DEN,14.82,16.21,17.61,2026-10-10T04:11:44+00:00,false,team_week
2026,5,808,WR,TEN,0.0,0.0,0.0,2026-10-10T04:11:44+00:00,true,team_week
2026,5,810,RB,JAX,0.0,0.0,0.0,2026-10-10T04:11:44+00:00,true,team_week
2026,5,813,WR,CLE,0.97,1.36,1.74,2026-10-10T04:11:44+00:00,true,team_week
2026,5,822,WR,LAC,4.28,5.45,6.63,2026-10-10T04:11:44+00:00,true,team_week
2026,5,842,QB,SEA,0.0,0.0,0.0,2026-10-10T04:11:44+00:00,false,team_week
2026,5,843,RB,IND,3.44,3.68,3.92,2026-10-10T04:11:44+00:00,false,team_week
2026,5,855,WR,PHI,0.0,0.0,0.0,2026-10-10T04:11:44+00:00,true,team_week
2026,5,856,TE,WAS,0.0,0.0,0.0,2026-10-10T04:11:44+00:00,true,team_week
2026,5,868,RB,NYJ,0.0,0.0,0.0,2026-10-10T04:11:44+00:00,true,team_week
2026,5,869,QB,BUF,20.27,20.27,20.27,2026-10-10T04:11:44+00:00,true,team_week
2026,5,880,RB,KC,0.0,0.0,0.0,2026-10-10T04:11:44+00:00,true,team_week
2026,5,885,WR,PIT,8.65,10.96,13.28,2026-10-10T04:11:44+00:00,false,team_week
2026,5,889,WR,NO,0.0,0.0,0.0,2026-10-10T04:11:44+00:00,true,team_week
2026,5,890,TE,NYG,3.28,4.51,5.75,2026-10-10T04:11:44+00:00,true,team_week
2026,5,902,WR,MIN,0.0,0.0,0.0,2026-10-10T04:11:44+00:00,true,team_week
2026,5,914,RB,PIT,0.69,0.82,0.94,2026-10-10T12:40:28+00:00,true,team_week
2026,5,917,RB,ATL,7.49,8.45,9.42,2026-10-10T04:11:44+00:00,true,team_week
2026,5,920,TE,IND,0.29,0.39,0.49,2026-10-10T04:11:44+00:00,true,team_week
2026,5,959,RB,NO,0.22,0.34,0.46,2026-10-10T04:11:44+00:00,true,team_week
2026,5,992,WR,NO,6.68,7.95,9.21,2026-10-10T04:11:44+00:00,true,team_week
2026,5,1004,RB,TEN,0.0,0.0,0.0,2026-10-10T04:11:44+00:00,true,team_week
2026,5,1011,RB,CAR,0.0,0.0,0.0,2026-10-10T04:11:44+00:00,true,team_week
2026,5,1014,TE,IND,0.31,0.42,0.52,2026-10-10T04:11:44+00:00,true,team_week
2026,5,1028,QB,NYG,0.0,0.0,0.0,2026-10-10T04:11:44+00:00,true,team_week
2026,5,1029,WR,TEN,4.62,5.74,6.86,2026-10-10T04:11:44+00:00,true,team_week
2026,5,1032,RB,WAS,7.26,7.71,8.15,2026-10-10T04:11:44+00:00,true,team_week
2026,5,1059,TE,IND,0.0,0.0,0.0,2026-10-10T04:11:44+00:00,true,team_week
2026,5,1061,WR,PIT,0.0,0.0,0.0,2026-10-10T04:11:44+00:00,true,team_week
2026,5,1063,RB,LA,14.41,16.15,17.89,2026-10-10T04:11:44+00:00,true,team_week
2026,5,1068,TE,NYJ,1.69,2.38,3.08,2026-10-10T04:11:44+00:00,true,team_week
2026,5,1076,RB,CLE,0.83,1.1,1.36,2026-10-10T04:11:44+00:00,true,team_week
2026,5,1079,TE,NYG,1.24,1.78,2.33,2026-10-10T04:11:44+00:00,true,team_week
2026,5,1094,TE,BAL,1.89,2.58,3.26,2026-10-10T04:11:44+00:00,true,team_week
2026,5,1106,QB,GB,13.99,13.99,13.99,2026-10-10T04:11:44+00:00,true,team_week
2026,5,1107,RB,NYJ,0.0,0.0,0.0,2026-10-10T04:11:44+00:00,true,team_week
2026,5,1110,RB,BUF,13.83,14.86,15.89,2026-10-10T04:11:44+00:00,true,team_week
2026,5,1131,QB,CHI,15.83,15.83,15.83,2026-10-10T04:11:44+00:00,true,team_week
2026,5,1138,QB,PHI,0.0,0.0,0.0,2026-10-10T04:11:44+00:00,true,team_week
2026,5,1145,QB,NYG,0.0,0.0,0.0,2026-10-10T04:11:44+00:00,true,team_week
2026,5,1157,QB,IND,0.0,0.0,0.0,2026-10-10T04:11:44+00:00,true,team_week
2026,5,1164,RB,BAL,6.07,6.94,7.8,2026-10-10T04:11:44+00:00,true,team_week
2026,5,1179,TE,DAL,0.31,0.43,0.54,2026-10-10T04:11:44+00:00,false,team_week
2026,5,1186,TE,TEN,0.0,0.0,0.0,2026-10-10T04:11:44+00:00,true,team_week
2026,5,1198,RB,JAX,0.0,0.0,0.0,2026-10-10T04:11:44+00:00,true,team_week
2026,5,1200,RB,NO,6.41,7.15,7.89,2026-10-10T04:11:44+00:00,true,team_week
2026,5,1205,WR,ARI,11.11,13.97,16.82,2026-10-10T04:11:44+00:00,true,team_week
2026,5,1214,WR,NE,5.36,6.83,8.3,2026-10-10T04:11:44+00:00,true,team_week
2026,5,1218,RB,WAS,4.98,5.09,5.21,2026-10-10T04:11:44+00:00,true,team_week
2026,5,1221,WR,NE,3.05,3.96,4.86,2026-10-10T04:11:44+00:00,true,team_week
2026,5,1224,WR,DAL,0.0,0.0,0.0,2026-10-10T04:11:44+00:00,true,team_week
2026,5,1234,WR,HOU,5.53,6.86,8.19,2026-10-10T04:11:44+00:00,true,team_week
2026,5,1245,TE,MIA,0.0,0.0,0.0,2026-10-10T04:11:44+00:00,true,team_week
2026,5,1267,WR,BUF,0.0,0.0,0.0,2026-10-10T04:11:44+00:00,true,team_week
2026,5,1270,RB,DAL,0.74,0.87,0.99,2026-10-10T04:11:44+00:00,false,team_week
2026,5,1273,RB,DEN,0.75,0.87,1.0,2026-10-10T04:11:44+00:00,true,team_week
2026,5,1282,TE,DEN,0.97,1.32,1.66,2026-10-10T04:11:44+00:00,true,team_week
2026,5,1285,QB,DAL,17.89,17.89,17.89,2026-10-10T04:11:44+00:00,false,team_week
2026,5,1311,QB,CIN,20.35,20.35,20.35,2026-10-10T04:11:44+00:00,true,team_week
2026,5,1328,RB,CLE,0.0,0.0,0.0,2026-10-10T04:11:44+00:00,true,team_week
2026,5,1335,WR,DEN,2.43,3.13,3.82,2026-10-10T04:11:44+00:00,true,team_week
2026,5,1338,WR,WAS,6.32,8.0,9.67,2026-10-10T04:11:44+00:00,true,team_week
2026,5,1342,WR,IND,7.19,9.64,12.09,2026-10-10T04:11:44+00:00,true,team_week
2026,5,1344,WR,MIN,7.41,9.39,11.36,2026-10-10T04:11:44+00:00,true,team_week
2026,5,1352,TE,ARI,1.87,2.51,3.15,2026-10-10T04:11:44+00:00,true,team_week
2026,5,1354,TE,GB,6.08,8.31,10.53,2026-10-10T04:11:44+00:00,true,team_week
2026,5,1369,TE,LA,1.41,1.87,2.33,2026-10-10T04:11:44+00:00,true,team_week
2026,5,1370,WR,LA,14.54,18.15,21.75,2026-10-10T04:11:44+00:00,true,team_week
2026,5,1372,QB,LA,0.0,0.0,0.0,2026-10-10T04:11:44+00:00,true,team_week
2026,5,1377,TE,GB,0.0,0.0,0.0,2026-10-10T04:11:44+00:00,true,team_week
2026,5,1381,WR,BAL,8.47,11.26,14.05,2026-10-10T04:11:44+00:00,true,team_week
2026,5,1382,TE,LV,4.43,6.31,8.19,2026-10-10T04:11:44+00:00,true,team_week
2026,5,1439,RB,LV,0.78,1.02,1.26,2026-10-10T04:11:44+00:00,true,team_week
2026,5,1464,WR,WAS,0.66,0.85,1.05,2026-10-10T04:11:44+00:00,true,team_week
2026,5,1469,RB,DET,3.54,3.94,4.33,2026-10-10T04:11:44+00:00,true,team_week
2026,5,1472,RB,SF,0.0,0.0,0.0,2026-10-10T04:11:44+00:00,true,team_week
2026,5,1483,RB,NYG,1.14,1.47,1.79,2026-10-10T04:11:44+00:00,true,team_week
2026,5,1485,QB,SF,0.0,0.0,0.0,2026-10-10T04:11:44+00:00,true,team_week
2026,5,1502,WR,DAL,5.3,6.88,8.45,2026-10-10T04:11:44+00:00,false,team_week
2026,5,1513,WR,DEN,6.78,8.79,10.8,2026-10-10T04:11:44+00:00,true,team_week
2026,5,1516,RB,BAL,2.61,3.24,3.87,2026-10-10T04:11:44+00:00,true,team_week
2026,5,1517,WR,NYJ,0.0,0.0,0.0,2026-10-10T04:11:44+00:00,true,team_week
2026,5,1532,RB,BUF,0.0,0.0,0.0,2026-10-10T04:11:44+00:00,true,team_week
2026,5,1541,WR,TEN,2.78,3.46,4.14,2026-10-10T04:11:44+00:00,true,team_week
2026,5,1548,TE,MIA,0.0,0.0,0.0,2026-10-10T04:11:44+00:00,true,team_week
2026,5,1567,WR,ARI,0.0,0.0,0.0,2026-10-10T04:11:44+00:00,true,team_week
2026,5,1589,WR,NO,0.0,0.0,0.0,2026-10-10T04:11:44+00:00,true,team_week
2026,5,1613,WR,CIN,0.0,0.0,0.0,2026-10-10T04:11:44+00:00,true,team_week
2026,5,1649,TE,ARI,0.0,0.0,0.0,2026-10-10T04:11:44+00:00,true,team_week
2026,5,1663,RB,LA,7.42,7.91,8.4,2026-10-10T04:11:44+00:00,true,team_week
2026,5,1666,QB,DEN,16.42,16.42,16.42,2026-10-10T04:11:44+00:00,true,team_week
2026,5,1672,WR,LA,1.08,1.42,1.76,2026-10-10T04:11:44+00:00,true,team_week
2026,5,1699,TE,SEA,5.09,6.6,8.11,2026-10-10T04:11:44+00:00,true,team_week
2026,5,1708,WR,SF,1.42,1.93,2.43,2026-10-10T04:11:44+00:00,true,team_week
2026,5,1710,WR,IND,0.0,0.0,0.0,2026-10-10T04:11:44+00:00,true,team_week
2026,5,1726,WR,ARI,4.7,5.7,6.71,2026-10-10T04:11:44+00:00,true,team_week
2026,5,1728,RB,MIA,6.49,7.11,7.72,2026-10-10T04:11:44+00:00,true,team_week
2026,5,1730,QB,NE,18.98,18.98,18.98,2026-10-10T04:11:44+00:00,true,team_week
2026,5,1742,WR,IND,0.0,0.0,0.0,2026-10-10T04:11:44+00:00,true,team_week
2026,5,1743,QB,MIN,0.0,0.0,0.0,2026-10-10T04:11:44+00:00,true,team_week
2026,5,1749,WR,JAX,5.2,6.39,7.58,2026-10-10T04:11:44+00:00,true,team_week
2026,5,1760,QB,CHI,0.0,0.0,0.0,2026-10-10T04:11:44+00:00,true,team_week
2026,5,1761,QB,WAS,20.76,20.76,20.76,2026-10-10T04:11:44+00:00,true,team_week
2026,5,1763,RB,ARI,0.0,0.0,0.0,2026-10-10T04:11:44+00:00,true,team_week
2026,5,1765,QB,ATL,14.73,14.73,14.73,2026-10-10T04:11:44+00:00,true,team_week
2026,5,1768,RB,BUF,0.81,0.92,1.04,2026-10-10T04:11:44+00:00,true,team_week
2026,5,1793,QB,PHI,0.0,0.0,0.0,2026-10-10T04:11:44+00:00,true,team_week
2026,5,1833,WR,MIA,7.22,9.13,11.05,2026-10-10T04:11:44+00:00,true,team_week
2026,5,1846,WR,NE,4.42,5.42,6.41,2026-10-10T04:11:44+00:00,true,team_week
2026,5,1856,WR,HOU,0.0,0.0,0.0,2026-10-10T04:11:44+00:00,true,team_week
2026,5,1860,TE,IND,6.64,9.26,11.88,2026-10-10T04:11:44+00:00,true,team_week
2026,5,1865,WR,WAS,0.0,0.0,0.0,2026-10-10T04:11:44+00:00,true,team_week
2026,5,1873,WR,LAC,1.7,2.23,2.76,2026-10-10T04:11:44+00:00,true,team_week
2026,5,1874,WR,SF,1.73,2.22,2.71,2026-10-10T04:11:44+00:00,true,team_week
2026,5,1885,TE,LAC,3.83,5.04,6.25,2026-10-10T04:11:44+00:00,true,team_week
2026,5,1889,WR,MIN,0.87,1.15,1.44,2026-10-10T04:11:44+00:00,true,team_week
2026,5,1891,RB,MIA,9.28,10.12,10.96,2026-10-10T04:11:44+00:00,true,team_week
2026,5,1904,TE,MIN,0.58,0.8,1.02,2026-10-10T04:11:44+00:00,true,team_week
2026,5,1905,QB,LV,0.0,0.0,0.0,2026-10-10T04:11:44+00:00,true,team_week
2026,5,1909,RB,JAX,0.62,0.85,1.08,2026-10-10T04:11:44+00:00,true,team_week
2026,5,1915,QB,DAL,0.0,0.0,0.0,2026-10-10T04:11:44+00:00,true,team_week
2026,5,1921,RB,WAS,8.37,8.71,9.05,2026-10-10T04:11:44+00:00,true,team_week
2026,5,1922,QB,HOU,0.0,0.0,0.0,2026-10-10T04:11:44+00:00,true,team_week
2026,5,1934,RB,TB,5.82,6.89,7.95,2026-10-10T04:11:44+00:00,true,team_week
2026,5,1945,TE,CLE,0.93,1.26,1.58,2026-10-10T04:11:44+00:00,true,team_week
2026,5,1970,TE,ATL,4.41,5.78,7.14,2026-10-10T04:11:44+00:00,true,team_week
2026,5,1997,TE,SF,0.0,0.0,0.0,2026-10-10T04:11:44+00:00,true,team_week
2026,5,2000,QB,NYJ,0.0,0.0,0.0,2026-10-10T04:11:44+00:00,true,team_week
2026,5,2023,WR,MIN,0.39,0.48,0.58,2026-10-10T04:11:44+00:00,true,team_week
2026,5,2028,WR,BUF,6.61,8.9,11.2,2026-10-10T04:11:44+00:00,true,team_week
2026,5,2030,RB,CLE,3.1,4.11,5.12,2026-10-10T04:11:44+00:00,true,team_week
2026,5,2057,WR,NE,4.44,5.63,6.82,2026-10-10T04:11:44+00:00,true,team_week
2026,5,2060,QB,MIN,15.83,15.83,15.83,2026-10-10T04:11:44+00:00,true,team_week
2026,5,2070,WR,LV,0.0,0.0,0.0,2026-10-10T04:11:44+00:00,true,team_week
2026,5,2075,WR,LA,1.14,1.42,1.7,2026-10-10T04:11:44+00:00,true,team_week
2026,5,2089,WR,SEA,0.0,0.0,0.0,2026-10-10T04:11:44+00:00,true,team_week
2026,5,2097,QB,NO,0.0,0.0,0.0,2026-10-10T04:11:44+00:00,true,team_week
2026,5,2102,TE,LA,0.59,0.84,1.09,2026-10-10T04:11:44+00:00,true,team_week
2026,5,2105,RB,LAC,10.44,11.1,11.75,2026-10-10T04:11:44+00:00,true,team_week
2026,5,2110,WR,CIN,0.61,0.79,0.97,2026-10-10T04:11:44+00:00,true,team_week
2026,5,2113,TE,CLE,7.26,9.63,12.01,2026-10-10T04:11:44+00:00,true,team_week
2026,5,2114,WR,JAX,0.0,0.0,0.0,2026-10-10T04:11:44+00:00,true,team_week
2026,5,2126,WR,GB,8.58,10.69,12.81,2026-10-10T04:11:44+00:00,true,team_week
2026,5,2130,WR,DET,5.33,6.47,7.61,2026-10-10T04:11:44+00:00,true,team_week
2026,5,2140,WR,CHI,7.69,10.01,12.34,2026-10-10T04:11:44+00:00,true,team_week
2026,5,2142,TE,LA,0.0,0.0,0.0,2026-10-10T04:11:44+00:00,true,team_week
2026,5,2152,TE,PHI,0.0,0.0,0.0,2026-10-10T04:11:44+00:00,true,team_week
2026,5,2161,TE,HOU,0.3,0.41,0.53,2026-10-10T04:11:44+00:00,true,team_week
2026,5,2181,RB,LV,4.4,4.65,4.91,2026-10-10T04:11:44+00:00,true,team_week
2026,5,2182,TE,BAL,1.86,2.56,3.27,2026-10-10T04:11:44+00:00,true,team_week
2026,5,2188,WR,CLE,1.0,1.27,1.55,2026-10-10T04:11:44+00:00,true,team_week
2026,5,2190,WR,CIN,4.76,6.09,7.43,2026-10-10T04:11:44+00:00,true,team_week
2026,5,2195,TE,TB,0.26,0.35,0.45,2026-10-10T04:11:44+00:00,false,team_week
2026,5,2201,WR,GB,1.24,1.66,2.08,2026-10-10T04:11:44+00:00,true,team_week
2026,5,2221,WR,NYJ,0.0,0.0,0.0,2026-10-10T04:11:44+00:00,true,team_week
2026,5,2227,RB,DET,22.24,24.67,27.1,2026-10-10T04:11:44+00:00,true,team_week
2026,5,2244,QB,IND,0.0,0.0,0.0,2026-10-10T04:11:44+00:00,true,team_week
2026,5,2250,TE,NYJ,5.75,7.63,9.52,2026-10-10T04:11:44+00:00,true,team_week
2026,5,2251,WR,CIN,0.83,1.04,1.25,2026-10-10T04:11:44+00:00,true,team_week
2026,5,2259,WR,TB,3.72,4.81,5.91,2026-10-10T04:11:44+00:00,false,team_week
2026,5,2261,RB,SF,4.27,4.75,5.23,2026-10-10T04:11:44+00:00,true,team_week
2026,5,2269,WR,NO,0.0,0.0,0.0,2026-10-10T04:11:44+00:00,true,team_week
2026,5,2270,WR,ARI,0.0,0.0,0.0,2026-10-10T04:11:44+00:00,true,team_week
2026,5,2271,RB,MIN,0.0,0.0,0.0,2026-10-10T04:11:44+00:00,true,team_week
2026,5,2275,WR,CLE,7.76,9.87,11.97,2026-10-10T04:11:44+00:00,true,team_week
2026,5,2279,WR,NYG,8.79,11.18,13.56,2026-10-10T04:11:44+00:00,true,team_week
2026,5,2282,WR,TEN,1.84,2.31,2.78,2026-10-10T04:11:44+00:00,true,team_week
2026,5,2284,TE,NO,1.69,2.29,2.9,2026-10-10T04:11:44+00:00,true,team_week
2026,5,2290,WR,GB,0.0,0.0,0.0,2026-10-10T04:11:44+00:00,true,team_week
2026,5,2300,WR,IND,1.87,2.44,3.01,2026-10-10T04:11:44+00:00,true,team_week
2026,5,2304,RB,MIN,2.75,2.87,2.99,2026-10-10T04:11:44+00:00,true,team_week
2026,5,2351,QB,TB,13.31,13.31,13.31,2026-10-10T04:11:44+00:00,false,team_week
2026,5,2365,RB,NO,1.54,1.9,2.26,2026-10-10T04:11:44+00:00,true,team_week
2026,5,2404,WR,PIT,0.0,0.0,0.0,2026-10-10T04:11:44+00:00,true,team_week
2026,5,2411,TE,TB,0.0,0.0,0.0,2026-10-10T04:11:44+00:00,false,team_week
2026,5,2414,WR,LA,0.0,0.0,0.0,2026-10-10T04:11:44+00:00,true,team_week
2026,5,2446,WR,BUF,1.16,1.51,1.86,2026-10-10T04:11:44+00:00,true,team_week
2026,5,2449,WR,HOU,0.0,0.0,0.0,2026-10-10T04:11:44+00:00,true,team_week
2026,5,2457,WR,MIA,0.0,0.0,0.0,2026-10-10T04:11:44+00:00,true,team_week
2026,5,2458,RB,PIT,0.0,0.0,0.0,2026-10-10T04:11:44+00:00,true,team_week
2026,5,2461,RB,SEA,0.0,0.0,0.0,2026-10-10T04:11:44+00:00,true,team_week
2026,5,2463,WR,PIT,5.05,6.51,7.96,2026-10-10T04:11:44+00:00,true,team_week
2026,5,2466,TE,LA,0.0,0.0,0.0,2026-10-10T04:11:44+00:00,true,team_week
2026,5,2467,WR,NYJ,0.0,0.0,0.0,2026-10-10T04:11:44+00:00,true,team_week
2026,5,2468,WR,CLE,6.13,8.32,10.52,2026-10-10T04:11:44+00:00,true,team_week
2026,5,2476,WR,MIA,4.09,5.37,6.65,2026-10-10T04:11:44+00:00,true,team_week
2026,5,2491,QB,LA,0.0,0.0,0.0,2026-10-10T04:11:44+00:00,true,team_week
2026,5,2497,WR,TB,0.47,0.64,0.8,2026-10-10T04:11:44+00:00,false,team_week
2026,5,2499,QB,LV,0.0,0.0,0.0,2026-10-10T04:11:44+00:00,true,team_week
2026,5,2510,QB,ARI,0.0,0.0,0.0,2026-10-10T04:11:44+00:00,true,team_week
2026,5,2515,RB,GB,0.0,0.0,0.0,2026-10-10T04:11:44+00:00,true,team_week
2026,5,2518,QB,MIA,0.0,0.0,0.0,2026-10-10T04:11:44+00:00,true,team_week
2026,5,2527,TE,MIA,0.0,0.0,0.0,2026-10-10T04:11:44+00:00,true,team_week
2026,5,2534,QB,LA,18.37,18.37,18.37,2026-10-10T04:11:44+00:00,true,team_week
2026,5,2546,WR,LAC,0.0,0.0,0.0,2026-10-10T04:11:44+00:00,true,team_week
2026,5,2554,TE,MIA,0.0,0.0,0.0,2026-10-10T04:11:44+00:00,true,team_week
2026,5,2575,TE,MIN,5.39,7.89,10.39,2026-10-10T04:11:44+00:00,true,team_week
2026,5,2580,RB,NE,9.22,9.9,10.58,2026-10-10T04:11:44+00:00,true,team_week
2026,5,2587,RB,SEA,5.74,6.66,7.57,2026-10-10T04:11:44+00:00,true,team_week
2026,5,2605,WR,BAL,0.0,0.0,0.0,2026-10-10T04:11:44+00:00,true,team_week
2026,5,2606,RB,CHI,14.78,16.01,17.24,2026-10-10T04:11:44+00:00,true,team_week
2026,5,2608,QB,SEA,15.04,15.04,15.04,2026-10-10T04:11:44+00:00,true,team_week
2026,5,2609,RB,ARI,0.0,0.0,0.0,2026-10-10T04:11:44+00:00,true,team_week
2026,5,2613,QB,MIA,0.0,0.0,0.0,2026-10-10T04:11:44+00:00,true,team_week
2026,5,2614,RB,NYG,0.0,0.0,0.0,2026-10-10T04:11:44+00:00,true,team_week
2026,5,2634,WR,LAC,6.6,8.55,10.5,2026-10-10T04:11:44+00:00,true,team_week
2026,5,2677,WR,CHI,7.45,9.21,10.97,2026-10-10T04:11:44+00:00,true,team_week
2026,5,2698,TE,CIN,0.72,0.99,1.25,2026-10-10T04:11:44+00:00,true,team_week
2026,5,2700,WR,TEN,0.0,0.0,0.0,2026-10-10T04:11:44+00:00,true,team_week
2026,5,2724,RB,SEA,0.45,0.68,0.91,2026-10-10T12:40:28+00:00,true,team_week
2026,5,2730,WR,CIN,13.87,17.87,21.87,2026-10-10T04:11:44+00:00,true,team_week
2026,5,2756,WR,DET,7.36,9.17,10.97,2026-10-10T04:11:44+00:00,true,team_week
2026,5,2772,WR,GB,6.28,8.23,10.17,2026-10-10T04:11:44+00:00,true,team_week
2026,5,2791,TE,CIN,4.64,5.98,7.33,2026-10-10T04:11:44+00:00,true,team_week
2026,5,2795,TE,SF,8.68,11.19,13.69,2026-10-10T04:11:44+00:00,true,team_week
2026,5,2803,RB,BAL,0.43,0.63,0.84,2026-10-10T04:11:44+00:00,true,team_week
2026,5,2805,TE,PHI,0.0,0.0,0.0,2026-10-10T04:11:44+00:00,true,team_week
2026,5,2807,WR,CHI,5.65,7.85,10.06,2026-10-10T04:11:44+00:00,true,team_week
2026,5,2821,RB,SF,0.0,0.0,0.0,2026-10-10T04:11:44+00:00,true,team_week
2026,5,2837,TE,NE,2.35,3.11,3.86,2026-10-10T04:11:44+00:00,true,team_week
2026,5,2849,TE,NYG,1.58,2.02,2.46,2026-10-10T04:11:44+00:00,true,team_week
2026,5,2853,RB,NYJ,11.88,13.03,14.18,2026-10-10T04:11:44+00:00,true,team_week
2026,5,2862,WR,NYJ,8.99,11.91,14.83,2026-10-10T04:11:44+00:00,true,team_week
2026,5,2866,RB,WAS,2.91,3.36,3.81,2026-10-10T04:11:44+00:00,true,team_week
2026,5,2870,RB,CIN,0.0,0.0,0.0,2026-10-10T04:11:44+00:00,true,team_week
2026,5,2877,TE,JAX,1.73,2.25,2.78,2026-10-10T04:11:44+00:00,true,team_week
2026,5,2883,RB,DEN,1.73,2.22,2.71,2026-10-10T04:11:44+00:00,true,team_week
2026,5,2893,WR,DEN,0.67,0.86,1.06,2026-10-10T04:11:44+00:00,true,team_week
2026,5,2901,RB,HOU,6.03,6.86,7.69,2026-10-10T04:11:44+00:00,true,team_week
2026,5,2919,RB,HOU,0.0,0.0,0.0,2026-10-10T04:11:44+00:00,true,team_week
2026,5,2929,WR,LA,3.79,4.88,5.98,2026-10-10T04:11:44+00:00,true,team_week
2026,5,2945,RB,DEN,7.19,9.23,11.28,2026-10-10T04:11:44+00:00,true,team_week
2026,5,2955,TE,LA,0.0,0.0,0.0,2026-10-10T04:11:44+00:00,true,team_week
2026,5,2976,WR,JAX,0.0,0.0,0.0,2026-10-10T04:11:44+00:00,true,team_week
2026,5,3007,QB,HOU,0.0,0.0,0.0,2026-10-10T04:11:44+00:00,true,team_week
2026,5,3015,RB,BUF,0.0,0.0,0.0,2026-10-10T04:11:44+00:00,true,team_week
2026,5,3021,WR,JAX,3.72,4.6,5.49,2026-10-10T04:11:44+00:00,true,team_week
2026,5,3033,TE,HOU,0.0,0.0,0.0,2026-10-10T04:11:44+00:00,true,team_week
2026,5,3037,WR,NYG,0.0,0.0,0.0,2026-10-10T04:11:44+00:00,true,team_week
2026,5,3056,RB,LV,0.0,0.0,0.0,2026-10-10T04:11:44+00:00,true,team_week
2026,5,3070,RB,TEN,10.81,11.94,13.08,2026-10-10T04:11:44+00:00,true,team_week
2026,5,3077,RB,HOU,0.0,0.0,0.0,2026-10-10T04:11:44+00:00,true,team_week
2026,5,3082,WR,TB,8.31,10.56,12.81,2026-10-10T04:11:44+00:00,true,team_week
2026,5,3116,WR,LV,5.83,7.49,9.16,2026-10-10T04:11:44+00:00,true,team_week
2026,5,3120,WR,NYJ,0.0,0.0,0.0,2026-10-10T04:11:44+00:00,true,team_week
2026,5,3124,WR,BAL,1.33,1.74,2.16,2026-10-10T04:11:44+00:00,true,team_week
2026,5,3127,TE,TB,4.64,6.32,8.0,2026-10-10T04:11:44+00:00,false,team_week
2026,5,3133,TE,ARI,11.12,14.93,18.74,2026-10-10T04:11:44+00:00,true,team_week
2026,5,3139,TE,NE,4.73,6.22,7.72,2026-10-10T04:11:44+00:00,true,team_week
2026,5,3147,WR,WAS,2.26,2.91,3.56,2026-10-10T04:11:44+00:00,true,team_week
2026,5,3161,TE,DET,1.11,1.49,1.87,2026-10-10T04:11:44+00:00,true,team_week
2026,5,3162,WR,NO,2.43,3.12,3.81,2026-10-10T04:11:44+00:00,true,team_week
2026,5,3166,TE,DAL,0.98,1.32,1.67,2026-10-10T04:11:44+00:00,false,team_week
2026,5,3167,RB,CLE,11.58,13.11,14.64,2026-10-10T04:11:44+00:00,true,team_week
2026,5,3189,RB,SF,14.21,16.49,18.78,2026-10-10T04:11:44+00:00,true,team_week
2026,5,3196,RB,LAC,3.55,4.24,4.93,2026-10-10T04:11:44+00:00,true,team_week
2026,5,3203,TE,BAL,0.5,0.69,0.89,2026-10-10T04:11:44+00:00,true,team_week
2026,5,3215,TE,CIN,0.0,0.0,0.0,2026-10-10T04:11:44+00:00,true,team_week
2026,5,3225,QB,JAX,19.11,19.11,19.11,2026-10-10T04:11:44+00:00,true,team_week
2026,5,3226,QB,NYG,0.0,0.0,0.0,2026-10-10T04:11:44+00:00,true,team_week
2026,5,3242,RB,IND,2.84,3.08,3.33,2026-10-10T04:11:44+00:00,true,team_week
2026,5,3247,WR,SEA,13.13,16.85,20.57,2026-10-10T04:11:44+00:00,true,team_week
2026,5,3251,RB,NYJ,6.84,7.31,7.78,2026-10-10T04:11:44+00:00,true,team_week
2026,5,3253,WR,MIA,6.97,9.19,11.4,2026-10-10T04:11:44+00:00,true,team_week
2026,5,3257,WR,CHI,0.0,0.0,0.0,2026-10-10T04:11:44+00:00,true,team_week
2026,5,3258,WR,TEN,0.81,1.09,1.38,2026-10-10T04:11:44+00:00,true,team_week
2026,5,3259,TE,JAX,2.64,3.85,5.06,2026-10-10T04:11:44+00:00,true,team_week
2026,5,3262,TE,NYG,0.0,0.0,0.0,2026-10-10T04:11:44+00:00,true,team_week
2026,5,3270,RB,WAS,0.0,0.0,0.0,2026-10-10T04:11:44+00:00,true,team_week
2026,5,3279,TE,BUF,5.87,7.92,9.97,2026-10-10T04:11:44+00:00,true,team_week
2026,5,3289,WR,DET,12.79,16.41,20.03,2026-10-10T04:11:44+00:00,true,team_week
2026,5,3302,WR,DAL,1.74,2.22,2.69,2026-10-10T04:11:44+00:00,true,team_week
2026,5,3315,WR,NYG,5.15,6.46,7.77,2026-10-10T04:11:44+00:00,true,team_week
2026,5,3339,RB,HOU,5.96,6.69,7.43,2026-10-10T04:11:44+00:00,true,team_week
2026,5,3364,RB,LV,13.53,15.69,17.86,2026-10-10T04:11:44+00:00,true,team_week
2026,5,3365,WR,DAL,0.63,0.8,0.97,2026-10-10T04:11:44+00:00,false,team_week
2026,5,3366,QB,IND,0.0,0.0,0.0,2026-10-10T04:11:44+00:00,true,team_week
2026,5,3376,RB,GB,7.14,8.24,9.34,2026-10-10T04:11:44+00:00,true,team_week
2026,5,3378,QB,NYJ,0.0,0.0,0.0,2026-10-10T04:11:44+00:00,true,team_week
2026,5,3388,RB,NYJ,0.0,0.0,0.0,2026-10-10T04:11:44+00:00,true,team_week
2026,5,3399,WR,HOU,3.47,4.38,5.28,2026-10-10T04:11:44+00:00,true,team_week
2026,5,3428,TE,CIN,1.04,1.46,1.87,2026-10-10T04:11:44+00:00,true,team_week
2026,5,3435,WR,PIT,1.57,2.11,2.65,2026-10-10T04:11:44+00:00,true,team_week
2026,5,3442,QB,GB,15.78,15.78,15.78,2026-10-10T04:11:44+00:00,true,team_week
2026,5,3446,RB,MIA,0.64,0.96,1.27,2026-10-10T04:11:44+00:00,true,team_week
2026,5,3448,WR,MIA,0.0,0.0,0.0,2026-10-10T04:11:44+00:00,true,team_week
2026,5,3459,RB,TEN,4.63,5.56,6.48,2026-10-10T04:11:44+00:00,true,team_week
2026,5,3480,RB,BAL,0.0,0.0,0.0,2026-10-10T04:11:44+00:00,true,team_week
2026,5,3482,RB,CHI,0.0,0.0,0.0,2026-10-10T04:11:44+00:00,true,team_week
2026,5,3514,QB,DET,0.0,0.0,0.0,2026-10-10T04:11:44+00:00,true,team_week
2026,5,3524,WR,NO,0.18,0.18,0.18,2026-10-10T04:11:44+00:00,true,team_week
2026,5,3541,QB,ATL,14.45,14.45,14.45,2026-10-10T04:11:44+00:00,true,team_week
2026,5,3550,TE,DAL,3.95,5.42,6.9,2026-10-10T04:11:44+00:00,false,team_week
2026,5,3561,WR,PHI,5.84,7.56,9.29,2026-10-10T04:11:44+00:00,true,team_week
2026,5,3572,TE,WAS,0.0,0.0,0.0,2026-10-10T04:11:44+00:00,true,team_week
2026,5,3578,WR,SEA,1.79,2.26,2.73,2026-10-10T04:11:44+00:00,true,team_week
2026,5,3580,RB,CLE,0.0,0.0,0.0,2026-10-10T04:11:44+00:00,true,team_week
2026,5,3593,TE,BAL,7.89,10.39,12.9,2026-10-10T04:11:44+00:00,true,team_week
2026,5,3602,QB,CLE,0.0,0.0,0.0,2026-10-10T04:11:44+00:00,true,team_week
2026,5,3604,TE,ATL,0.51,0.7,0.89,2026-10-10T04:11:44+00:00,true,team_week
2026,5,3605,TE,TEN,3.32,4.59,5.86,2026-10-10T04:11:44+00:00,true,team_week
2026,5,3606,WR,BAL,3.46,4.58,5.7,2026-10-10T04:11:44+00:00,true,team_week
2026,5,3615,WR,CIN,4.57,6.02,7.48,2026-10-10T04:11:44+00:00,true,team_week
2026,5,3620,TE,PHI,0.0,0.0,0.0,2026-10-10T04:11:44+00:00,true,team_week
2026,5,3630,WR,WAS,3.58,4.51,5.43,2026-10-10T04:11:44+00:00,true,team_week
2026,5,3648,WR,DAL,1.5,1.97,2.43,2026-10-10T04:11:44+00:00,true,team_week
2026,5,3651,QB,LAC,14.37,14.37,14.37,2026-10-10T04:11:44+00:00,true,team_week
2026,5,3659,WR,NE,3.28,4.36,5.45,2026-10-10T04:11:44+00:00,true,team_week
2026,5,3662,TE,NYJ,2.41,3.35,4.29,2026-10-10T04:11:44+00:00,true,team_week
2026,5,3664,RB,NYG,11.66,12.55,13.44,2026-10-10T04:11:44+00:00,true,team_week
2026,5,3672,TE,DET,8.36,10.73,13.1,2026-10-10T04:11:44+00:00,true,team_week
2026,5,3721,WR,BAL,0.46,0.63,0.8,2026-10-10T04:11:44+00:00,true,team_week
2026,5,3728,TE,CAR,0.65,0.89,1.13,2026-10-10T04:11:44+00:00,true,team_week
2026,5,3736,WR,CHI,0.33,0.42,0.51,2026-10-10T04:11:44+00:00,true,team_week
2026,5,3780,TE,PHI,0.0,0.0,0.0,2026-10-10T04:11:44+00:00,true,team_week
2026,5,3782,WR,TB,0.0,0.0,0.0,2026-10-10T04:11:44+00:00,false,team_week
2026,5,3790,WR,GB,8.23,10.22,12.2,2026-10-10T04:11:44+00:00,true,team_week
2026,5,3792,QB,KC,0.0,0.0,0.0,2026-10-10T04:11:44+00:00,true,team_week
2026,5,3796,WR,SEA,1.68,2.21,2.73,2026-10-10T04:11:44+00:00,true,team_week
2026,5,3802,TE,JAX,6.01,7.88,9.74,2026-10-10T04:11:44+00:00,true,team_week
2026,5,3803,QB,NO,16.92,16.92,16.92,2026-10-10T04:11:44+00:00,true,team_week
2026,5,3806,QB,NYJ,0.0,0.0,0.0,2026-10-10T04:11:44+00:00,true,team_week
2026,5,3808,RB,ARI,0.0,0.0,0.0,2026-10-10T04:11:44+00:00,true,team_week
2026,5,3835,WR,BUF,7.01,8.81,10.62,2026-10-10T04:11:44+00:00,true,team_week
2026,5,3840,TE,JAX,0.0,0.0,0.0,2026-10-10T04:11:44+00:00,true,team_week
2026,5,3843,WR,GB,9.27,11.57,13.87,2026-10-10T04:11:44+00:00,true,team_week
2026,5,3855,WR,LAC,5.25,6.77,8.29,2026-10-10T04:11:44+00:00,true,team_week
2026,5,3862,RB,CIN,13.24,15.37,17.51,2026-10-10T04:11:44+00:00,true,team_week
2026,5,3863,WR,GB,0.93,1.22,1.51,2026-10-10T04:11:44+00:00,true,team_week
2026,5,3864,TE,SEA,0.31,0.41,0.51,2026-10-10T04:11:44+00:00,true,team_week
2026,5,3870,WR,BAL,0.0,0.0,0.0,2026-10-10T04:11:44+00:00,true,team_week
2026,5,3871,TE,CHI,6.04,7.86,9.67,2026-10-10T04:11:44+00:00,true,team_week
2026,5,3874,WR,LV,6.91,8.83,10.74,2026-10-10T04:11:44+00:00,true,team_week
2026,5,3889,TE,WAS,0.29,0.39,0.49,2026-10-10T12:40:28+00:00,true,team_week
2026,5,3890,TE,NE,1.78,2.4,3.03,2026-10-10T04:11:44+00:00,true,team_week
2026,5,3892,WR,MIN,11.8,15.17,18.54,2026-10-10T04:11:44+00:00,true,team_week
2026,5,3934,WR,SF,0.0,0.0,0.0,2026-10-10T04:11:44+00:00,true,team_week
2026,5,3939,TE,MIA,0.0,0.0,0.0,2026-10-10T04:11:44+00:00,true,team_week
2026,5,3942,WR,TB,6.59,8.19,9.79,2026-10-10T04:11:44+00:00,false,team_week
2026,5,3945,WR,LAC,0.0,0.0,0.0,2026-10-10T04:11:44+00:00,true,team_week
2026,5,3951,RB,TEN,1.64,1.64,1.64,2026-10-10T04:11:44+00:00,true,team_week
2026,5,3963,RB,PIT,0.0,0.0,0.0,2026-10-10T12:40:28+00:00,true,team_week
2026,5,3990,WR,MIA,5.76,7.42,9.07,2026-10-10T04:11:44+00:00,true,team_week
2026,5,3993,WR,NO,10.43,13.51,16.58,2026-10-10T04:11:44+00:00,true,team_week
2026,5,4000,TE,DET,0.0,0.0,0.0,2026-10-10T12:40:28+00:00,true,team_week
2026,5,4017,WR,TB,1.31,1.72,2.14,2026-10-10T04:11:44+00:00,true,team_week
2026,5,4021,WR,NYG,5.02,7.03,9.03,2026-10-10T04:11:44+00:00,true,team_week
2026,5,4023,RB,DEN,0.0,0.0,0.0,2026-10-10T04:11:44+00:00,true,team_week
2026,5,4026,WR,BAL,0.0,0.0,0.0,2026-10-10T04:11:44+00:00,true,team_week
2026,5,4035,WR,TEN,8.74,11.16,13.57,2026-10-10T04:11:44+00:00,true,team_week
2026,5,4060,WR,TB,3.41,4.39,5.38,2026-10-10T04:11:44+00:00,true,team_week
2026,5,4079,RB,DAL,0.0,0.0,0.0,2026-10-10T04:11:44+00:00,false,team_week
2026,5,4086,WR,SF,0.0,0.0,0.0,2026-10-10T04:11:44+00:00,true,team_week
2026,5,4094,TE,PIT,3.27,4.33,5.39,2026-10-10T04:11:44+00:00,true,team_week
2026,5,4099,RB,CHI,6.11,6.7,7.3,2026-10-10T04:11:44+00:00,true,team_week
2026,5,4103,RB,PHI,7.9,9.11,10.31,2026-10-10T04:11:44+00:00,true,team_week
2026,5,4106,WR,IND,3.04,4.13,5.22,2026-10-10T04:11:44+00:00,true,team_week
2026,5,4109,TE,MIA,0.99,1.37,1.75,2026-10-10T04:11:44+00:00,true,team_week
2026,5,4130,TE,NO,0.0,0.0,0.0,2026-10-10T04:11:44+00:00,true,team_week
2026,5,4152,RB,GB,11.92,12.82,13.72,2026-10-10T04:11:44+00:00,true,team_week
2026,5,4158,QB,HOU,15.7,15.7,15.7,2026-10-10T04:11:44+00:00,true,team_week
2026,5,4164,WR,IND,0.0,0.0,0.0,2026-10-10T04:11:44+00:00,true,team_week
2026,5,4181,WR,HOU,0.0,0.0,0.0,2026-10-10T04:11:44+00:00,true,team_week
2026,5,4188,QB,WAS,0.0,0.0,0.0,2026-10-10T04:11:44+00:00,true,team_week
2026,5,4191,WR,HOU,0.94,1.22,1.49,2026-10-10T04:11:44+00:00,true,team_week
2026,5,4196,WR,NYG,0.0,0.0,0.0,2026-10-10T04:11:44+00:00,true,team_week
2026,5,4203,QB,CLE,17.32,17.32,17.32,2026-10-10T04:11:44+00:00,true,team_week
2026,5,4204,QB,MIN,0.0,0.0,0.0,2026-10-10T04:11:44+00:00,true,team_week
2026,5,4207,WR,LV,1.36,1.77,2.18,2026-10-10T04:11:44+00:00,true,team_week
2026,5,4214,QB,BUF,0.0,0.0,0.0,2026-10-10T04:11:44+00:00,true,team_week
2026,5,4216,TE,DEN,1.27,1.7,2.14,2026-10-10T04:11:44+00:00,true,team_week
2026,5,4223,RB,LV,0.0,0.0,0.0,2026-10-10T04:11:44+00:00,true,team_week
2026,5,4237,RB,MIA,0.0,0.0,0.0,2026-10-10T04:11:44+00:00,true,team_week
2026,5,4247,TE,TEN,3.7,5.15,6.61,2026-10-10T04:11:44+00:00,true,team_week
2026,5,4248,WR,LAC,0.0,0.0,0.0,2026-10-10T04:11:44+00:00,true,team_week
2026,5,4255,WR,NO,3.88,4.63,5.38,2026-10-10T04:11:44+00:00,true,team_week
2026,5,4266,TE,CLE,0.0,0.0,0.0,2026-10-10T04:11:44+00:00,true,team_week
2026,5,4271,QB,JAX,0.0,0.0,0.0,2026-10-10T04:11:44+00:00,true,team_week
2026,5,4274,QB,PIT,0.0,0.0,0.0,2026-10-10T04:11:44+00:00,true,team_week
2026,5,4283,RB,DEN,0.23,0.35,0.48,2026-10-10T04:11:44+00:00,true,team_week
2026,5,4286,RB,TB,0.0,0.0,0.0,2026-10-10T04:11:44+00:00,false,team_week
2026,5,4296,TE,CHI,0.91,1.24,1.56,2026-10-10T04:11:44+00:00,true,team_week
2026,5,4305,WR,PHI,4.34,5.41,6.48,2026-10-10T04:11:44+00:00,true,team_week
2026,5,4316,TE,BUF,0.28,0.38,0.48,2026-10-10T04:11:44+00:00,true,team_week
2026,5,4338,WR,NE,0.0,0.0,0.0,2026-10-10T04:11:44+00:00,true,team_week
2026,5,4354,TE,CIN,1.37,1.94,2.5,2026-10-10T04:11:44+00:00,true,team_week
2026,5,4363,WR,WAS,0.0,0.0,0.0,2026-10-10T04:11:44+00:00,true,team_week
2026,5,4368,TE,NO,6.2,8.14,10.09,2026-10-10T04:11:44+00:00,true,team_week
2026,5,4369,WR,TB,2.68,3.3,3.92,2026-10-10T04:11:44+00:00,false,team_week
2026,5,4379,WR,SEA,8.54,10.48,12.42,2026-10-10T04:11:44+00:00,true,team_week
2026,5,4388,TE,WAS,0.6,0.8,1.01,2026-10-10T04:11:44+00:00,true,team_week
2026,5,4422,TE,HOU,0.27,0.38,0.5,2026-10-10T04:11:44+00:00,true,team_week
2026,5,4437,WR,PHI,6.4,8.28,10.16,2026-10-10T04:11:44+00:00,true,team_week
2026,5,4450,QB,MIN,13.26,13.26,13.26,2026-10-10T04:11:44+00:00,true,team_week
2026,5,4474,WR,CIN,8.34,10.59,12.85,2026-10-10T04:11:44+00:00,true,team_week
2026,5,4485,TE,PHI,6.18,8.55,10.93,2026-10-10T04:11:44+00:00,true,team_week
2026,5,4490,RB,TB,1.71,1.71,1.71,2026-10-10T04:11:44+00:00,false,team_week
2026,5,4493,WR,HOU,10.6,13.56,16.51,2026-10-10T04:11:44+00:00,true,team_week
2026,5,4496,WR,PIT,6.69,8.48,10.28,2026-10-10T04:11:44+00:00,true,team_week
2026,5,4502,WR,KC,3.5,4.63,5.75,2026-10-10T04:11:44+00:00,true,team_week
2026,5,4542,WR,DAL,1.24,1.45,1.66,2026-10-10T04:11:44+00:00,false,team_week
2026,5,4551,WR,LV,0.0,0.0,0.0,2026-10-10T04:11:44+00:00,true,team_week
2026,5,4561,QB,SF,18.12,18.12,18.12,2026-10-10T04:11:44+00:00,true,team_week
2026,5,4566,WR,ATL,1.95,2.46,2.98,2026-10-10T04:11:44+00:00,true,team_week
2026,5,4571,WR,DEN,0.0,0.0,0.0,2026-10-10T04:11:44+00:00,true,team_week
2026,5,4589,RB,PIT,11.33,12.92,14.5,2026-10-10T04:11:44+00:00,true,team_week
2026,5,4597,RB,IND,0.0,0.0,0.0,2026-10-10T04:11:44+00:00,true,team_week
2026,5,4598,RB,SF,0.0,0.0,0.0,2026-10-10T04:11:44+00:00,true,team_week
2026,5,4602,RB,BUF,2.78,3.57,4.37,2026-10-10T04:11:44+00:00,true,team_week
2026,5,4612,TE,CLE,0.0,0.0,0.0,2026-10-10T04:11:44+00:00,true,team_week
2026,5,4614,RB,GB,0.0,0.0,0.0,2026-10-10T04:11:44+00:00,true,team_week
2026,5,4617,RB,SEA,0.0,0.0,0.0,2026-10-10T04:11:44+00:00,true,team_week
2026,6,17,WR,DEN,3.89,4.86,5.82,2026-10-10T04:11:44+00:00,true,team_week
2026,6,28,QB,NYJ,13.81,13.81,13.81,2026-10-10T04:11:44+00:00,true,team_week
2026,6,30,RB,SF,0.0,0.0,0.0,2026-10-10T04:11:44+00:00,true,team_week
2026,6,35,WR,GB,2.59,3.35,4.11,2026-10-10T04:11:44+00:00,true,team_week
2026,6,51,TE,LV,10.92,14.17,17.42,2026-10-10T04:11:44+00:00,true,team_week
2026,6,65,RB,PIT,5.15,5.42,5.7,2026-10-10T04:11:44+00:00,true,team_week
2026,6,66,WR,NYJ,11.32,13.46,15.61,2026-10-10T04:11:44+00:00,true,team_week
2026,6,69,QB,CLE,14.99,14.99,14.99,2026-10-10T04:11:44+00:00,true,team_week
2026,6,71,WR,HOU,5.99,8.33,10.67,2026-10-10T04:11:44+00:00,true,team_week
2026,6,137,WR,LA,0.0,0.0,0.0,2026-10-10T04:11:44+00:00,true,team_week
2026,6,142,WR,DET,3.9,5.6,7.3,2026-10-10T04:11:44+00:00,true,team_week
2026,6,155,TE,MIN,0.82,1.1,1.38,2026-10-10T04:11:44+00:00,true,team_week
2026,6,168,TE,LA,2.05,2.75,3.45,2026-10-10T04:11:44+00:00,true,team_week
2026,6,171,RB,ARI,9.7,10.96,12.23,2026-10-10T04:11:44+00:00,true,team_week
2026,6,175,WR,MIA,0.0,0.0,0.0,2026-10-10T04:11:44+00:00,true,team_week
2026,6,184,TE,SF,0.88,1.18,1.47,2026-10-10T04:11:44+00:00,true,team_week
2026,6,191,QB,DAL,0.0,0.0,0.0,2026-10-10T04:11:44+00:00,true,team_week
2026,6,202,TE,MIA,1.8,2.51,3.23,2026-10-10T04:11:44+00:00,true,team_week
2026,6,203,RB,NO,8.83,10.45,12.07,2026-10-10T04:11:44+00:00,true,team_week
2026,6,213,WR,TB,3.59,4.93,6.27,2026-10-10T04:11:44+00:00,true,team_week
2026,6,217,RB,ATL,19.19,20.8,22.41,2026-10-10T04:11:44+00:00,true,team_week
2026,6,243,WR,JAX,9.44,11.69,13.94,2026-10-10T04:11:44+00:00,true,team_week
2026,6,260,TE,HOU,4.18,6.2,8.21,2026-10-10T04:11:44+00:00,true,team_week
2026,6,261,QB,PIT,0.0,0.0,0.0,2026-10-10T04:11:44+00:00,true,team_week
2026,6,270,WR,DEN,6.4,8.08,9.76,2026-10-10T04:11:44+00:00,true,team_week
2026,6,297,QB,PIT,0.0,0.0,0.0,2026-10-10T04:11:44+00:00,true,team_week
2026,6,303,WR,DAL,12.55,16.34,20.14,2026-10-10T04:11:44+00:00,true,team_week
2026,6,311,QB,NE,13.92,13.92,13.92,2026-10-10T04:11:44+00:00,true,team_week
2026,6,312,QB,TEN,0.0,0.0,0.0,2026-10-10T04:11:44+00:00,true,team_week
2026,6,313,RB,PHI,13.37,14.25,15.13,2026-10-10T04:11:44+00:00,true,team_week
2026,6,319,RB,JAX,11.72,12.66,13.59,2026-10-10T04:11:44+00:00,true,team_week
2026,6,323,WR,JAX,0.0,0.0,0.0,2026-10-10T04:11:44+00:00,true,team_week
2026,6,324,TE,BAL,6.31,8.35,10.39,2026-10-10T04:11:44+00:00,true,team_week
2026,6,325,WR,CHI,8.87,11.07,13.26,2026-10-10T04:11:44+00:00,true,team_week
2026,6,327,QB,TB,0.0,0.0,0.0,2026-10-10T04:11:44+00:00,true,team_week
2026,6,334,WR,IND,1.74,2.28,2.81,2026-10-10T04:11:44+00:00,true,team_week
2026,6,337,RB,TB,12.87,14.03,15.19,2026-10-10T04:11:44+00:00,true,team_week
2026,6,373,WR,CLE,3.06,3.91,4.77,2026-10-10T04:11:44+00:00,true,team_week
2026,6,374,WR,WAS,1.89,2.48,3.08,2026-10-10T04:11:44+00:00,true,team_week
2026,6,377,WR,SF,1.82,2.16,2.51,2026-10-10T04:11:44+00:00,true,team_week
2026,6,394,QB,LV,0.0,0.0,0.0,2026-10-10T04:11:44+00:00,true,team_week
2026,6,412,QB,DEN,0.0,0.0,0.0,2026-10-10T04:11:44+00:00,true,team_week
2026,6,426,WR,LV,0.0,0.0,0.0,2026-10-10T04:11:44+00:00,true,team_week
2026,6,440,TE,SEA,2.69,3.7,4.7,2026-10-10T04:11:44+00:00,true,team_week
2026,6,443,RB,CHI,0.0,0.0,0.0,2026-10-10T04:11:44+00:00,true,team_week
2026,6,445,WR,ARI,0.0,0.0,0.0,2026-10-10T04:11:44+00:00,true,team_week
2026,6,453,WR,KC,0.0,0.0,0.0,2026-10-10T04:11:44+00:00,true,team_week
2026,6,468,WR,PHI,0.0,0.0,0.0,2026-10-10T04:11:44+00:00,true,team_week
2026,6,471,WR,ATL,10.33,13.0,15.68,2026-10-10T04:11:44+00:00,true,team_week
2026,6,473,WR,WAS,8.49,10.75,13.02,2026-10-10T04:11:44+00:00,true,team_week
2026,6,480,WR,SF,8.92,10.6,12.27,2026-10-10T04:11:44+00:00,true,team_week
2026,6,482,RB,DET,8.81,9.78,10.76,2026-10-10T04:11:44+00:00,true,team_week
2026,6,487,TE,BUF,1.73,2.25,2.77,2026-10-10T04:11:44+00:00,true,team_week
2026,6,490,WR,SEA,2.77,3.49,4.2,2026-10-10T04:11:44+00:00,true,team_week
2026,6,506,QB,BAL,19.87,19.87,19.87,2026-10-10T04:11:44+00:00,true,team_week
2026,6,508,QB,MIA,0.0,0.0,0.0,2026-10-10T04:11:44+00:00,true,team_week
2026,6,511,RB,BAL,0.0,0.0,0.0,2026-10-10T04:11:44+00:00,true,team_week
2026,6,525,WR,BUF,5.37,6.92,8.47,2026-10-10T04:11:44+00:00,true,team_week
2026,6,529,TE,WAS,0.28,0.4,0.51,2026-10-10T04:11:44+00:00,true,team_week
2026,6,535,RB,LAC,8.57,9.08,9.58,2026-10-10T04:11:44+00:00,true,team_week
2026,6,536,RB,DAL,5.8,6.56,7.33,2026-10-10T04:11:44+00:00,true,team_week
2026,6,547,RB,IND,17.34,18.7,20.05,2026-10-10T04:11:44+00:00,true,team_week
2026,6,557,TE,LA,5.23,6.56,7.89,2026-10-10T04:11:44+00:00,true,team_week
2026,6,559,WR,NYJ,0.0,0.0,0.0,2026-10-10T04:11:44+00:00,true,team_week
2026,6,560,RB,BAL,18.41,19.13,19.85,2026-10-10T04:11:44+00:00,true,team_week
2026,6,561,WR,IND,4.31,6.12,7.93,2026-10-10T04:11:44+00:00,true,team_week
2026,6,567,TE,CHI,1.35,1.88,2.42,2026-10-10T04:11:44+00:00,true,team_week
2026,6,580,RB,GB,3.53,4.05,4.57,2026-10-10T04:11:44+00:00,true,team_week
2026,6,600,WR,ATL,4.0,4.86,5.72,2026-10-10T04:11:44+00:00,true,team_week
2026,6,613,TE,CLE,0.0,0.0,0.0,2026-10-10T04:11:44+00:00,true,team_week
2026,6,625,QB,PHI,18.8,18.8,18.8,2026-10-10T04:11:44+00:00,true,team_week
2026,6,640,WR,ATL,0.27,0.36,0.44,2026-10-10T04:11:44+00:00,true,team_week
2026,6,669,TE,BUF,0.0,0.0,0.0,2026-10-10T04:11:44+00:00,true,team_week
2026,6,697,QB,TEN,13.38,13.38,13.38,2026-10-10T04:11:44+00:00,true,team_week
2026,6,748,WR,LA,0.37,0.47,0.57,2026-10-10T04:11:44+00:00,true,team_week
2026,6,751,RB,NE,10.05,11.47,12.89,2026-10-10T04:11:44+00:00,true,team_week
2026,6,764,WR,PHI,9.12,11.89,14.65,2026-10-10T04:11:44+00:00,true,team_week
2026,6,767,RB,PIT,5.53,5.76,5.98,2026-10-10T04:11:44+00:00,true,team_week
2026,6,769,TE,JAX,1.39,1.8,2.22,2026-10-10T04:11:44+00:00,true,team_week
2026,6,785,RB,PHI,4.75,5.85,6.95,2026-10-10T04:11:44+00:00,true,team_week
2026,6,786,TE,PIT,4.51,6.27,8.04,2026-10-10T04:11:44+00:00,true,team_week
2026,6,807,RB,DEN,15.88,17.32,18.75,2026-10-10T04:11:44+00:00,true,team_week
2026,6,810,RB,JAX,0.0,0.0,0.0,2026-10-10T04:11:44+00:00,true,team_week
2026,6,813,WR,CLE,0.0,0.0,0.0,2026-10-10T04:11:44+00:00,true,team_week
2026,6,822,WR,LAC,1.71,2.15,2.58,2026-10-10T04:11:44+00:00,true,team_week
2026,6,824,QB,PIT,0.0,0.0,0.0,2026-10-10T04:11:44+00:00,true,team_week
2026,6,842,QB,SEA,0.0,0.0,0.0,2026-10-10T04:11:44+00:00,true,team_week
2026,6,843,RB,IND,3.65,3.9,4.15,2026-10-10T04:11:44+00:00,true,team_week
2026,6,855,WR,PHI,0.0,0.0,0.0,2026-10-10T04:11:44+00:00,true,team_week
2026,6,868,RB,NYJ,0.0,0.0,0.0,2026-10-10T04:11:44+00:00,true,team_week
2026,6,869,QB,BUF,23.11,23.11,23.11,2026-10-10T04:11:44+00:00,true,team_week
2026,6,885,WR,PIT,9.17,11.56,13.95,2026-10-10T04:11:44+00:00,true,team_week
2026,6,889,WR,NO,0.0,0.0,0.0,2026-10-10T04:11:44+00:00,true,team_week
2026,6,902,WR,MIN,4.22,5.19,6.16,2026-10-10T04:11:44+00:00,true,team_week
2026,6,914,RB,PIT,0.76,0.88,1.01,2026-10-10T12:40:28+00:00,true,team_week
2026,6,917,RB,ATL,5.29,6.21,7.14,2026-10-10T04:11:44+00:00,true,team_week
2026,6,920,TE,IND,0.3,0.39,0.49,2026-10-10T04:11:44+00:00,true,team_week
2026,6,959,RB,NO,0.2,0.33,0.45,2026-10-10T04:11:44+00:00,true,team_week
2026,6,992,WR,NO,5.86,7.03,8.21,2026-10-10T04:11:44+00:00,true,team_week
2026,6,999,WR,HOU,1.97,2.58,3.19,2026-10-10T04:11:44+00:00,true,team_week
2026,6,1004,RB,TEN,0.0,0.0,0.0,2026-10-10T04:11:44+00:00,true,team_week
2026,6,1011,RB,CAR,0.0,0.0,0.0,2026-10-10T04:11:44+00:00,true,team_week
2026,6,1014,TE,IND,0.32,0.42,0.52,2026-10-10T04:11:44+00:00,true,team_week
2026,6,1028,QB,NYG,0.0,0.0,0.0,2026-10-10T04:11:44+00:00,true,team_week
2026,6,1029,WR,TEN,2.74,3.48,4.22,2026-10-10T04:11:44+00:00,true,team_week
2026,6,1032,RB,WAS,7.36,7.79,8.22,2026-10-10T04:11:44+00:00,true,team_week
2026,6,1059,TE,IND,0.0,0.0,0.0,2026-10-10T04:11:44+00:00,true,team_week
2026,6,1061,WR,PIT,0.0,0.0,0.0,2026-10-10T04:11:44+00:00,true,team_week
2026,6,1063,RB,LA,15.37,17.02,18.67,2026-10-10T04:11:44+00:00,true,team_week
2026,6,1068,TE,NYJ,1.3,1.92,2.54,2026-10-10T04:11:44+00:00,true,team_week
2026,6,1076,RB,CLE,0.0,0.0,0.0,2026-10-10T04:11:44+00:00,true,team_week
2026,6,1079,TE,NYG,1.23,1.77,2.32,2026-10-10T04:11:44+00:00,true,team_week
2026,6,1094,TE,BAL,1.56,2.21,2.86,2026-10-10T04:11:44+00:00,true,team_week
2026,6,1095,RB,SEA,20.14,21.56,22.98,2026-10-10T04:11:44+00:00,true,team_week
2026,6,1107,RB,NYJ,12.64,14.11,15.59,2026-10-10T04:11:44+00:00,true,team_week
2026,6,1110,RB,BUF,16.58,17.61,18.63,2026-10-10T04:11:44+00:00,true,team_week
2026,6,1121,WR,KC,6.9,8.44,9.98,2026-10-10T04:11:44+00:00,true,team_week
2026,6,1131,QB,CHI,0.0,0.0,0.0,2026-10-10T04:11:44+00:00,true,team_week
2026,6,1138,QB,PHI,0.0,0.0,0.0,2026-10-10T04:11:44+00:00,true,team_week
2026,6,1145,QB,NYG,0.0,0.0,0.0,2026-10-10T04:11:44+00:00,true,team_week
2026,6,1152,WR,KC,0.0,0.0,0.0,2026-10-10T04:11:44+00:00,true,team_week
2026,6,1164,RB,BAL,5.32,6.28,7.23,2026-10-10T04:11:44+00:00,true,team_week
2026,6,1179,TE,DAL,0.33,0.45,0.57,2026-10-10T04:11:44+00:00,true,team_week
2026,6,1186,TE,TEN,0.0,0.0,0.0,2026-10-10T04:11:44+00:00,true,team_week
2026,6,1198,RB,JAX,0.0,0.0,0.0,2026-10-10T04:11:44+00:00,true,team_week
2026,6,1200,RB,NO,6.89,7.64,8.39,2026-10-10T04:11:44+00:00,true,team_week
2026,6,1205,WR,ARI,8.77,11.43,14.1,2026-10-10T04:11:44+00:00,true,team_week
2026,6,1214,WR,NE,4.96,6.39,7.81,2026-10-10T04:11:44+00:00,true,team_week
2026,6,1218,RB,WAS,4.77,4.89,5.0,2026-10-10T04:11:44+00:00,true,team_week
2026,6,1221,WR,NE,3.0,3.94,4.89,2026-10-10T04:11:44+00:00,true,team_week
2026,6,1224,WR,DAL,0.0,0.0,0.0,2026-10-10T04:11:44+00:00,true,team_week
2026,6,1234,WR,HOU,5.43,6.81,8.2,2026-10-10T04:11:44+00:00,true,team_week
2026,6,1245,TE,MIA,0.0,0.0,0.0,2026-10-10T04:11:44+00:00,true,team_week
2026,6,1267,WR,BUF,0.0,0.0,0.0,2026-10-10T04:11:44+00:00,true,team_week
2026,6,1270,RB,DAL,0.79,0.92,1.05,2026-10-10T04:11:44+00:00,true,team_week
2026,6,1273,RB,DEN,0.74,0.87,0.99,2026-10-10T04:11:44+00:00,true,team_week
2026,6,1282,TE,DEN,0.89,1.24,1.59,2026-10-10T04:11:44+00:00,true,team_week
2026,6,1283,WR,WAS,3.15,4.1,5.05,2026-10-10T04:11:44+00:00,true,team_week
2026,6,1285,QB,DAL,19.34,19.34,19.34,2026-10-10T04:11:44+00:00,true,team_week
2026,6,1335,WR,DEN,2.24,2.95,3.66,2026-10-10T04:11:44+00:00,true,team_week
2026,6,1338,WR,WAS,3.69,4.8,5.9,2026-10-10T04:11:44+00:00,true,team_week
2026,6,1342,WR,IND,7.4,9.79,12.18,2026-10-10T04:11:44+00:00,true,team_week
2026,6,1352,TE,ARI,1.48,2.09,2.7,2026-10-10T04:11:44+00:00,true,team_week
2026,6,1354,TE,GB,6.94,9.37,11.81,2026-10-10T04:11:44+00:00,true,team_week
2026,6,1369,TE,LA,1.47,1.91,2.35,2026-10-10T04:11:44+00:00,true,team_week
2026,6,1370,WR,LA,14.96,18.4,21.84,2026-10-10T04:11:44+00:00,true,team_week
2026,6,1372,QB,LA,0.0,0.0,0.0,2026-10-10T04:11:44+00:00,true,team_week
2026,6,1377,TE,GB,0.0,0.0,0.0,2026-10-10T04:11:44+00:00,true,team_week
2026,6,1381,WR,BAL,10.74,13.43,16.12,2026-10-10T04:11:44+00:00,true,team_week
2026,6,1382,TE,LV,5.01,6.89,8.78,2026-10-10T04:11:44+00:00,true,team_week
2026,6,1439,RB,LV,0.77,1.01,1.25,2026-10-10T04:11:44+00:00,true,team_week
2026,6,1459,WR,CAR,0.0,0.0,0.0,2026-10-10T04:11:44+00:00,true,team_week
2026,6,1464,WR,WAS,0.0,0.0,0.0,2026-10-10T04:11:44+00:00,true,team_week
2026,6,1472,RB,SF,0.0,0.0,0.0,2026-10-10T04:11:44+00:00,true,team_week
2026,6,1483,RB,NYG,1.24,1.57,1.89,2026-10-10T04:11:44+00:00,true,team_week
2026,6,1502,WR,DAL,5.65,7.27,8.9,2026-10-10T04:11:44+00:00,true,team_week
2026,6,1513,WR,DEN,6.84,8.91,10.98,2026-10-10T04:11:44+00:00,true,team_week
2026,6,1516,RB,BAL,3.49,4.09,4.69,2026-10-10T04:11:44+00:00,true,team_week
2026,6,1517,WR,NYJ,0.0,0.0,0.0,2026-10-10T04:11:44+00:00,true,team_week
2026,6,1532,RB,BUF,0.0,0.0,0.0,2026-10-10T04:11:44+00:00,true,team_week
2026,6,1541,WR,TEN,2.76,3.43,4.11,2026-10-10T04:11:44+00:00,true,team_week
2026,6,1548,TE,MIA,0.0,0.0,0.0,2026-10-10T04:11:44+00:00,true,team_week
2026,6,1567,WR,ARI,0.0,0.0,0.0,2026-10-10T04:11:44+00:00,true,team_week
2026,6,1589,WR,NO,0.0,0.0,0.0,2026-10-10T04:11:44+00:00,true,team_week
2026,6,1649,TE,ARI,0.0,0.0,0.0,2026-10-10T04:11:44+00:00,true,team_week
2026,6,1663,RB,LA,7.95,8.42,8.88,2026-10-10T04:11:44+00:00,true,team_week
2026,6,1666,QB,DEN,14.65,14.65,14.65,2026-10-10T04:11:44+00:00,true,team_week
2026,6,1672,WR,LA,1.13,1.45,1.77,2026-10-10T04:11:44+00:00,true,team_week
2026,6,1699,TE,SEA,5.0,6.41,7.83,2026-10-10T04:11:44+00:00,true,team_week
2026,6,1710,WR,IND,0.0,0.0,0.0,2026-10-10T04:11:44+00:00,true,team_week
2026,6,1726,WR,ARI,3.74,4.66,5.59,2026-10-10T04:11:44+00:00,true,team_week
2026,6,1730,QB,NE,18.39,18.39,18.39,2026-10-10T04:11:44+00:00,true,team_week
2026,6,1742,WR,IND,6.84,8.48,10.12,2026-10-10T04:11:44+00:00,true,team_week
2026,6,1743,QB,MIN,0.0,0.0,0.0,2026-10-10T04:11:44+00:00,true,team_week
2026,6,1749,WR,JAX,5.17,6.37,7.57,2026-10-10T04:11:44+00:00,true,team_week
2026,6,1760,QB,CHI,15.82,15.82,15.82,2026-10-10T04:11:44+00:00,true,team_week
2026,6,1761,QB,WAS,18.89,18.89,18.89,2026-10-10T04:11:44+00:00,true,team_week
2026,6,1763,RB,ARI,0.0,0.0,0.0,2026-10-10T04:11:44+00:00,true,team_week
2026,6,1765,QB,ATL,14.32,14.32,14.32,2026-10-10T04:11:44+00:00,true,team_week
2026,6,1768,RB,BUF,0.96,1.08,1.19,2026-10-10T04:11:44+00:00,true,team_week
2026,6,1813,TE,KC,2.56,3.37,4.17,2026-10-10T04:11:44+00:00,true,team_week
2026,6,1835,TE,KC,0.34,0.44,0.53,2026-10-10T04:11:44+00:00,true,team_week
2026,6,1843,RB,KC,0.26,0.36,0.47,2026-10-10T04:11:44+00:00,true,team_week
2026,6,1846,WR,NE,3.27,4.05,4.83,2026-10-10T04:11:44+00:00,true,team_week
2026,6,1856,WR,HOU,0.0,0.0,0.0,2026-10-10T04:11:44+00:00,true,team_week
2026,6,1860,TE,IND,6.86,9.41,11.97,2026-10-10T04:11:44+00:00,true,team_week
2026,6,1865,WR,WAS,0.0,0.0,0.0,2026-10-10T04:11:44+00:00,true,team_week
2026,6,1866,TE,CAR,1.38,1.86,2.33,2026-10-10T04:11:44+00:00,true,team_week
2026,6,1873,WR,LAC,0.81,1.1,1.39,2026-10-10T04:11:44+00:00,true,team_week
2026,6,1874,WR,SF,2.04,2.49,2.95,2026-10-10T04:11:44+00:00,true,team_week
2026,6,1885,TE,LAC,3.42,4.65,5.89,2026-10-10T04:11:44+00:00,true,team_week
2026,6,1905,QB,LV,0.0,0.0,0.0,2026-10-10T04:11:44+00:00,true,team_week
2026,6,1909,RB,JAX,0.62,0.85,1.08,2026-10-10T04:11:44+00:00,true,team_week
2026,6,1915,QB,DAL,0.0,0.0,0.0,2026-10-10T04:11:44+00:00,true,team_week
2026,6,1921,RB,WAS,6.68,7.05,7.41,2026-10-10T04:11:44+00:00,true,team_week
2026,6,1922,QB,HOU,0.0,0.0,0.0,2026-10-10T04:11:44+00:00,true,team_week
2026,6,1934,RB,TB,5.01,6.15,7.3,2026-10-10T04:11:44+00:00,true,team_week
2026,6,1945,TE,CLE,0.95,1.28,1.61,2026-10-10T04:11:44+00:00,true,team_week
2026,6,1970,TE,ATL,4.32,5.64,6.96,2026-10-10T04:11:44+00:00,true,team_week
2026,6,1997,TE,SF,0.0,0.0,0.0,2026-10-10T04:11:44+00:00,true,team_week
2026,6,2028,WR,BUF,6.02,7.97,9.92,2026-10-10T04:11:44+00:00,true,team_week
2026,6,2030,RB,CLE,3.12,4.13,5.13,2026-10-10T04:11:44+00:00,true,team_week
2026,6,2057,WR,NE,1.99,2.56,3.13,2026-10-10T04:11:44+00:00,true,team_week
2026,6,2060,QB,MIN,15.2,15.2,15.2,2026-10-10T04:11:44+00:00,true,team_week
2026,6,2070,WR,LV,0.79,0.99,1.18,2026-10-10T04:11:44+00:00,true,team_week
2026,6,2075,WR,LA,1.19,1.46,1.72,2026-10-10T04:11:44+00:00,true,team_week
2026,6,2089,WR,SEA,0.0,0.0,0.0,2026-10-10T04:11:44+00:00,true,team_week
2026,6,2097,QB,NO,0.0,0.0,0.0,2026-10-10T04:11:44+00:00,true,team_week
2026,6,2102,TE,LA,0.68,0.95,1.22,2026-10-10T04:11:44+00:00,true,team_week
2026,6,2105,RB,LAC,8.77,9.49,10.21,2026-10-10T04:11:44+00:00,true,team_week
2026,6,2110,WR,CIN,0.66,0.84,1.02,2026-10-10T04:11:44+00:00,true,team_week
2026,6,2113,TE,CLE,7.46,9.82,12.18,2026-10-10T04:11:44+00:00,true,team_week
2026,6,2114,WR,JAX,0.0,0.0,0.0,2026-10-10T04:11:44+00:00,true,team_week
2026,6,2126,WR,GB,9.76,12.12,14.49,2026-10-10T04:11:44+00:00,true,team_week
2026,6,2140,WR,CHI,7.04,9.21,11.37,2026-10-10T04:11:44+00:00,true,team_week
2026,6,2142,TE,LA,0.0,0.0,0.0,2026-10-10T04:11:44+00:00,true,team_week
2026,6,2152,TE,PHI,0.0,0.0,0.0,2026-10-10T04:11:44+00:00,true,team_week
2026,6,2161,TE,HOU,0.29,0.41,0.53,2026-10-10T04:11:44+00:00,true,team_week
2026,6,2181,RB,LV,4.79,5.05,5.3,2026-10-10T04:11:44+00:00,true,team_week
2026,6,2182,TE,BAL,2.18,2.86,3.54,2026-10-10T04:11:44+00:00,true,team_week
2026,6,2188,WR,CLE,0.34,0.43,0.52,2026-10-10T04:11:44+00:00,true,team_week
2026,6,2195,TE,TB,0.24,0.32,0.41,2026-10-10T04:11:44+00:00,true,team_week
2026,6,2201,WR,GB,0.0,0.0,0.0,2026-10-10T04:11:44+00:00,true,team_week
2026,6,2221,WR,NYJ,0.0,0.0,0.0,2026-10-10T04:11:44+00:00,true,team_week
2026,6,2244,QB,IND,0.0,0.0,0.0,2026-10-10T04:11:44+00:00,true,team_week
2026,6,2250,TE,NYJ,5.03,6.94,8.85,2026-10-10T04:11:44+00:00,true,team_week
2026,6,2258,WR,CAR,0.0,0.0,0.0,2026-10-10T04:11:44+00:00,true,team_week
2026,6,2259,WR,TB,3.42,4.42,5.41,2026-10-10T04:11:44+00:00,true,team_week
2026,6,2261,RB,SF,5.29,5.74,6.19,2026-10-10T04:11:44+00:00,true,team_week
2026,6,2269,WR,NO,0.0,0.0,0.0,2026-10-10T04:11:44+00:00,true,team_week
2026,6,2270,WR,ARI,0.0,0.0,0.0,2026-10-10T04:11:44+00:00,true,team_week
2026,6,2275,WR,CLE,8.01,10.09,12.18,2026-10-10T04:11:44+00:00,true,team_week
2026,6,2279,WR,NYG,9.38,11.78,14.18,2026-10-10T04:11:44+00:00,true,team_week
2026,6,2282,WR,TEN,1.83,2.31,2.79,2026-10-10T04:11:44+00:00,true,team_week
2026,6,2284,TE,NO,1.66,2.29,2.92,2026-10-10T04:11:44+00:00,true,team_week
2026,6,2290,WR,GB,0.0,0.0,0.0,2026-10-10T04:11:44+00:00,true,team_week
2026,6,2300,WR,IND,0.23,0.23,0.23,2026-10-10T04:11:44+00:00,true,team_week
2026,6,2351,QB,TB,12.11,12.11,12.11,2026-10-10T04:11:44+00:00,true,team_week
2026,6,2365,RB,NO,1.64,2.03,2.42,2026-10-10T04:11:44+00:00,true,team_week
2026,6,2404,WR,PIT,0.0,0.0,0.0,2026-10-10T04:11:44+00:00,true,team_week
2026,6,2411,TE,TB,0.0,0.0,0.0,2026-10-10T04:11:44+00:00,true,team_week
2026,6,2414,WR,LA,0.0,0.0,0.0,2026-10-10T04:11:44+00:00,true,team_week
2026,6,2446,WR,BUF,0.0,0.0,0.0,2026-10-10T04:11:44+00:00,true,team_week
2026,6,2449,WR,HOU,0.0,0.0,0.0,2026-10-10T04:11:44+00:00,true,team_week
2026,6,2458,RB,PIT,0.0,0.0,0.0,2026-10-10T04:11:44+00:00,true,team_week
2026,6,2461,RB,SEA,0.0,0.0,0.0,2026-10-10T04:11:44+00:00,true,team_week
2026,6,2463,WR,PIT,0.94,1.24,1.55,2026-10-10T04:11:44+00:00,true,team_week
2026,6,2466,TE,LA,0.0,0.0,0.0,2026-10-10T04:11:44+00:00,true,team_week
2026,6,2467,WR,NYJ,0.0,0.0,0.0,2026-10-10T04:11:44+00:00,true,team_week
2026,6,2468,WR,CLE,6.36,8.53,10.71,2026-10-10T04:11:44+00:00,true,team_week
2026,6,2491,QB,LA,0.0,0.0,0.0,2026-10-10T04:11:44+00:00,true,team_week
2026,6,2497,WR,TB,0.43,0.58,0.73,2026-10-10T04:11:44+00:00,true,team_week
2026,6,2499,QB,LV,0.0,0.0,0.0,2026-10-10T04:11:44+00:00,true,team_week
2026,6,2510,QB,ARI,0.0,0.0,0.0,2026-10-10T04:11:44+00:00,true,team_week
2026,6,2515,RB,GB,2.9,3.48,4.06,2026-10-10T04:11:44+00:00,true,team_week
2026,6,2518,QB,MIA,0.0,0.0,0.0,2026-10-10T04:11:44+00:00,true,team_week
2026,6,2534,QB,LA,19.09,19.09,19.09,2026-10-10T04:11:44+00:00,true,team_week
2026,6,2546,WR,LAC,0.8,1.07,1.34,2026-10-10T04:11:44+00:00,true,team_week
2026,6,2580,RB,NE,8.63,9.33,10.03,2026-10-10T04:11:44+00:00,true,team_week
2026,6,2587,RB,SEA,2.45,2.89,3.33,2026-10-10T04:11:44+00:00,true,team_week
2026,6,2605,WR,BAL,0.0,0.0,0.0,2026-10-10T04:11:44+00:00,true,team_week
2026,6,2606,RB,CHI,9.94,10.98,12.02,2026-10-10T04:11:44+00:00,true,team_week
2026,6,2608,QB,SEA,14.21,14.21,14.21,2026-10-10T04:11:44+00:00,true,team_week
2026,6,2609,RB,ARI,0.0,0.0,0.0,2026-10-10T04:11:44+00:00,true,team_week
2026,6,2613,QB,MIA,0.0,0.0,0.0,2026-10-10T04:11:44+00:00,true,team_week
2026,6,2614,RB,NYG,0.0,0.0,0.0,2026-10-10T04:11:44+00:00,true,team_week
2026,6,2634,WR,LAC,6.4,8.56,10.73,2026-10-10T04:11:44+00:00,true,team_week
2026,6,2677,WR,CHI,6.94,8.56,10.19,2026-10-10T04:11:44+00:00,true,team_week
2026,6,2700,WR,TEN,0.0,0.0,0.0,2026-10-10T04:11:44+00:00,true,team_week
2026,6,2724,RB,SEA,0.45,0.66,0.88,2026-10-10T12:40:28+00:00,true,team_week
2026,6,2772,WR,GB,5.66,7.09,8.51,2026-10-10T04:11:44+00:00,true,team_week
2026,6,2795,TE,SF,9.81,12.14,14.46,2026-10-10T04:11:44+00:00,true,team_week
2026,6,2803,RB,BAL,0.45,0.66,0.87,2026-10-10T04:11:44+00:00,true,team_week
2026,6,2805,TE,PHI,0.0,0.0,0.0,2026-10-10T04:11:44+00:00,true,team_week
2026,6,2807,WR,CHI,5.83,7.99,10.15,2026-10-10T04:11:44+00:00,true,team_week
2026,6,2837,TE,NE,1.34,1.78,2.23,2026-10-10T04:11:44+00:00,true,team_week
2026,6,2843,TE,CAR,2.83,3.93,5.03,2026-10-10T04:11:44+00:00,true,team_week
2026,6,2849,TE,NYG,1.68,2.12,2.57,2026-10-10T04:11:44+00:00,true,team_week
2026,6,2853,RB,NYJ,5.24,5.86,6.48,2026-10-10T04:11:44+00:00,true,team_week
2026,6,2862,WR,NYJ,8.33,11.48,14.62,2026-10-10T04:11:44+00:00,true,team_week
2026,6,2866,RB,WAS,2.51,3.0,3.48,2026-10-10T04:11:44+00:00,true,team_week
2026,6,2877,TE,JAX,1.73,2.26,2.78,2026-10-10T04:11:44+00:00,true,team_week
2026,6,2883,RB,DEN,1.58,2.07,2.57,2026-10-10T04:11:44+00:00,true,team_week
2026,6,2893,WR,DEN,0.61,0.81,1.01,2026-10-10T04:11:44+00:00,true,team_week
2026,6,2901,RB,HOU,5.38,6.24,7.11,2026-10-10T04:11:44+00:00,true,team_week
2026,6,2919,RB,HOU,0.0,0.0,0.0,2026-10-10T04:11:44+00:00,true,team_week
2026,6,2929,WR,LA,3.71,4.73,5.76,2026-10-10T04:11:44+00:00,true,team_week
2026,6,2945,RB,DEN,6.54,8.61,10.69,2026-10-10T04:11:44+00:00,true,team_week
2026,6,2955,TE,LA,0.0,0.0,0.0,2026-10-10T04:11:44+00:00,true,team_week
2026,6,2976,WR,JAX,0.0,0.0,0.0,2026-10-10T04:11:44+00:00,true,team_week
2026,6,3007,QB,HOU,0.0,0.0,0.0,2026-10-10T04:11:44+00:00,true,team_week
2026,6,3015,RB,BUF,0.22,0.33,0.45,2026-10-10T04:11:44+00:00,true,team_week
2026,6,3021,WR,JAX,3.7,4.58,5.47,2026-10-10T04:11:44+00:00,true,team_week
2026,6,3024,RB,CAR,0.0,0.0,0.0,2026-10-10T04:11:44+00:00,true,team_week
2026,6,3033,TE,HOU,0.0,0.0,0.0,2026-10-10T04:11:44+00:00,true,team_week
2026,6,3037,WR,NYG,0.0,0.0,0.0,2026-10-10T04:11:44+00:00,true,team_week
2026,6,3056,RB,LV,0.0,0.0,0.0,2026-10-10T04:11:44+00:00,true,team_week
2026,6,3070,RB,TEN,11.13,12.27,13.4,2026-10-10T04:11:44+00:00,true,team_week
2026,6,3077,RB,HOU,0.0,0.0,0.0,2026-10-10T04:11:44+00:00,true,team_week
2026,6,3082,WR,TB,9.64,11.73,13.83,2026-10-10T04:11:44+00:00,true,team_week
2026,6,3116,WR,LV,6.55,8.22,9.88,2026-10-10T04:11:44+00:00,true,team_week
2026,6,3120,WR,NYJ,0.0,0.0,0.0,2026-10-10T04:11:44+00:00,true,team_week
2026,6,3124,WR,BAL,1.73,2.14,2.54,2026-10-10T04:11:44+00:00,true,team_week
2026,6,3127,TE,TB,4.27,5.8,7.33,2026-10-10T04:11:44+00:00,true,team_week
2026,6,3133,TE,ARI,8.76,12.39,16.03,2026-10-10T04:11:44+00:00,true,team_week
2026,6,3139,TE,NE,4.72,6.27,7.81,2026-10-10T04:11:44+00:00,true,team_week
2026,6,3147,WR,WAS,3.28,3.98,4.68,2026-10-10T04:11:44+00:00,true,team_week
2026,6,3162,WR,NO,2.98,3.79,4.6,2026-10-10T04:11:44+00:00,true,team_week
2026,6,3166,TE,DAL,1.04,1.39,1.75,2026-10-10T04:11:44+00:00,true,team_week
2026,6,3167,RB,CLE,11.52,13.05,14.57,2026-10-10T04:11:44+00:00,true,team_week
2026,6,3189,RB,SF,17.57,19.69,21.81,2026-10-10T04:11:44+00:00,true,team_week
2026,6,3196,RB,LAC,2.96,3.72,4.48,2026-10-10T04:11:44+00:00,true,team_week
2026,6,3203,TE,BAL,0.59,0.78,0.97,2026-10-10T04:11:44+00:00,true,team_week
2026,6,3225,QB,JAX,18.87,18.87,18.87,2026-10-10T04:11:44+00:00,true,team_week
2026,6,3226,QB,NYG,0.0,0.0,0.0,2026-10-10T04:11:44+00:00,true,team_week
2026,6,3242,RB,IND,3.0,3.24,3.47,2026-10-10T04:11:44+00:00,true,team_week
2026,6,3247,WR,SEA,12.84,16.33,19.81,2026-10-10T04:11:44+00:00,true,team_week
2026,6,3251,RB,NYJ,0.0,0.0,0.0,2026-10-10T04:11:44+00:00,true,team_week
2026,6,3253,WR,MIA,6.41,8.65,10.9,2026-10-10T04:11:44+00:00,true,team_week
2026,6,3257,WR,CHI,0.0,0.0,0.0,2026-10-10T04:11:44+00:00,true,team_week
2026,6,3258,WR,TEN,0.8,1.09,1.37,2026-10-10T04:11:44+00:00,true,team_week
2026,6,3259,TE,JAX,2.35,3.58,4.81,2026-10-10T04:11:44+00:00,true,team_week
2026,6,3262,TE,NYG,0.0,0.0,0.0,2026-10-10T04:11:44+00:00,true,team_week
2026,6,3279,TE,BUF,5.59,7.41,9.23,2026-10-10T04:11:44+00:00,true,team_week
2026,6,3298,WR,KC,1.45,1.8,2.14,2026-10-10T04:11:44+00:00,true,team_week
2026,6,3302,WR,DAL,2.06,2.5,2.94,2026-10-10T04:11:44+00:00,true,team_week
2026,6,3315,WR,NYG,5.49,6.81,8.13,2026-10-10T04:11:44+00:00,true,team_week
2026,6,3339,RB,HOU,0.0,0.0,0.0,2026-10-10T04:11:44+00:00,true,team_week
2026,6,3364,RB,LV,14.78,16.96,19.13,2026-10-10T04:11:44+00:00,true,team_week
2026,6,3365,WR,DAL,0.67,0.85,1.03,2026-10-10T04:11:44+00:00,true,team_week
2026,6,3366,QB,IND,0.0,0.0,0.0,2026-10-10T04:11:44+00:00,true,team_week
2026,6,3376,RB,GB,6.53,7.57,8.62,2026-10-10T04:11:44+00:00,true,team_week
2026,6,3378,QB,NYJ,0.0,0.0,0.0,2026-10-10T04:11:44+00:00,true,team_week
2026,6,3388,RB,NYJ,0.0,0.0,0.0,2026-10-10T04:11:44+00:00,true,team_week
2026,6,3399,WR,HOU,3.32,4.28,5.23,2026-10-10T04:11:44+00:00,true,team_week
2026,6,3435,WR,PIT,0.84,1.17,1.5,2026-10-10T04:11:44+00:00,true,team_week
2026,6,3442,QB,GB,18.62,18.62,18.62,2026-10-10T04:11:44+00:00,true,team_week
2026,6,3446,RB,MIA,0.63,0.98,1.33,2026-10-10T04:11:44+00:00,true,team_week
2026,6,3448,WR,MIA,0.0,0.0,0.0,2026-10-10T04:11:44+00:00,true,team_week
2026,6,3459,RB,TEN,4.72,5.65,6.58,2026-10-10T04:11:44+00:00,true,team_week
2026,6,3480,RB,BAL,0.0,0.0,0.0,2026-10-10T04:11:44+00:00,true,team_week
2026,6,3482,RB,CHI,7.61,8.25,8.88,2026-10-10T04:11:44+00:00,true,team_week
2026,6,3524,WR,NO,0.19,0.19,0.19,2026-10-10T04:11:44+00:00,true,team_week
2026,6,3536,RB,KC,4.34,4.79,5.25,2026-10-10T04:11:44+00:00,true,team_week
2026,6,3541,QB,ATL,16.98,16.98,16.98,2026-10-10T04:11:44+00:00,true,team_week
2026,6,3550,TE,DAL,4.18,5.71,7.23,2026-10-10T04:11:44+00:00,true,team_week
2026,6,3561,WR,PHI,0.99,1.25,1.51,2026-10-10T04:11:44+00:00,true,team_week
2026,6,3562,RB,CAR,0.0,0.0,0.0,2026-10-10T04:11:44+00:00,true,team_week
2026,6,3572,TE,WAS,0.0,0.0,0.0,2026-10-10T04:11:44+00:00,true,team_week
2026,6,3578,WR,SEA,1.76,2.21,2.66,2026-10-10T04:11:44+00:00,true,team_week
2026,6,3580,RB,CLE,0.0,0.0,0.0,2026-10-10T04:11:44+00:00,true,team_week
2026,6,3593,TE,BAL,8.42,10.94,13.45,2026-10-10T04:11:44+00:00,true,team_week
2026,6,3594,QB,KC,19.5,19.5,19.5,2026-10-10T04:11:44+00:00,true,team_week
2026,6,3602,QB,CLE,0.0,0.0,0.0,2026-10-10T04:11:44+00:00,true,team_week
2026,6,3604,TE,ATL,0.5,0.68,0.87,2026-10-10T04:11:44+00:00,true,team_week
2026,6,3605,TE,TEN,3.29,4.56,5.83,2026-10-10T04:11:44+00:00,true,team_week
2026,6,3606,WR,BAL,4.52,5.6,6.68,2026-10-10T04:11:44+00:00,true,team_week
2026,6,3615,WR,CIN,2.69,3.69,4.7,2026-10-10T04:11:44+00:00,true,team_week
2026,6,3620,TE,PHI,0.0,0.0,0.0,2026-10-10T04:11:44+00:00,true,team_week
2026,6,3630,WR,WAS,1.37,1.77,2.17,2026-10-10T04:11:44+00:00,true,team_week
2026,6,3651,QB,LAC,13.34,13.34,13.34,2026-10-10T04:11:44+00:00,true,team_week
2026,6,3659,WR,NE,2.51,3.54,4.57,2026-10-10T04:11:44+00:00,true,team_week
2026,6,3662,TE,NYJ,1.97,2.87,3.77,2026-10-10T04:11:44+00:00,true,team_week
2026,6,3664,RB,NYG,13.22,14.11,15.0,2026-10-10T04:11:44+00:00,true,team_week
2026,6,3716,WR,KC,9.65,12.25,14.85,2026-10-10T04:11:44+00:00,true,team_week
2026,6,3721,WR,BAL,0.63,0.79,0.95,2026-10-10T04:11:44+00:00,true,team_week
2026,6,3728,TE,CAR,0.73,0.97,1.21,2026-10-10T04:11:44+00:00,true,team_week
2026,6,3736,WR,CHI,0.3,0.39,0.48,2026-10-10T04:11:44+00:00,true,team_week
2026,6,3780,TE,PHI,0.0,0.0,0.0,2026-10-10T04:11:44+00:00,true,team_week
2026,6,3782,WR,TB,0.0,0.0,0.0,2026-10-10T04:11:44+00:00,true,team_week
2026,6,3785,WR,CAR,0.0,0.0,0.0,2026-10-10T04:11:44+00:00,true,team_week
2026,6,3790,WR,GB,7.38,9.24,11.1,2026-10-10T04:11:44+00:00,true,team_week
2026,6,3796,WR,SEA,0.37,0.48,0.58,2026-10-10T04:11:44+00:00,true,team_week
2026,6,3802,TE,JAX,6.0,7.88,9.76,2026-10-10T04:11:44+00:00,true,team_week
2026,6,3803,QB,NO,18.31,18.31,18.31,2026-10-10T04:11:44+00:00,true,team_week
2026,6,3806,QB,NYJ,0.0,0.0,0.0,2026-10-10T04:11:44+00:00,true,team_week
2026,6,3808,RB,ARI,0.0,0.0,0.0,2026-10-10T04:11:44+00:00,true,team_week
2026,6,3835,WR,BUF,5.42,6.75,8.07,2026-10-10T04:11:44+00:00,true,team_week
2026,6,3840,TE,JAX,0.0,0.0,0.0,2026-10-10T04:11:44+00:00,true,team_week
2026,6,3843,WR,GB,10.47,13.02,15.58,2026-10-10T04:11:44+00:00,true,team_week
2026,6,3855,WR,LAC,4.17,5.58,6.99,2026-10-10T04:11:44+00:00,true,team_week
2026,6,3863,WR,GB,1.08,1.41,1.73,2026-10-10T04:11:44+00:00,true,team_week
2026,6,3864,TE,SEA,0.3,0.4,0.5,2026-10-10T04:11:44+00:00,true,team_week
2026,6,3870,WR,BAL,0.72,0.92,1.13,2026-10-10T04:11:44+00:00,true,team_week
2026,6,3871,TE,CHI,5.6,7.29,8.98,2026-10-10T04:11:44+00:00,true,team_week
2026,6,3874,WR,LV,6.88,8.81,10.74,2026-10-10T04:11:44+00:00,true,team_week
2026,6,3889,TE,WAS,0.28,0.39,0.5,2026-10-10T12:40:28+00:00,true,team_week
2026,6,3890,TE,NE,1.75,2.35,2.95,2026-10-10T04:11:44+00:00,true,team_week
2026,6,3925,TE,CAR,0.0,0.0,0.0,2026-10-10T04:11:44+00:00,true,team_week
2026,6,3934,WR,SF,0.0,0.0,0.0,2026-10-10T04:11:44+00:00,true,team_week
2026,6,3939,TE,MIA,0.0,0.0,0.0,2026-10-10T04:11:44+00:00,true,team_week
2026,6,3942,WR,TB,6.08,7.54,8.99,2026-10-10T04:11:44+00:00,true,team_week
2026,6,3945,WR,LAC,4.83,5.95,7.07,2026-10-10T04:11:44+00:00,true,team_week
2026,6,3951,RB,TEN,1.69,1.69,1.69,2026-10-10T04:11:44+00:00,true,team_week
2026,6,3963,RB,PIT,0.0,0.0,0.0,2026-10-10T12:40:28+00:00,true,team_week
2026,6,3965,QB,CAR,18.08,18.08,18.08,2026-10-10T04:11:44+00:00,true,team_week
2026,6,3993,WR,NO,11.14,14.47,17.8,2026-10-10T04:11:44+00:00,true,team_week
2026,6,4021,WR,NYG,4.99,6.99,9.0,2026-10-10T04:11:44+00:00,true,team_week
2026,6,4023,RB,DEN,0.0,0.0,0.0,2026-10-10T04:11:44+00:00,true,team_week
2026,6,4026,WR,BAL,0.0,0.0,0.0,2026-10-10T04:11:44+00:00,true,team_week
2026,6,4035,WR,TEN,8.73,11.13,13.54,2026-10-10T04:11:44+00:00,true,team_week
2026,6,4048,RB,CAR,11.88,12.98,14.07,2026-10-10T04:11:44+00:00,true,team_week
2026,6,4060,WR,TB,0.0,0.0,0.0,2026-10-10T04:11:44+00:00,true,team_week
2026,6,4079,RB,DAL,0.0,0.0,0.0,2026-10-10T04:11:44+00:00,true,team_week
2026,6,4086,WR,SF,0.0,0.0,0.0,2026-10-10T04:11:44+00:00,true,team_week
2026,6,4092,QB,PHI,0.0,0.0,0.0,2026-10-10T04:11:44+00:00,true,team_week
2026,6,4094,TE,PIT,3.03,4.11,5.19,2026-10-10T04:11:44+00:00,true,team_week
2026,6,4099,RB,CHI,0.0,0.0,0.0,2026-10-10T04:11:44+00:00,true,team_week
2026,6,4103,RB,PHI,4.44,5.18,5.91,2026-10-10T04:11:44+00:00,true,team_week
2026,6,4106,WR,IND,3.14,4.19,5.24,2026-10-10T04:11:44+00:00,true,team_week
2026,6,4130,TE,NO,0.0,0.0,0.0,2026-10-10T04:11:44+00:00,true,team_week
2026,6,4152,RB,GB,5.99,6.3,6.62,2026-10-10T04:11:44+00:00,true,team_week
2026,6,4158,QB,HOU,14.97,14.97,14.97,2026-10-10T04:11:44+00:00,true,team_week
2026,6,4164,WR,IND,0.0,0.0,0.0,2026-10-10T04:11:44+00:00,true,team_week
2026,6,4181,WR,HOU,0.0,0.0,0.0,2026-10-10T04:11:44+00:00,true,team_week
2026,6,4188,QB,WAS,0.0,0.0,0.0,2026-10-10T04:11:44+00:00,true,team_week
2026,6,4191,WR,HOU,0.92,1.21,1.5,2026-10-10T04:11:44+00:00,true,team_week
2026,6,4192,TE,KC,7.18,9.16,11.13,2026-10-10T04:11:44+00:00,true,team_week
2026,6,4196,WR,NYG,0.0,0.0,0.0,2026-10-10T04:11:44+00:00,true,team_week
2026,6,4203,QB,CLE,17.87,17.87,17.87,2026-10-10T04:11:44+00:00,true,team_week
2026,6,4204,QB,MIN,0.0,0.0,0.0,2026-10-10T04:11:44+00:00,true,team_week
2026,6,4207,WR,LV,0.0,0.0,0.0,2026-10-10T04:11:44+00:00,true,team_week
2026,6,4214,QB,BUF,0.0,0.0,0.0,2026-10-10T04:11:44+00:00,true,team_week
2026,6,4216,TE,DEN,1.16,1.6,2.04,2026-10-10T04:11:44+00:00,true,team_week
2026,6,4222,TE,NYG,4.27,5.66,7.05,2026-10-10T04:11:44+00:00,true,team_week
2026,6,4223,RB,LV,0.0,0.0,0.0,2026-10-10T04:11:44+00:00,true,team_week
2026,6,4247,TE,TEN,3.05,4.39,5.74,2026-10-10T04:11:44+00:00,true,team_week
2026,6,4248,WR,LAC,0.0,0.0,0.0,2026-10-10T04:11:44+00:00,true,team_week
2026,6,4255,WR,NO,0.66,0.81,0.96,2026-10-10T04:11:44+00:00,true,team_week
2026,6,4266,TE,CLE,0.0,0.0,0.0,2026-10-10T04:11:44+00:00,true,team_week
2026,6,4271,QB,JAX,0.0,0.0,0.0,2026-10-10T04:11:44+00:00,true,team_week
2026,6,4274,QB,PIT,0.0,0.0,0.0,2026-10-10T04:11:44+00:00,true,team_week
2026,6,4283,RB,DEN,0.23,0.36,0.48,2026-10-10T04:11:44+00:00,true,team_week
2026,6,4286,RB,TB,0.0,0.0,0.0,2026-10-10T04:11:44+00:00,true,team_week
2026,6,4296,TE,CHI,0.84,1.14,1.45,2026-10-10T04:11:44+00:00,true,team_week
2026,6,4305,WR,PHI,4.24,5.27,6.3,2026-10-10T04:11:44+00:00,true,team_week
2026,6,4316,TE,BUF,0.3,0.41,0.51,2026-10-10T04:11:44+00:00,true,team_week
2026,6,4338,WR,NE,0.0,0.0,0.0,2026-10-10T04:11:44+00:00,true,team_week
2026,6,4368,TE,NO,6.56,8.67,10.77,2026-10-10T04:11:44+00:00,true,team_week
2026,6,4369,WR,TB,2.5,3.08,3.66,2026-10-10T04:11:44+00:00,true,team_week
2026,6,4379,WR,SEA,7.45,9.35,11.25,2026-10-10T04:11:44+00:00,true,team_week
2026,6,4388,TE,WAS,0.58,0.81,1.03,2026-10-10T04:11:44+00:00,true,team_week
2026,6,4422,TE,HOU,0.26,0.38,0.5,2026-10-10T04:11:44+00:00,true,team_week
2026,6,4424,WR,KC,0.0,0.0,0.0,2026-10-10T04:11:44+00:00,true,team_week
2026,6,4437,WR,PHI,4.68,5.79,6.9,2026-10-10T04:11:44+00:00,true,team_week
2026,6,4450,QB,MIN,14.01,14.01,14.01,2026-10-10T04:11:44+00:00,true,team_week
2026,6,4485,TE,PHI,6.57,8.63,10.7,2026-10-10T04:11:44+00:00,true,team_week
2026,6,4490,RB,TB,1.7,1.7,1.7,2026-10-10T04:11:44+00:00,true,team_week
2026,6,4493,WR,HOU,10.45,13.53,16.61,2026-10-10T04:11:44+00:00,true,team_week
2026,6,4496,WR,PIT,5.38,7.02,8.65,2026-10-10T04:11:44+00:00,true,team_week
2026,6,4502,WR,KC,3.3,4.25,5.2,2026-10-10T04:11:44+00:00,true,team_week
2026,6,4542,WR,DAL,1.31,1.52,1.74,2026-10-10T04:11:44+00:00,true,team_week
2026,6,4551,WR,LV,0.0,0.0,0.0,2026-10-10T04:11:44+00:00,true,team_week
2026,6,4561,QB,SF,21.98,21.98,21.98,2026-10-10T04:11:44+00:00,true,team_week
2026,6,4566,WR,ATL,1.91,2.42,2.93,2026-10-10T04:11:44+00:00,true,team_week
2026,6,4571,WR,DEN,0.0,0.0,0.0,2026-10-10T04:11:44+00:00,true,team_week
2026,6,4573,WR,CAR,10.58,13.31,16.04,2026-10-10T04:11:44+00:00,true,team_week
2026,6,4581,WR,CAR,8.51,11.18,13.85,2026-10-10T04:11:44+00:00,true,team_week
2026,6,4589,RB,PIT,10.33,11.94,13.55,2026-10-10T04:11:44+00:00,true,team_week
2026,6,4597,RB,IND,0.0,0.0,0.0,2026-10-10T04:11:44+00:00,true,team_week
2026,6,4598,RB,SF,0.0,0.0,0.0,2026-10-10T04:11:44+00:00,true,team_week
2026,6,4602,RB,BUF,3.11,3.9,4.69,2026-10-10T04:11:44+00:00,true,team_week
2026,6,4612,TE,CLE,0.0,0.0,0.0,2026-10-10T04:11:44+00:00,true,team_week
2026,6,4614,RB,GB,0.0,0.0,0.0,2026-10-10T04:11:44+00:00,true,team_week
2026,6,4617,RB,SEA,9.98,10.98,11.99,2026-10-10T04:11:44+00:00,true,team_week
2026,6,4641,WR,KC,3.34,4.13,4.92,2026-10-10T04:11:44+00:00,true,team_week
