season,week,player_key,pos,team,std,half_ppr,ppr
2024,1,28,QB,NYJ,8.58,8.58,8.58
2024,1,30,RB,SF,4.0,5.0,6.0
2024,1,33,TE,LAC,0.0,0.0,0.0
2024,1,51,TE,LV,5.8,8.8,11.8
2024,1,64,WR,BAL,0.6,1.1,1.6
2024,1,66,WR,LV,5.9,8.4,10.9
2024,1,67,WR,CLE,1.6,2.6,3.6
2024,1,71,WR,HOU,15.9,18.9,21.9
2024,1,93,WR,SEA,7.7,10.7,13.7
2024,1,137,WR,LA,4.2,6.2,8.2
2024,1,142,WR,DET,1.2,1.2,1.2
2024,1,155,TE,MIN,1.5,2.5,3.5
2024,1,164,RB,MIN,16.9,17.9,18.9
2024,1,166,WR,BUF,1.5,2.5,3.5
2024,1,184,TE,SF,0.0,0.0,0.0
2024,1,187,RB,KC,1.0,1.5,2.0
2024,1,191,QB,DAL,-0.1,-0.1,-0.1
2024,1,202,TE,MIA,0.7,1.2,1.7
2024,1,203,RB,NO,17.0,19.5,22.0
2024,1,213,WR,TB,14.3,18.3,22.3
2024,1,216,TE,NYJ,0.6,1.1,1.6
2024,1,217,RB,ATL,11.1,13.6,16.1
2024,1,218,WR,KC,0.0,0.0,0.0
2024,1,224,RB,LAC,2.8,3.3,3.8
2024,1,230,TE,LAC,1.3,1.8,2.3
2024,1,243,WR,JAX,0.3,0.8,1.3
2024,1,244,RB,WAS,0.0,0.0,0.0
2024,1,258,RB,HOU,0.3,0.8,1.3
2024,1,260,TE,HOU,1.6,3.1,4.6
2024,1,265,TE,CLE,2.7,4.2,5.7
2024,1,270,WR,DEN,3.8,5.8,7.8
2024,1,272,WR,NO,0.0,0.0,0.0
2024,1,303,WR,DAL,8.6,11.1,13.6
2024,1,306,QB,DET,11.38,11.38,11.38
2024,1,311,QB,NE,8.04,8.04,8.04
2024,1,313,RB,PHI,31.2,32.2,33.2
2024,1,323,WR,JAX,3.0,3.5,4.0
2024,1,324,TE,BAL,1.4,2.4,3.4
2024,1,325,WR,CHI,5.0,7.5,10.0
2024,1,327,QB,TB,29.66,29.66,29.66
2024,1,334,WR,IND,11.4,11.9,12.4
2024,1,336,RB,LV,12.2,14.2,16.2
2024,1,337,RB,TB,7.6,8.6,9.6
2024,1,365,TE,MIN,2.7,3.7,4.7
2024,1,366,RB,CAR,2.2,2.2,2.2
2024,1,370,QB,ARI,16.18,16.18,16.18
2024,1,373,WR,CLE,8.5,10.0,11.5
2024,1,374,WR,WAS,1.5,2.0,2.5
2024,1,377,WR,SF,0.0,0.0,0.0
2024,1,394,QB,LV,12.78,12.78,12.78
2024,1,399,WR,PIT,0.0,0.0,0.0
2024,1,427,QB,NO,21.3,21.3,21.3
2024,1,428,RB,MIA,1.9,2.9,3.9
2024,1,440,TE,SEA,1.1,2.1,3.1
2024,1,443,RB,CHI,1.0,1.0,1.0
2024,1,445,WR,ARI,5.1,8.1,11.1
2024,1,468,WR,PHI,17.9,20.4,22.9
2024,1,471,WR,ATL,1.5,2.5,3.5
2024,1,473,WR,WAS,1.7,2.7,3.7
2024,1,480,WR,SF,13.7,16.2,18.7
2024,1,482,RB,DET,15.3,15.8,16.3
2024,1,487,TE,BUF,2.3,2.8,3.3
2024,1,499,WR,TEN,0.8,1.3,1.8
2024,1,506,QB,BAL,27.12,27.12,27.12
2024,1,525,WR,BUF,8.5,9.5,10.5
2024,1,535,RB,LAC,19.9,21.4,22.9
2024,1,536,RB,DAL,3.2,3.7,4.2
2024,1,547,RB,IND,10.8,10.8,10.8
2024,1,557,TE,LA,4.7,6.7,8.7
2024,1,560,RB,BAL,10.6,10.6,10.6
2024,1,561,WR,IND,3.1,5.1,7.1
2024,1,567,TE,CHI,0.4,0.9,1.4
2024,1,568,WR,SF,2.8,3.8,4.8
2024,1,571,WR,SEA,0.1,0.6,1.1
2024,1,600,WR,ATL,1.5,2.0,2.5
2024,1,609,WR,NE,2.1,3.6,5.1
2024,1,613,TE,CLE,4.4,6.4,8.4
2024,1,625,QB,PHI,18.42,18.42,18.42
2024,1,650,RB,ARI,0.0,0.0,0.0
2024,1,663,WR,JAX,0.0,0.0,0.0
2024,1,666,RB,MIN,1.1,2.1,3.1
2024,1,669,TE,BUF,0.0,0.0,0.0
2024,1,751,RB,NE,18.6,20.1,21.6
2024,1,764,WR,PHI,8.4,11.9,15.4
2024,1,767,RB,PIT,7.9,8.4,8.9
2024,1,769,TE,JAX,0.0,0.0,0.0
2024,1,785,RB,PHI,1.2,1.7,2.2
2024,1,786,TE,PIT,2.7,4.7,6.7
2024,1,802,TE,CAR,0.0,0.0,0.0
2024,1,807,RB,DEN,2.3,2.8,3.3
2024,1,810,RB,JAX,11.9,12.9,13.9
2024,1,813,WR,CLE,0.9,2.4,3.9
2024,1,822,WR,LAC,1.5,2.5,3.5
2024,1,824,QB,PIT,11.94,11.94,11.94
2024,1,855,WR,PHI,0.0,0.0,0.0
2024,1,869,QB,BUF,33.18,33.18,33.18
2024,1,880,RB,KC,13.8,14.8,15.8
2024,1,885,WR,PIT,7.5,10.5,13.5
2024,1,890,TE,DEN,1.2,2.2,3.2
2024,1,902,WR,MIN,8.1,8.6,9.1
2024,1,913,RB,MIN,4.2,5.7,7.2
2024,1,917,RB,ATL,2.1,2.1,2.1
2024,1,955,WR,MIA,0.0,0.0,0.0
2024,1,958,RB,CAR,0.0,0.0,0.0
2024,1,983,RB,LV,0.0,0.0,0.0
2024,1,992,WR,NO,13.3,14.8,16.3
2024,1,995,RB,LA,1.6,1.6,1.6
2024,1,1004,RB,TEN,0.0,0.0,0.0
2024,1,1005,WR,CIN,0.6,1.1,1.6
2024,1,1011,RB,CHI,1.9,2.4,2.9
2024,1,1014,TE,IND,0.0,0.0,0.0
2024,1,1029,WR,TEN,0.3,0.8,1.3
2024,1,1032,RB,WAS,14.9,16.4,17.9
2024,1,1041,RB,LV,4.6,5.6,6.6
2024,1,1061,WR,PIT,0.7,1.2,1.7
2024,1,1063,RB,LA,11.4,12.9,14.4
2024,1,1076,RB,CLE,3.0,4.0,5.0
2024,1,1079,TE,NYG,0.3,0.8,1.3
2024,1,1095,RB,SEA,16.9,17.9,18.9
2024,1,1097,RB,CLE,12.9,15.9,18.9
2024,1,1106,QB,GB,0.0,0.0,0.0
2024,1,1107,RB,NYJ,15.3,17.8,20.3
2024,1,1110,RB,BUF,10.3,11.8,13.3
2024,1,1121,WR,KC,18.8,19.8,20.8
2024,1,1151,WR,NYJ,0.0,0.0,0.0
2024,1,1198,RB,JAX,7.3,7.3,7.3
2024,1,1205,WR,ARI,6.5,7.0,7.5
2024,1,1214,WR,NE,1.2,2.2,3.2
2024,1,1224,WR,DAL,1.8,2.3,2.8
2024,1,1234,WR,HOU,0.3,0.8,1.3
2024,1,1242,RB,ARI,2.6,3.6,4.6
2024,1,1245,TE,MIA,0.6,1.1,1.6
2024,1,1270,RB,DAL,1.8,2.8,3.8
2024,1,1273,RB,DEN,2.8,5.3,7.8
2024,1,1285,QB,DAL,11.46,11.46,11.46
2024,1,1311,QB,CIN,8.06,8.06,8.06
2024,1,1335,WR,DEN,0.0,0.0,0.0
2024,1,1344,WR,MIN,3.5,5.0,6.5
2024,1,1347,WR,TB,1.9,2.4,2.9
2024,1,1352,TE,ARI,1.2,2.2,3.2
2024,1,1354,TE,GB,3.7,4.7,5.7
2024,1,1369,TE,LA,0.0,0.0,0.0
2024,1,1370,WR,LA,4.2,6.2,8.2
2024,1,1377,TE,GB,0.0,0.0,0.0
2024,1,1381,WR,BAL,5.1,8.1,11.1
2024,1,1382,TE,LV,0.3,1.3,2.3
2024,1,1395,QB,TEN,8.68,8.68,8.68
2024,1,1417,TE,CAR,0.0,0.0,0.0
2024,1,1439,RB,LV,0.0,0.0,0.0
2024,1,1459,WR,CAR,3.5,5.5,7.5
2024,1,1460,RB,KC,0.3,0.3,0.3
2024,1,1464,WR,WAS,1.8,3.3,4.8
2024,1,1472,RB,SF,0.0,0.0,0.0
2024,1,1483,RB,NYG,0.7,1.2,1.7
2024,1,1484,WR,NO,0.0,0.0,0.0
2024,1,1513,WR,DEN,3.9,7.9,11.9
2024,1,1516,RB,BAL,5.5,8.5,11.5
2024,1,1589,WR,NO,0.6,1.1,1.6
2024,1,1613,WR,CIN,2.6,4.1,5.6
2024,1,1663,RB,LA,0.0,0.0,0.0
2024,1,1666,QB,DEN,11.02,11.02,11.02
2024,1,1672,WR,LA,0.0,0.0,0.0
2024,1,1708,WR,SF,6.4,8.9,11.4
2024,1,1710,WR,IND,0.0,0.0,0.0
2024,1,1726,WR,ARI,0.4,0.9,1.4
2024,1,1742,WR,IND,0.2,0.7,1.2
2024,1,1749,WR,JAX,10.7,12.7,14.7
2024,1,1760,QB,CHI,5.22,5.22,5.22
2024,1,1761,QB,WAS,28.16,28.16,28.16
2024,1,1763,RB,ARI,1.8,2.3,2.8
2024,1,1768,RB,BUF,2.7,3.2,3.7
2024,1,1796,RB,NE,0.0,0.0,0.0
2024,1,1813,TE,KC,3.7,5.2,6.7
2024,1,1873,WR,LAC,0.9,0.9,0.9
2024,1,1934,RB,TB,10.6,13.6,16.6
2024,1,1970,TE,ATL,8.6,10.1,11.6
2024,1,2028,WR,BUF,10.2,11.7,13.2
2024,1,2060,QB,MIN,14.62,14.62,14.62
2024,1,2110,WR,CIN,0.5,1.0,1.5
2024,1,2161,TE,HOU,0.3,0.8,1.3
2024,1,2227,RB,DET,13.4,15.4,17.4
2024,1,2244,QB,IND,26.08,26.08,26.08
2024,1,2279,WR,NYG,6.6,9.1,11.6
2024,1,2282,WR,TEN,5.0,6.5,8.0
2024,1,2284,TE,NO,10.3,12.3,14.3
2024,1,2290,WR,GB,29.1,31.1,33.1
2024,1,2302,WR,HOU,0.0,0.0,0.0
2024,1,2459,WR,PHI,0.0,0.0,0.0
2024,1,2497,WR,TB,0.0,0.0,0.0
2024,1,2533,WR,LV,0.9,1.4,1.9
2024,1,2534,QB,LA,14.68,14.68,14.68
2024,1,2557,WR,CLE,0.0,0.0,0.0
2024,1,2606,RB,CHI,3.0,3.0,3.0
2024,1,2608,QB,SEA,17.84,17.84,17.84
2024,1,2613,QB,MIA,18.62,18.62,18.62
2024,1,2614,RB,NYG,5.2,7.2,9.2
2024,1,2634,WR,LAC,9.9,12.4,14.9
2024,1,2665,RB,MIA,2.6,2.6,2.6
2024,1,2677,WR,CHI,1.1,1.6,2.1
2024,1,2700,WR,TEN,0.0,0.0,0.0
2024,1,2724,RB,SEA,0.0,0.0,0.0
2024,1,2730,WR,CIN,6.2,9.2,12.2
2024,1,2756,WR,DET,19.4,21.9,24.4
2024,1,2757,WR,CLE,0.3,0.8,1.3
2024,1,2772,WR,GB,0.0,0.0,0.0
2024,1,2780,TE,LAC,3.3,4.3,5.3
2024,1,2791,TE,CIN,1.8,3.3,4.8
2024,1,2795,TE,SF,4.0,6.0,8.0
2024,1,2807,WR,CHI,2.9,4.9,6.9
2024,1,2808,TE,TEN,1.1,2.1,3.1
2024,1,2812,QB,TB,-0.2,-0.2,-0.2
2024,1,2821,RB,SF,21.2,21.7,22.2
2024,1,2848,QB,NO,0.0,0.0,0.0
2024,1,2849,TE,NYG,1.8,2.3,2.8
2024,1,2853,RB,NYJ,1.7,2.2,2.7
2024,1,2862,WR,NYJ,6.0,9.0,12.0
2024,1,2865,RB,CAR,0.7,0.7,0.7
2024,1,2866,RB,WAS,6.2,8.2,10.2
2024,1,2893,WR,DEN,0.0,0.0,0.0
2024,1,2919,RB,HOU,0.0,0.0,0.0
2024,1,2929,WR,LA,18.0,25.0,32.0
2024,1,2952,RB,CHI,0.0,0.0,0.0
2024,1,2970,WR,WAS,0.5,1.0,1.5
2024,1,2976,WR,JAX,0.3,0.3,0.3
2024,1,2978,WR,CHI,0.6,1.1,1.6
2024,1,2999,WR,DEN,4.5,7.0,9.5
2024,1,3004,TE,NO,3.6,4.1,4.6
2024,1,3009,RB,PIT,1.3,1.3,1.3
2024,1,3038,WR,CAR,1.9,2.9,3.9
2024,1,3070,RB,TEN,15.4,16.9,18.4
2024,1,3081,WR,MIA,19.0,22.5,26.0
2024,1,3082,WR,TB,18.1,20.6,23.1
2024,1,3096,WR,TEN,0.0,0.0,0.0
2024,1,3116,WR,LV,2.2,3.2,4.2
2024,1,3127,TE,TB,0.5,1.0,1.5
2024,1,3133,TE,ARI,3.0,5.5,8.0
2024,1,3139,TE,NE,1.8,2.8,3.8
2024,1,3161,TE,DET,0.2,0.7,1.2
2024,1,3222,RB,CHI,0.4,0.4,0.4
2024,1,3225,QB,JAX,11.28,11.28,11.28
2024,1,3247,WR,SEA,1.9,2.9,3.9
2024,1,3253,WR,MIA,11.2,13.7,16.2
2024,1,3259,TE,JAX,0.5,1.0,1.5
2024,1,3263,RB,DAL,10.9,11.9,12.9
2024,1,3279,TE,BUF,1.1,1.6,2.1
2024,1,3289,WR,DET,1.3,2.8,4.3
2024,1,3302,WR,DAL,10.5,12.5,14.5
2024,1,3307,RB,NE,1.8,1.8,1.8
2024,1,3339,RB,HOU,1.6,1.6,1.6
2024,1,3365,WR,CAR,4.3,5.3,6.3
2024,1,3420,WR,JAX,6.2,7.7,9.2
2024,1,3442,QB,GB,16.4,16.4,16.4
2024,1,3443,WR,TEN,1.8,3.3,4.8
2024,1,3446,RB,MIA,0.8,0.8,0.8
2024,1,3448,WR,MIA,0.0,0.0,0.0
2024,1,3459,RB,TEN,3.2,5.2,7.2
2024,1,3473,WR,ATL,0.0,0.0,0.0
2024,1,3512,RB,LAC,0.0,0.0,0.0
2024,1,3541,QB,ATL,6.2,6.2,6.2
2024,1,3547,WR,NYJ,20.9,23.9,26.9
2024,1,3550,TE,DAL,1.5,3.0,4.5
2024,1,3572,TE,WAS,2.8,4.3,5.8
2024,1,3579,WR,MIN,0.0,0.0,0.0
2024,1,3593,TE,BAL,17.1,21.6,26.1
2024,1,3594,QB,KC,14.14,14.64,15.14
2024,1,3604,TE,ATL,0.4,0.9,1.4
2024,1,3606,WR,BAL,5.3,6.3,7.3
2024,1,3620,TE,PHI,1.1,1.6,2.1
2024,1,3632,RB,NYG,1.5,2.0,2.5
2024,1,3648,WR,DAL,1.2,1.7,2.2
2024,1,3651,QB,LAC,10.36,10.36,10.36
2024,1,3672,TE,DET,4.5,6.5,8.5
2024,1,3701,QB,SF,-0.1,-0.1,-0.1
2024,1,3703,RB,CIN,12.1,13.1,14.1
2024,1,3716,WR,KC,10.3,13.8,17.3
2024,1,3735,RB,HOU,23.8,25.3,26.8
2024,1,3782,WR,TB,9.2,9.7,10.2
2024,1,3785,WR,CAR,1.4,1.9,2.4
2024,1,3790,WR,GB,5.0,7.0,9.0
2024,1,3796,WR,SEA,0.0,0.0,0.0
2024,1,3806,QB,NYJ,6.14,6.14,6.14
2024,1,3808,RB,ARI,14.3,15.8,17.3
2024,1,3835,WR,BUF,5.1,7.1,9.1
2024,1,3843,WR,GB,7.3,8.8,10.3
2024,1,3862,RB,CIN,2.3,3.8,5.3
2024,1,3863,WR,GB,0.0,0.0,0.0
2024,1,3874,WR,LV,6.4,7.9,9.4
2024,1,3890,TE,NE,3.1,4.1,5.1
2024,1,3892,WR,MIN,11.9,13.9,15.9
2024,1,3917,WR,LA,7.9,10.4,12.9
2024,1,3925,TE,CAR,0.4,0.9,1.4
2024,1,3936,RB,MIN,-0.3,-0.3,-0.3
2024,1,3939,TE,MIA,0.0,0.0,0.0
2024,1,3945,WR,LAC,3.8,5.3,6.8
2024,1,3965,QB,CAR,9.64,9.64,9.64
2024,1,3981,TE,CHI,-0.1,0.4,0.9
2024,1,3993,WR,NO,1.1,2.1,3.1
2024,1,4004,TE,IND,0.0,0.0,0.0
2024,1,4021,WR,NYG,5.8,8.8,11.8
2024,1,4024,WR,PIT,0.1,0.6,1.1
2024,1,4046,WR,NYG,0.0,0.0,0.0
2024,1,4048,RB,CAR,1.4,1.4,1.4
2024,1,4053,WR,ATL,5.2,7.2,9.2
2024,1,4094,TE,PIT,0.5,1.0,1.5
2024,1,4103,RB,PHI,0.0,0.0,0.0
2024,1,4152,RB,GB,4.8,5.8,6.8
2024,1,4158,QB,HOU,18.66,18.66,18.66
2024,1,4164,WR,IND,18.5,20.0,21.5
2024,1,4181,WR,HOU,5.9,7.4,8.9
2024,1,4192,TE,KC,3.4,4.9,6.4
2024,1,4195,RB,NO,1.1,1.1,1.1
2024,1,4196,WR,NYG,2.6,4.1,5.6
2024,1,4201,RB,NO,11.1,11.6,12.1
2024,1,4203,QB,CLE,10.66,10.66,10.66
2024,1,4210,RB,ATL,0.0,0.0,0.0
2024,1,4216,TE,DEN,0.0,0.0,0.0
2024,1,4219,WR,BAL,0.0,0.0,0.0
2024,1,4237,RB,MIA,16.0,19.5,23.0
2024,1,4247,TE,TEN,7.5,8.5,9.5
2024,1,4255,WR,BUF,1.9,2.4,2.9
2024,1,4273,RB,DAL,0.4,0.4,0.4
2024,1,4280,QB,CAR,0.0,0.0,0.0
2024,1,4283,RB,DEN,0.3,0.8,1.3
2024,1,4305,WR,PHI,0.0,0.0,0.0
2024,1,4335,WR,KC,2.5,3.0,3.5
2024,1,4338,WR,NE,0.6,1.1,1.6
2024,1,4354,TE,CIN,1.8,2.8,3.8
2024,1,4368,TE,NO,8.6,9.6,10.6
2024,1,4379,WR,SEA,2.9,4.4,5.9
2024,1,4388,TE,WAS,0.0,0.0,0.0
2024,1,4424,WR,NE,2.7,3.7,4.7
2024,1,4449,WR,SEA,0.0,0.0,0.0
2024,1,4450,QB,NYG,4.94,4.94,4.94
2024,1,4484,WR,KC,0.0,0.0,0.0
2024,1,4485,TE,PHI,3.1,5.1,7.1
2024,1,4490,RB,TB,0.0,0.0,0.0
2024,1,4493,WR,HOU,11.7,14.7,17.7
2024,1,4503,TE,PIT,0.9,1.4,1.9
2024,1,4529,WR,CAR,4.9,6.4,7.9
2024,1,4542,WR,DAL,0.0,0.0,0.0
2024,1,4561,QB,SF,10.34,10.34,10.34
2024,1,4589,RB,PIT,2.0,3.0,4.0
2024,1,4602,RB,BUF,0.7,0.7,0.7
2024,1,4614,RB,GB,10.4,11.4,12.4
2024,1,4617,RB,SEA,10.1,11.1,12.1
2024,1,4642,RB,DEN,1.4,1.4,1.4
2024,2,17,WR,DEN,0.0,0.0,0.0
2024,2,19,TE,CHI,0.0,0.0,0.0
2024,2,28,QB,NYJ,15.14,15.14,15.14
2024,2,30,RB,SF,1.9,3.4,4.9
2024,2,33,TE,LAC,0.0,0.0,0.0
2024,2,51,TE,LV,9.8,14.3,18.8
2024,2,53,WR,DET,0.0,0.0,0.0
2024,2,64,WR,BAL,1.3,1.8,2.3
2024,2,66,WR,LV,17.0,21.5,26.0
2024,2,67,WR,CLE,1.1,2.6,4.1
2024,2,69,QB,CLE,0.4,0.4,0.4
2024,2,71,WR,HOU,3.7,5.7,7.7
2024,2,93,WR,SEA,1.5,2.5,3.5
2024,2,105,WR,SF,0.4,0.9,1.4
2024,2,137,WR,LA,5.0,6.0,7.0
2024,2,142,WR,DET,2.7,4.2,5.7
2024,2,155,TE,MIN,1.2,2.2,3.2
2024,2,164,RB,MIN,6.8,9.3,11.8
2024,2,166,WR,BUF,0.3,0.8,1.3
2024,2,184,TE,SF,2.6,3.6,4.6
2024,2,187,RB,KC,0.3,0.8,1.3
2024,2,191,QB,DAL,0.24,0.24,0.24
2024,2,202,TE,MIA,5.3,8.3,11.3
2024,2,203,RB,NO,42.0,43.0,44.0
2024,2,213,WR,TB,17.7,21.2,24.7
2024,2,216,TE,NYJ,1.0,1.5,2.0
2024,2,217,RB,ATL,12.2,14.2,16.2
2024,2,224,RB,LAC,5.9,5.9,5.9
2024,2,230,TE,LAC,2.9,4.4,5.9
2024,2,243,WR,JAX,0.0,0.0,0.0
2024,2,258,RB,HOU,2.3,3.3,4.3
2024,2,260,TE,HOU,2.1,3.1,4.1
2024,2,265,TE,CLE,1.0,1.5,2.0
2024,2,270,WR,DEN,2.6,3.1,3.6
2024,2,272,WR,NO,0.0,0.0,0.0
2024,2,288,WR,CLE,2.7,4.2,5.7
2024,2,293,WR,DET,1.2,2.2,3.2
2024,2,303,WR,DAL,15.0,17.0,19.0
2024,2,306,QB,DET,8.78,8.78,8.78
2024,2,311,QB,NE,10.56,10.56,10.56
2024,2,313,RB,PHI,11.6,13.6,15.6
2024,2,323,WR,JAX,-0.1,0.4,0.9
2024,2,324,TE,BAL,5.1,7.1,9.1
2024,2,325,WR,CHI,5.3,8.3,11.3
2024,2,327,QB,TB,18.8,18.8,18.8
2024,2,334,WR,IND,1.3,1.8,2.3
2024,2,336,RB,LV,6.1,6.1,6.1
2024,2,337,RB,TB,2.2,2.2,2.2
2024,2,366,RB,CAR,2.5,4.0,5.5
2024,2,370,QB,ARI,28.54,28.54,28.54
2024,2,373,WR,CLE,7.3,9.8,12.3
2024,2,374,WR,WAS,1.4,2.9,4.4
2024,2,377,WR,SF,0.0,0.0,0.0
2024,2,394,QB,LV,12.94,12.94,12.94
2024,2,427,QB,NO,21.82,21.82,21.82
2024,2,440,TE,SEA,1.4,1.9,2.4
2024,2,443,RB,CHI,0.6,0.6,0.6
2024,2,445,WR,ARI,1.1,2.1,3.1
2024,2,471,WR,ATL,11.4,14.4,17.4
2024,2,473,WR,WAS,2.2,5.2,8.2
2024,2,480,WR,SF,10.0,14.0,18.0
2024,2,482,RB,DET,13.0,15.0,17.0
2024,2,499,WR,TEN,0.9,1.4,1.9
2024,2,506,QB,BAL,16.38,16.38,16.38
2024,2,525,WR,BUF,0.0,0.0,0.0
2024,2,529,TE,WAS,0.0,0.0,0.0
2024,2,535,RB,LAC,19.1,19.6,20.1
2024,2,536,RB,DAL,5.9,7.9,9.9
2024,2,543,WR,CLE,0.0,0.0,0.0
2024,2,547,RB,IND,13.5,14.5,15.5
2024,2,557,TE,LA,1.2,1.7,2.2
2024,2,560,RB,BAL,15.6,16.1,16.6
2024,2,561,WR,IND,2.1,3.6,5.1
2024,2,567,TE,CHI,2.7,4.7,6.7
2024,2,568,WR,SF,4.3,6.3,8.3
2024,2,571,WR,SEA,0.6,1.1,1.6
2024,2,577,TE,LV,0.0,0.0,0.0
2024,2,600,WR,ATL,14.8,16.3,17.8
2024,2,609,WR,NE,0.7,1.2,1.7
2024,2,625,QB,PHI,23.82,23.82,23.82
2024,2,650,RB,ARI,0.0,0.0,0.0
2024,2,651,RB,HOU,3.5,4.0,4.5
2024,2,666,RB,MIN,0.0,0.0,0.0
2024,2,748,WR,LA,4.8,6.3,7.8
2024,2,751,RB,NE,15.0,16.0,17.0
2024,2,764,WR,PHI,13.6,17.1,20.6
2024,2,767,RB,PIT,7.4,7.9,8.4
2024,2,769,TE,JAX,1.3,2.3,3.3
2024,2,785,RB,PHI,0.6,0.6,0.6
2024,2,786,TE,PIT,3.9,5.9,7.9
2024,2,807,RB,DEN,6.5,9.0,11.5
2024,2,810,RB,JAX,11.8,13.3,14.8
2024,2,813,WR,CLE,4.4,7.4,10.4
2024,2,818,RB,IND,0.7,1.2,1.7
2024,2,822,WR,LAC,1.9,2.9,3.9
2024,2,824,QB,PIT,11.38,11.38,11.38
2024,2,843,RB,IND,0.2,0.7,1.2
2024,2,855,WR,PHI,2.3,5.3,8.3
2024,2,867,WR,NYJ,0.0,0.0,0.0
2024,2,869,QB,BUF,9.76,9.76,9.76
2024,2,880,RB,KC,11.1,13.6,16.1
2024,2,885,WR,PIT,2.9,3.9,4.9
2024,2,890,TE,DEN,1.6,3.1,4.6
2024,2,902,WR,MIN,11.4,12.9,14.4
2024,2,913,RB,MIN,8.2,8.2,8.2
2024,2,914,RB,PIT,0.0,0.0,0.0
2024,2,916,WR,MIA,0.5,1.0,1.5
2024,2,917,RB,ATL,6.5,7.0,7.5
2024,2,920,TE,IND,1.2,1.7,2.2
2024,2,939,QB,MIA,3.6,3.6,3.6
2024,2,958,RB,CAR,0.0,0.0,0.0
2024,2,959,RB,NO,0.0,0.0,0.0
2024,2,976,TE,KC,0.0,0.0,0.0
2024,2,992,WR,NO,16.9,18.9,20.9
2024,2,995,RB,LA,0.0,0.5,1.0
2024,2,1005,WR,CIN,0.5,1.0,1.5
2024,2,1014,TE,IND,2.2,2.7,3.2
2024,2,1016,RB,LAC,1.1,1.1,1.1
2024,2,1029,WR,TEN,0.0,0.0,0.0
2024,2,1032,RB,WAS,13.6,14.1,14.6
2024,2,1041,RB,LV,3.8,5.3,6.8
2024,2,1061,WR,PIT,0.6,1.1,1.6
2024,2,1063,RB,LA,11.2,13.2,15.2
2024,2,1068,TE,NYJ,0.0,0.0,0.0
2024,2,1076,RB,CLE,0.5,1.0,1.5
2024,2,1094,TE,BAL,0.4,0.9,1.4
2024,2,1097,RB,CLE,6.4,6.9,7.4
2024,2,1106,QB,GB,12.98,12.98,12.98
2024,2,1107,RB,NYJ,17.4,20.9,24.4
2024,2,1110,RB,BUF,27.5,28.0,28.5
2024,2,1121,WR,KC,2.2,3.2,4.2
2024,2,1151,WR,NYJ,0.0,0.0,0.0
2024,2,1179,TE,DAL,4.3,7.3,10.3
2024,2,1186,TE,TEN,1.3,2.3,3.3
2024,2,1198,RB,JAX,0.0,0.0,0.0
2024,2,1205,WR,ARI,3.1,4.1,5.1
2024,2,1224,WR,DAL,1.0,1.5,2.0
2024,2,1234,WR,HOU,0.0,0.0,0.0
2024,2,1242,RB,ARI,4.6,4.6,4.6
2024,2,1245,TE,MIA,0.0,0.0,0.0
2024,2,1264,WR,SEA,1.5,2.5,3.5
2024,2,1273,RB,DEN,0.6,0.6,0.6
2024,2,1282,TE,DEN,0.0,0.0,0.0
2024,2,1285,QB,DAL,12.92,12.92,12.92
2024,2,1311,QB,CIN,19.22,19.22,19.22
2024,2,1335,WR,DEN,1.0,1.5,2.0
2024,2,1347,WR,TB,0.0,0.0,0.0
2024,2,1352,TE,ARI,7.8,8.3,8.8
2024,2,1354,TE,GB,1.6,2.6,3.6
2024,2,1377,TE,GB,0.6,1.1,1.6
2024,2,1381,WR,BAL,15.1,18.6,22.1
2024,2,1382,TE,LV,1.1,1.6,2.1
2024,2,1395,QB,TEN,13.48,13.48,13.48
2024,2,1417,TE,CAR,0.0,0.0,0.0
2024,2,1439,RB,LV,0.2,1.2,2.2
2024,2,1460,RB,KC,2.4,2.4,2.4
2024,2,1469,RB,DET,1.7,2.2,2.7
2024,2,1472,RB,SF,0.0,0.0,0.0
2024,2,1483,RB,NYG,0.2,0.2,0.2
2024,2,1516,RB,BAL,3.2,4.2,5.2
2024,2,1613,WR,CIN,12.7,13.7,14.7
2024,2,1663,RB,LA,2.8,2.8,2.8
2024,2,1666,QB,DEN,8.34,8.34,8.34
2024,2,1672,WR,LA,2.2,3.2,4.2
2024,2,1699,TE,SEA,0.0,0.0,0.0
2024,2,1708,WR,SF,3.7,4.7,5.7
2024,2,1710,WR,IND,0.0,0.0,0.0
2024,2,1726,WR,ARI,25.0,27.0,29.0
2024,2,1728,RB,MIA,0.4,0.4,0.4
2024,2,1736,TE,KC,0.7,1.2,1.7
2024,2,1742,WR,IND,3.0,3.5,4.0
2024,2,1749,WR,JAX,9.4,10.4,11.4
2024,2,1760,QB,CHI,7.36,7.36,7.36
2024,2,1761,QB,WAS,13.44,13.44,13.44
2024,2,1763,RB,ARI,1.7,2.2,2.7
2024,2,1768,RB,BUF,2.8,3.3,3.8
2024,2,1796,RB,NE,0.2,0.2,0.2
2024,2,1873,WR,LAC,0.0,0.0,0.0
2024,2,1934,RB,TB,2.3,2.8,3.3
2024,2,1970,TE,ATL,2.0,3.5,5.0
2024,2,1997,TE,SF,0.0,0.0,0.0
2024,2,2028,WR,BUF,5.6,8.1,10.6
2024,2,2060,QB,MIN,19.92,19.92,19.92
2024,2,2110,WR,CIN,0.0,0.0,0.0
2024,2,2161,TE,HOU,0.4,0.9,1.4
2024,2,2221,WR,NYJ,0.4,0.9,1.4
2024,2,2227,RB,DET,10.6,14.1,17.6
2024,2,2244,QB,IND,9.86,9.86,9.86
2024,2,2279,WR,NYG,18.7,23.7,28.7
2024,2,2282,WR,TEN,20.7,22.7,24.7
2024,2,2284,TE,NO,0.0,0.0,0.0
2024,2,2290,WR,GB,4.6,5.6,6.6
2024,2,2302,WR,HOU,0.0,0.0,0.0
2024,2,2411,TE,TB,0.0,0.0,0.0
2024,2,2459,WR,PHI,0.0,0.0,0.0
2024,2,2533,WR,LV,0.2,0.2,0.2
2024,2,2534,QB,LA,8.64,8.64,8.64
2024,2,2606,RB,CHI,4.2,6.2,8.2
2024,2,2608,QB,SEA,17.88,17.88,17.88
2024,2,2613,QB,MIA,5.5,5.5,5.5
2024,2,2614,RB,NYG,15.5,16.0,16.5
2024,2,2634,WR,LAC,2.6,3.6,4.6
2024,2,2665,RB,MIA,1.2,2.2,3.2
2024,2,2677,WR,CHI,3.3,4.3,5.3
2024,2,2698,TE,CIN,3.2,5.2,7.2
2024,2,2730,WR,CIN,3.5,5.5,7.5
2024,2,2756,WR,DET,9.4,11.9,14.4
2024,2,2757,WR,CLE,0.2,0.7,1.2
2024,2,2772,WR,GB,8.6,10.1,11.6
2024,2,2780,TE,LAC,0.5,1.0,1.5
2024,2,2791,TE,CIN,9.1,12.6,16.1
2024,2,2795,TE,SF,13.6,17.1,20.6
2024,2,2803,RB,BAL,0.0,0.0,0.0
2024,2,2821,RB,SF,16.4,16.9,17.4
2024,2,2843,TE,CAR,2.3,3.8,5.3
2024,2,2848,QB,NO,-0.3,-0.3,-0.3
2024,2,2852,RB,BAL,0.0,0.0,0.0
2024,2,2853,RB,NYJ,17.6,18.6,19.6
2024,2,2862,WR,NYJ,6.2,8.2,10.2
2024,2,2866,RB,WAS,8.5,10.0,11.5
2024,2,2883,RB,DEN,1.8,2.3,2.8
2024,2,2893,WR,DEN,5.0,7.0,9.0
2024,2,2929,WR,LA,3.7,5.7,7.7
2024,2,2955,TE,LA,0.0,0.0,0.0
2024,2,2972,RB,JAX,2.6,2.6,2.6
2024,2,2976,WR,JAX,0.4,0.4,0.4
2024,2,2978,WR,CHI,3.2,4.7,6.2
2024,2,2999,WR,DEN,9.3,11.3,13.3
2024,2,3004,TE,NO,1.9,2.4,2.9
2024,2,3009,RB,PIT,0.3,0.3,0.3
2024,2,3038,WR,CAR,1.5,3.0,4.5
2024,2,3070,RB,TEN,10.2,12.7,15.2
2024,2,3081,WR,MIA,3.6,5.1,6.6
2024,2,3082,WR,TB,4.2,5.7,7.2
2024,2,3095,QB,ARI,-0.6,-0.6,-0.6
2024,2,3096,WR,TEN,0.0,0.0,0.0
2024,2,3116,WR,LV,1.3,2.3,3.3
2024,2,3122,WR,NYJ,1.9,2.4,2.9
2024,2,3127,TE,TB,-0.4,-0.4,-0.4
2024,2,3133,TE,ARI,6.7,9.7,12.7
2024,2,3139,TE,NE,10.9,14.9,18.9
2024,2,3166,TE,DAL,0.0,0.0,0.0
2024,2,3222,RB,CHI,6.7,7.7,8.7
2024,2,3225,QB,JAX,13.3,13.3,13.3
2024,2,3247,WR,SEA,11.7,17.7,23.7
2024,2,3253,WR,MIA,4.5,6.5,8.5
2024,2,3262,TE,NYG,0.0,0.0,0.0
2024,2,3263,RB,DAL,3.2,4.2,5.2
2024,2,3267,WR,HOU,0.0,0.0,0.0
2024,2,3272,RB,CIN,0.0,0.0,0.0
2024,2,3279,TE,BUF,3.3,5.3,7.3
2024,2,3289,WR,DET,11.9,17.4,22.9
2024,2,3302,WR,DAL,1.6,2.6,3.6
2024,2,3307,RB,NE,10.3,10.8,11.3
2024,2,3365,WR,CAR,0.1,0.6,1.1
2024,2,3376,RB,GB,1.8,2.3,2.8
2024,2,3420,WR,JAX,4.3,5.8,7.3
2024,2,3428,TE,CIN,2.8,4.3,5.8
2024,2,3435,WR,PIT,0.0,0.0,0.0
2024,2,3443,WR,TEN,2.6,3.6,4.6
2024,2,3446,RB,MIA,0.2,0.2,0.2
2024,2,3448,WR,MIA,0.0,0.0,0.0
2024,2,3459,RB,TEN,3.1,4.1,5.1
2024,2,3473,WR,ATL,0.0,0.0,0.0
2024,2,3512,RB,LAC,0.0,0.0,0.0
2024,2,3541,QB,ATL,17.54,17.54,17.54
2024,2,3547,WR,NYJ,1.1,2.1,3.1
2024,2,3572,TE,WAS,6.2,8.2,10.2
2024,2,3579,WR,MIN,1.6,2.6,3.6
2024,2,3593,TE,BAL,2.6,3.6,4.6
2024,2,3594,QB,KC,12.94,12.94,12.94
2024,2,3606,WR,BAL,4.0,5.5,7.0
2024,2,3620,TE,PHI,1.9,2.9,3.9
2024,2,3630,WR,WAS,1.7,2.7,3.7
2024,2,3632,RB,NYG,0.0,0.0,0.0
2024,2,3648,WR,DAL,8.2,11.2,14.2
2024,2,3651,QB,LAC,13.0,13.0,13.0
2024,2,3672,TE,DET,1.3,2.3,3.3
2024,2,3703,RB,CIN,4.7,5.2,5.7
2024,2,3716,WR,KC,13.5,16.0,18.5
2024,2,3735,RB,HOU,5.0,6.5,8.0
2024,2,3739,RB,CLE,5.1,5.6,6.1
2024,2,3782,WR,TB,2.1,2.6,3.1
2024,2,3785,WR,CAR,0.0,0.0,0.0
2024,2,3790,WR,GB,6.2,7.7,9.2
2024,2,3802,TE,JAX,6.5,8.0,9.5
2024,2,3808,RB,ARI,18.4,18.9,19.4
2024,2,3835,WR,BUF,0.0,0.0,0.0
2024,2,3861,WR,MIN,1.7,2.2,2.7
2024,2,3862,RB,CIN,3.1,3.1,3.1
2024,2,3863,WR,GB,0.8,0.8,0.8
2024,2,3874,WR,LV,2.9,4.9,6.9
2024,2,3889,TE,WAS,0.0,0.0,0.0
2024,2,3890,TE,NE,0.5,1.0,1.5
2024,2,3892,WR,MIN,19.3,21.3,23.3
2024,2,3917,WR,LA,2.0,3.0,4.0
2024,2,3925,TE,CAR,0.8,1.8,2.8
2024,2,3939,TE,MIA,0.8,1.3,1.8
2024,2,3945,WR,LAC,17.1,19.6,22.1
2024,2,3965,QB,CAR,1.96,1.96,1.96
2024,2,3981,TE,CHI,0.1,1.1,2.1
2024,2,3993,WR,NO,8.8,10.8,12.8
2024,2,4004,TE,IND,0.9,1.4,1.9
2024,2,4021,WR,NYG,7.8,8.8,9.8
2024,2,4024,WR,PIT,1.4,2.4,3.4
2024,2,4048,RB,CAR,7.6,9.6,11.6
2024,2,4053,WR,ATL,4.5,6.0,7.5
2024,2,4094,TE,PIT,6.5,7.0,7.5
2024,2,4103,RB,PHI,0.0,0.0,0.0
2024,2,4145,WR,MIA,1.3,1.8,2.3
2024,2,4152,RB,GB,0.9,0.9,0.9
2024,2,4158,QB,HOU,14.3,14.3,14.3
2024,2,4164,WR,IND,11.6,14.1,16.6
2024,2,4181,WR,HOU,1.3,1.8,2.3
2024,2,4192,TE,KC,0.6,1.1,1.6
2024,2,4196,WR,NYG,3.3,4.8,6.3
2024,2,4201,RB,NO,3.9,3.9,3.9
2024,2,4203,QB,CLE,15.44,15.44,15.44
2024,2,4210,RB,ATL,0.0,0.0,0.0
2024,2,4214,QB,BUF,-0.2,-0.2,-0.2
2024,2,4219,WR,BAL,0.0,0.0,0.0
2024,2,4237,RB,MIA,22.5,26.0,29.5
2024,2,4247,TE,TEN,1.6,3.1,4.6
2024,2,4255,WR,BUF,0.0,0.0,0.0
2024,2,4273,RB,DAL,1.7,2.2,2.7
2024,2,4283,RB,DEN,0.1,0.6,1.1
2024,2,4305,WR,PHI,0.6,1.1,1.6
2024,2,4335,WR,KC,2.2,3.2,4.2
2024,2,4338,WR,NE,7.2,8.2,9.2
2024,2,4371,WR,CIN,4.7,5.2,5.7
2024,2,4379,WR,SEA,18.9,23.9,28.9
2024,2,4388,TE,WAS,0.5,1.0,1.5
2024,2,4422,TE,HOU,1.8,2.3,2.8
2024,2,4447,WR,WAS,5.6,7.1,8.6
2024,2,4449,WR,SEA,0.0,0.0,0.0
2024,2,4450,QB,NYG,18.32,18.32,18.32
2024,2,4484,WR,KC,0.0,0.0,0.0
2024,2,4485,TE,PHI,3.8,5.3,6.8
2024,2,4490,RB,TB,0.0,0.0,0.0
2024,2,4493,WR,HOU,19.5,23.5,27.5
2024,2,4503,TE,PIT,0.0,0.0,0.0
2024,2,4529,WR,CAR,2.0,3.0,4.0
2024,2,4542,WR,DAL,0.6,1.6,2.6
2024,2,4561,QB,SF,15.96,15.96,15.96
2024,2,4589,RB,PIT,6.1,7.1,8.1
2024,2,4602,RB,BUF,3.2,3.7,4.2
2024,2,4614,RB,GB,15.1,15.1,15.1
2024,2,4617,RB,SEA,12.9,15.4,17.9
2024,3,17,WR,DEN,1.1,2.1,3.1
2024,3,19,TE,CHI,0.0,0.0,0.0
2024,3,28,QB,NYJ,21.04,21.04,21.04
2024,3,30,RB,SF,0.6,1.1,1.6
2024,3,51,TE,LV,4.1,5.6,7.1
2024,3,64,WR,BAL,5.6,6.1,6.6
2024,3,66,WR,LV,4.0,6.0,8.0
2024,3,67,WR,CLE,20.6,24.1,27.6
2024,3,69,QB,CLE,0.1,0.1,0.1
2024,3,71,WR,HOU,9.92,14.92,19.92
2024,3,81,QB,LAC,0.96,0.96,0.96
2024,3,93,WR,SEA,4.6,7.1,9.6
2024,3,105,WR,SF,0.0,0.0,0.0
2024,3,137,WR,LA,3.2,3.7,4.2
2024,3,142,WR,DET,0.0,0.0,0.0
2024,3,155,TE,MIN,6.2,6.7,7.2
2024,3,164,RB,MIN,20.8,23.3,25.8
2024,3,166,WR,BUF,2.2,3.7,5.2
2024,3,184,TE,SF,4.1,5.1,6.1
2024,3,187,RB,KC,4.0,5.5,7.0
2024,3,193,TE,SEA,0.9,1.4,1.9
2024,3,202,TE,MIA,1.8,2.8,3.8
2024,3,203,RB,NO,12.7,14.2,15.7
2024,3,213,WR,TB,11.3,14.3,17.3
2024,3,216,TE,NYJ,9.3,11.8,14.3
2024,3,217,RB,ATL,11.2,12.2,13.2
2024,3,218,WR,KC,7.7,8.7,9.7
2024,3,224,RB,LAC,0.9,0.9,0.9
2024,3,230,TE,LAC,1.9,3.4,4.9
2024,3,237,TE,ATL,0.0,0.0,0.0
2024,3,243,WR,JAX,1.8,2.8,3.8
2024,3,244,RB,WAS,0.1,0.1,0.1
2024,3,258,RB,HOU,2.8,3.8,4.8
2024,3,260,TE,HOU,1.1,2.1,3.1
2024,3,265,TE,CLE,2.9,4.9,6.9
2024,3,270,WR,DEN,6.8,10.3,13.8
2024,3,272,WR,NO,0.3,0.8,1.3
2024,3,293,WR,DET,0.8,1.3,1.8
2024,3,303,WR,DAL,6.7,8.7,10.7
2024,3,306,QB,DET,14.56,14.56,14.56
2024,3,311,QB,NE,3.92,3.92,3.92
2024,3,313,RB,PHI,27.6,29.6,31.6
2024,3,323,WR,JAX,7.9,11.9,15.9
2024,3,324,TE,BAL,0.0,0.0,0.0
2024,3,325,WR,CHI,7.2,11.2,15.2
2024,3,327,QB,TB,8.52,8.52,8.52
2024,3,334,WR,IND,0.0,0.0,0.0
2024,3,336,RB,LV,10.4,11.9,13.4
2024,3,337,RB,TB,8.4,9.9,11.4
2024,3,365,TE,MIN,0.0,0.0,0.0
2024,3,366,RB,CAR,9.0,10.0,11.0
2024,3,370,QB,ARI,14.78,14.78,14.78
2024,3,373,WR,CLE,2.7,4.7,6.7
2024,3,377,WR,SF,0.0,0.0,0.0
2024,3,394,QB,LV,11.96,11.96,11.96
2024,3,399,WR,PIT,3.1,4.1,5.1
2024,3,427,QB,NO,7.98,7.98,7.98
2024,3,440,TE,SEA,6.0,9.0,12.0
2024,3,445,WR,ARI,3.5,5.0,6.5
2024,3,471,WR,ATL,12.7,15.7,18.7
2024,3,473,WR,WAS,16.0,18.0,20.0
2024,3,482,RB,DET,18.2,19.7,21.2
2024,3,485,RB,NYG,0.0,0.0,0.0
2024,3,487,TE,BUF,0.7,1.2,1.7
2024,3,499,WR,TEN,13.3,16.3,19.3
2024,3,506,QB,BAL,25.98,25.98,25.98
2024,3,525,WR,BUF,1.6,2.1,2.6
2024,3,535,RB,LAC,5.4,6.9,8.4
2024,3,536,RB,DAL,5.6,7.1,8.6
2024,3,537,RB,HOU,0.3,1.3,2.3
2024,3,543,WR,CLE,0.0,0.0,0.0
2024,3,547,RB,IND,25.5,26.0,26.5
2024,3,557,TE,LA,2.1,3.6,5.1
2024,3,560,RB,BAL,29.4,29.9,30.4
2024,3,561,WR,IND,3.6,5.6,7.6
2024,3,567,TE,CHI,15.7,20.7,25.7
2024,3,568,WR,SF,4.8,7.3,9.8
2024,3,571,WR,SEA,0.2,0.7,1.2
2024,3,600,WR,ATL,6.6,10.6,14.6
2024,3,612,TE,JAX,0.8,1.3,1.8
2024,3,625,QB,PHI,12.94,12.94,12.94
2024,3,650,RB,ARI,0.0,0.0,0.0
2024,3,651,RB,HOU,8.9,9.4,9.9
2024,3,666,RB,MIN,0.0,0.0,0.0
2024,3,696,WR,LAC,1.7,2.2,2.7
2024,3,699,WR,NYG,0.0,0.0,0.0
2024,3,748,WR,LA,9.3,11.3,13.3
2024,3,751,RB,NE,2.3,2.3,2.3
2024,3,764,WR,PHI,7.9,11.4,14.9
2024,3,767,RB,PIT,8.6,11.1,13.6
2024,3,769,TE,JAX,0.1,0.6,1.1
2024,3,785,RB,PHI,1.2,2.2,3.2
2024,3,786,TE,PIT,3.3,5.3,7.3
2024,3,807,RB,DEN,4.1,6.1,8.1
2024,3,810,RB,JAX,8.5,10.5,12.5
2024,3,813,WR,CLE,1.7,2.7,3.7
2024,3,818,RB,IND,7.6,7.6,7.6
2024,3,824,QB,PIT,18.4,18.4,18.4
2024,3,843,RB,IND,0.0,0.0,0.0
2024,3,855,WR,PHI,1.1,1.6,2.1
2024,3,867,WR,NYJ,0.0,0.0,0.0
2024,3,869,QB,BUF,30.92,30.92,30.92
2024,3,885,WR,PIT,5.7,8.2,10.7
2024,3,902,WR,MIN,9.4,10.9,12.4
2024,3,913,RB,MIN,1.3,1.3,1.3
2024,3,914,RB,PIT,0.2,0.7,1.2
2024,3,917,RB,ATL,3.2,3.2,3.2
2024,3,920,TE,IND,0.0,0.0,0.0
2024,3,939,QB,MIA,4.28,4.28,4.28
2024,3,955,WR,MIA,0.1,0.6,1.1
2024,3,958,RB,CAR,0.0,0.0,0.0
2024,3,968,TE,PIT,0.0,0.0,0.0
2024,3,986,TE,LAC,0.0,0.0,0.0
2024,3,992,WR,NO,0.0,0.0,0.0
2024,3,995,RB,LA,0.9,0.9,0.9
2024,3,1014,TE,IND,0.0,0.0,0.0
2024,3,1029,WR,TEN,0.9,1.4,1.9
2024,3,1032,RB,WAS,9.7,10.2,10.7
2024,3,1041,RB,LV,3.4,3.4,3.4
2024,3,1061,WR,PIT,15.5,17.5,19.5
2024,3,1063,RB,LA,29.6,30.6,31.6
2024,3,1068,TE,NYJ,1.5,2.5,3.5
2024,3,1079,TE,NYG,1.7,2.2,2.7
2024,3,1091,WR,MIA,0.0,0.0,0.0
2024,3,1094,TE,BAL,3.0,3.5,4.0
2024,3,1097,RB,CLE,7.0,8.5,10.0
2024,3,1106,QB,GB,25.38,25.38,25.38
2024,3,1107,RB,NYJ,14.3,16.3,18.3
2024,3,1110,RB,BUF,14.7,16.7,18.7
2024,3,1111,WR,LA,0.0,0.0,0.0
2024,3,1121,WR,KC,3.0,4.0,5.0
2024,3,1151,WR,NYJ,1.6,2.6,3.6
2024,3,1179,TE,DAL,0.5,1.0,1.5
2024,3,1186,TE,TEN,4.3,6.3,8.3
2024,3,1198,RB,JAX,0.9,0.9,0.9
2024,3,1205,WR,ARI,6.4,10.4,14.4
2024,3,1214,WR,NE,7.8,11.3,14.8
2024,3,1221,WR,NE,0.2,0.7,1.2
2024,3,1224,WR,DAL,2.4,2.9,3.4
2024,3,1234,WR,HOU,0.0,0.0,0.0
2024,3,1242,RB,ARI,0.7,0.7,0.7
2024,3,1245,TE,MIA,2.4,3.4,4.4
2024,3,1270,RB,DAL,4.1,5.1,6.1
2024,3,1273,RB,DEN,7.4,7.9,8.4
2024,3,1282,TE,DEN,0.6,1.1,1.6
2024,3,1285,QB,DAL,29.86,29.86,29.86
2024,3,1311,QB,CIN,25.36,25.36,25.36
2024,3,1335,WR,DEN,0.9,1.4,1.9
2024,3,1342,WR,IND,2.2,3.7,5.2
2024,3,1347,WR,TB,0.0,0.0,0.0
2024,3,1352,TE,ARI,1.1,1.6,2.1
2024,3,1354,TE,GB,2.4,3.4,4.4
2024,3,1377,TE,GB,0.3,0.8,1.3
2024,3,1381,WR,BAL,2.3,3.8,5.3
2024,3,1382,TE,LV,0.7,1.2,1.7
2024,3,1395,QB,TEN,15.6,15.6,15.6
2024,3,1439,RB,LV,1.3,2.3,3.3
2024,3,1459,WR,CAR,4.2,5.2,6.2
2024,3,1460,RB,KC,7.4,7.9,8.4
2024,3,1464,WR,WAS,4.4,5.9,7.4
2024,3,1472,RB,SF,1.9,1.9,1.9
2024,3,1483,RB,NYG,4.0,5.0,6.0
2024,3,1516,RB,BAL,5.4,6.4,7.4
2024,3,1589,WR,NO,1.1,2.1,3.1
2024,3,1613,WR,CIN,11.2,13.7,16.2
2024,3,1649,TE,ARI,0.0,0.0,0.0
2024,3,1666,QB,DEN,19.34,19.34,19.34
2024,3,1672,WR,LA,2.8,4.3,5.8
2024,3,1699,TE,SEA,1.3,2.8,4.3
2024,3,1708,WR,SF,35.5,41.0,46.5
2024,3,1710,WR,IND,0.0,0.0,0.0
2024,3,1726,WR,ARI,12.4,14.9,17.4
2024,3,1728,RB,MIA,1.7,1.7,1.7
2024,3,1730,QB,NE,2.08,2.08,2.08
2024,3,1742,WR,IND,0.0,0.0,0.0
2024,3,1749,WR,JAX,4.8,7.3,9.8
2024,3,1760,QB,CHI,19.32,19.32,19.32
2024,3,1761,QB,WAS,28.06,28.06,28.06
2024,3,1763,RB,ARI,0.8,0.8,0.8
2024,3,1768,RB,BUF,8.3,8.8,9.3
2024,3,1796,RB,NE,0.5,0.5,0.5
2024,3,1813,TE,KC,1.3,1.8,2.3
2024,3,1873,WR,LAC,0.8,0.8,0.8
2024,3,1905,QB,LV,7.28,7.28,7.28
2024,3,1922,QB,HOU,3.16,3.16,3.16
2024,3,1934,RB,TB,3.5,6.0,8.5
2024,3,1970,TE,ATL,5.9,6.9,7.9
2024,3,2028,WR,BUF,13.2,16.2,19.2
2024,3,2060,QB,MIN,23.24,23.24,23.24
2024,3,2195,TE,TB,0.8,1.3,1.8
2024,3,2227,RB,DET,16.3,16.3,16.3
2024,3,2244,QB,IND,5.08,5.08,5.08
2024,3,2279,WR,NYG,20.2,24.2,28.2
2024,3,2282,WR,TEN,0.9,1.4,1.9
2024,3,2284,TE,NO,0.2,0.7,1.2
2024,3,2290,WR,GB,6.9,8.9,10.9
2024,3,2302,WR,HOU,0.0,0.0,0.0
2024,3,2400,TE,PHI,0.0,0.0,0.0
2024,3,2459,WR,PHI,0.9,1.4,1.9
2024,3,2515,RB,GB,0.3,0.3,0.3
2024,3,2533,WR,LV,0.0,0.0,0.0
2024,3,2534,QB,LA,12.84,12.84,12.84
2024,3,2606,RB,CHI,4.2,5.2,6.2
2024,3,2608,QB,SEA,11.36,11.36,11.36
2024,3,2614,RB,NYG,16.8,18.8,20.8
2024,3,2634,WR,LAC,4.4,5.9,7.4
2024,3,2665,RB,MIA,1.4,1.4,1.4
2024,3,2677,WR,CHI,17.4,20.4,23.4
2024,3,2698,TE,CIN,2.2,4.2,6.2
2024,3,2730,WR,CIN,23.8,26.8,29.8
2024,3,2749,RB,KC,0.0,0.0,0.0
2024,3,2756,WR,DET,0.2,0.7,1.2
2024,3,2757,WR,CLE,0.4,0.9,1.4
2024,3,2772,WR,GB,0.0,0.0,0.0
2024,3,2780,TE,LAC,1.5,2.5,3.5
2024,3,2791,TE,CIN,4.7,6.7,8.7
2024,3,2794,WR,MIA,3.0,3.5,4.0
2024,3,2808,TE,TEN,6.9,7.9,8.9
2024,3,2821,RB,SF,8.8,9.8,10.8
2024,3,2843,TE,CAR,2.9,4.4,5.9
2024,3,2849,TE,NYG,1.3,1.8,2.3
2024,3,2853,RB,NYJ,6.8,8.3,9.8
2024,3,2862,WR,NYJ,9.3,11.8,14.3
2024,3,2866,RB,WAS,11.7,12.7,13.7
2024,3,2883,RB,DEN,7.0,7.0,7.0
2024,3,2893,WR,DEN,3.7,6.7,9.7
2024,3,2919,RB,HOU,0.2,0.2,0.2
2024,3,2955,TE,LA,0.0,0.0,0.0
2024,3,2972,RB,JAX,1.2,1.2,1.2
2024,3,2976,WR,JAX,-0.1,0.4,0.9
2024,3,2977,QB,MIA,3.76,3.76,3.76
2024,3,2978,WR,CHI,2.2,3.7,5.2
2024,3,2999,WR,DEN,3.6,4.6,5.6
2024,3,3009,RB,PIT,4.8,6.3,7.8
2024,3,3015,RB,BUF,0.0,0.0,0.0
2024,3,3038,WR,CAR,18.2,22.2,26.2
2024,3,3070,RB,TEN,2.9,4.4,5.9
2024,3,3081,WR,MIA,4.0,5.5,7.0
2024,3,3082,WR,TB,1.7,2.7,3.7
2024,3,3096,WR,TEN,0.0,0.0,0.0
2024,3,3116,WR,LV,15.6,19.1,22.6
2024,3,3122,WR,NYJ,3.4,4.9,6.4
2024,3,3127,TE,TB,4.7,8.2,11.7
2024,3,3133,TE,ARI,2.5,4.0,5.5
2024,3,3139,TE,NE,0.9,1.9,2.9
2024,3,3161,TE,DET,3.4,5.4,7.4
2024,3,3166,TE,DAL,0.0,0.0,0.0
2024,3,3222,RB,CHI,0.9,0.9,0.9
2024,3,3225,QB,JAX,9.42,9.42,9.42
2024,3,3247,WR,SEA,3.9,5.4,6.9
2024,3,3251,RB,NYJ,0.6,0.6,0.6
2024,3,3253,WR,MIA,2.6,4.6,6.6
2024,3,3262,TE,NYG,0.0,0.0,0.0
2024,3,3263,RB,DAL,1.2,1.7,2.2
2024,3,3267,WR,HOU,1.8,2.8,3.8
2024,3,3272,RB,CIN,0.0,0.0,0.0
2024,3,3279,TE,BUF,10.1,11.6,13.1
2024,3,3289,WR,DET,13.5,17.0,20.5
2024,3,3302,WR,DAL,1.6,2.6,3.6
2024,3,3307,RB,NE,3.7,5.2,6.7
2024,3,3365,WR,CAR,2.0,3.5,5.0
2024,3,3420,WR,JAX,1.8,2.8,3.8
2024,3,3443,WR,TEN,3.3,4.8,6.3
2024,3,3446,RB,MIA,1.4,2.9,4.4
2024,3,3448,WR,MIA,0.0,0.0,0.0
2024,3,3459,RB,TEN,6.1,8.1,10.1
2024,3,3473,WR,ATL,0.0,0.0,0.0
2024,3,3512,RB,LAC,0.0,0.0,0.0
2024,3,3517,WR,CHI,0.0,0.0,0.0
2024,3,3541,QB,ATL,11.1,11.1,11.1
2024,3,3547,WR,NYJ,10.8,12.3,13.8
2024,3,3550,TE,DAL,9.5,12.5,15.5
2024,3,3572,TE,WAS,3.8,6.3,8.8
2024,3,3579,WR,MIN,1.3,1.8,2.3
2024,3,3593,TE,BAL,0.4,0.9,1.4
2024,3,3594,QB,KC,16.38,16.38,16.38
2024,3,3606,WR,BAL,8.8,10.3,11.8
2024,3,3620,TE,PHI,0.0,0.0,0.0
2024,3,3630,WR,WAS,1.6,2.6,3.6
2024,3,3632,RB,NYG,0.0,0.0,0.0
2024,3,3648,WR,DAL,10.2,11.7,13.2
2024,3,3651,QB,LAC,9.0,9.0,9.0
2024,3,3672,TE,DET,3.6,4.6,5.6
2024,3,3703,RB,CIN,15.7,18.2,20.7
2024,3,3716,WR,KC,17.1,23.1,29.1
2024,3,3739,RB,CLE,0.5,0.5,0.5
2024,3,3782,WR,TB,0.6,1.1,1.6
2024,3,3790,WR,GB,1.8,2.3,2.8
2024,3,3802,TE,JAX,7.2,8.2,9.2
2024,3,3808,RB,ARI,2.5,3.0,3.5
2024,3,3835,WR,BUF,8.4,8.9,9.4
2024,3,3843,WR,GB,6.7,7.7,8.7
2024,3,3861,WR,MIN,0.8,1.3,1.8
2024,3,3862,RB,CIN,6.9,7.9,8.9
2024,3,3863,WR,GB,0.0,0.0,0.0
2024,3,3874,WR,LV,12.2,15.7,19.2
2024,3,3890,TE,NE,1.9,2.4,2.9
2024,3,3892,WR,MIN,14.1,17.1,20.1
2024,3,3917,WR,LA,2.0,3.5,5.0
2024,3,3925,TE,CAR,0.0,0.0,0.0
2024,3,3936,RB,MIN,0.0,0.0,0.0
2024,3,3939,TE,MIA,0.3,0.8,1.3
2024,3,3945,WR,LAC,10.4,11.4,12.4
2024,3,3968,WR,SF,1.2,1.7,2.2
2024,3,3981,TE,CHI,0.0,0.0,0.0
2024,3,3993,WR,NO,14.6,17.6,20.6
2024,3,4004,TE,IND,4.0,4.5,5.0
2024,3,4021,WR,NYG,6.1,9.6,13.1
2024,3,4046,WR,NYG,0.0,0.0,0.0
2024,3,4048,RB,CAR,22.9,25.4,27.9
2024,3,4053,WR,ATL,3.7,4.7,5.7
2024,3,4099,RB,CHI,6.2,8.2,10.2
2024,3,4103,RB,PHI,0.0,0.0,0.0
2024,3,4152,RB,GB,14.5,15.5,16.5
2024,3,4158,QB,HOU,9.8,9.8,9.8
2024,3,4164,WR,IND,4.4,4.9,5.4
2024,3,4181,WR,HOU,6.2,8.7,11.2
2024,3,4192,TE,KC,3.0,5.0,7.0
2024,3,4195,RB,NO,0.0,0.0,0.0
2024,3,4196,WR,NYG,0.7,1.2,1.7
2024,3,4201,RB,NO,-0.1,0.4,0.9
2024,3,4203,QB,CLE,18.44,18.44,18.44
2024,3,4204,QB,MIN,0.0,0.0,0.0
2024,3,4210,RB,ATL,0.0,0.0,0.0
2024,3,4214,QB,BUF,0.02,0.02,0.02
2024,3,4216,TE,DEN,1.3,1.8,2.3
2024,3,4219,WR,BAL,0.0,0.0,0.0
2024,3,4237,RB,MIA,5.8,7.3,8.8
2024,3,4247,TE,TEN,1.5,2.5,3.5
2024,3,4255,WR,BUF,0.7,1.2,1.7
2024,3,4261,WR,NYG,0.0,0.0,0.0
2024,3,4271,QB,JAX,0.88,0.88,0.88
2024,3,4273,RB,DAL,1.3,1.8,2.3
2024,3,4280,QB,CAR,24.56,24.56,24.56
2024,3,4305,WR,PHI,0.8,1.8,2.8
2024,3,4335,WR,KC,1.3,1.8,2.3
2024,3,4338,WR,NE,1.3,2.3,3.3
2024,3,4379,WR,SEA,16.4,18.4,20.4
2024,3,4422,TE,HOU,0.0,0.0,0.0
2024,3,4424,WR,NE,0.0,0.0,0.0
2024,3,4447,WR,WAS,2.9,4.4,5.9
2024,3,4449,WR,SEA,0.0,0.0,0.0
2024,3,4450,QB,NYG,19.44,19.44,19.44
2024,3,4474,WR,CIN,3.9,5.4,6.9
2024,3,4484,WR,KC,0.0,0.0,0.0
2024,3,4485,TE,PHI,17.0,22.0,27.0
2024,3,4490,RB,TB,0.4,0.4,0.4
2024,3,4493,WR,HOU,8.6,10.6,12.6
2024,3,4529,WR,CAR,10.0,11.5,13.0
2024,3,4542,WR,DAL,11.2,12.7,14.2
2024,3,4561,QB,SF,27.78,27.78,27.78
2024,3,4589,RB,PIT,0.1,0.6,1.1
2024,3,4602,RB,BUF,10.6,12.1,13.6
2024,3,4614,RB,GB,4.8,5.3,5.8
2024,3,4617,RB,SEA,22.7,24.2,25.7
2024,3,4623,WR,PHI,1.3,2.3,3.3
2024,3,4638,RB,SEA,1.1,1.1,1.1
2024,4,17,WR,DEN,-0.2,0.8,1.8
2024,4,28,QB,NYJ,11.6,11.6,11.6
2024,4,30,RB,SF,1.2,1.7,2.2
2024,4,51,TE,LV,3.1,4.1,5.1
2024,4,64,WR,BAL,1.0,2.0,3.0
2024,4,67,WR,CLE,3.5,5.5,7.5
2024,4,71,WR,HOU,13.5,16.0,18.5
2024,4,93,WR,SEA,6.1,8.6,11.1
2024,4,105,WR,SF,0.0,0.0,0.0
2024,4,137,WR,LA,3.7,4.7,5.7
2024,4,142,WR,DET,0.9,1.4,1.9
2024,4,155,TE,MIN,1.5,2.5,3.5
2024,4,159,WR,ARI,0.0,0.0,0.0
2024,4,164,RB,MIN,13.9,15.9,17.9
2024,4,166,WR,BUF,1.5,2.5,3.5
2024,4,187,RB,KC,7.4,7.4,7.4
2024,4,193,TE,SEA,0.3,0.8,1.3
2024,4,202,TE,MIA,0.0,0.0,0.0
2024,4,203,RB,NO,17.9,21.4,24.9
2024,4,213,WR,TB,6.9,9.9,12.9
2024,4,216,TE,NYJ,1.7,3.7,5.7
2024,4,217,RB,ATL,7.4,9.4,11.4
2024,4,224,RB,LAC,1.9,1.9,1.9
2024,4,226,RB,PIT,0.5,0.5,0.5
2024,4,230,TE,LAC,2.4,3.4,4.4
2024,4,244,RB,WAS,19.4,19.9,20.4
2024,4,258,RB,HOU,11.4,13.4,15.4
2024,4,260,TE,HOU,3.4,4.9,6.4
2024,4,265,TE,CLE,1.0,1.5,2.0
2024,4,270,WR,DEN,12.0,13.5,15.0
2024,4,282,QB,BAL,0.04,0.04,0.04
2024,4,293,WR,DET,5.2,6.2,7.2
2024,4,303,WR,DAL,16.6,20.1,23.6
2024,4,306,QB,DET,26.18,26.68,27.18
2024,4,311,QB,NE,9.02,9.02,9.02
2024,4,312,QB,TEN,3.4,3.4,3.4
2024,4,313,RB,PHI,11.6,12.6,13.6
2024,4,323,WR,JAX,12.1,15.6,19.1
2024,4,324,TE,BAL,0.0,0.0,0.0
2024,4,325,WR,CHI,8.2,9.7,11.2
2024,4,327,QB,TB,28.88,28.88,28.88
2024,4,336,RB,LV,6.0,6.0,6.0
2024,4,337,RB,TB,11.5,12.0,12.5
2024,4,365,TE,MIN,7.0,8.0,9.0
2024,4,366,RB,CAR,4.6,6.1,7.6
2024,4,370,QB,ARI,9.98,9.98,9.98
2024,4,373,WR,CLE,7.2,10.2,13.2
2024,4,374,WR,WAS,8.5,11.5,14.5
2024,4,377,WR,SF,0.0,0.0,0.0
2024,4,394,QB,LV,5.0,5.0,5.0
2024,4,426,WR,LV,0.0,0.0,0.0
2024,4,427,QB,NO,8.06,8.06,8.06
2024,4,440,TE,SEA,2.6,3.6,4.6
2024,4,445,WR,ARI,3.8,5.8,7.8
2024,4,471,WR,ATL,6.4,9.4,12.4
2024,4,473,WR,WAS,11.2,14.7,18.2
2024,4,480,WR,SF,7.2,8.7,10.2
2024,4,482,RB,DET,14.0,14.5,15.0
2024,4,487,TE,BUF,0.0,0.5,1.0
2024,4,499,WR,TEN,3.1,4.1,5.1
2024,4,506,QB,BAL,25.64,25.64,25.64
2024,4,508,QB,MIA,13.84,13.84,13.84
2024,4,525,WR,BUF,0.5,1.0,1.5
2024,4,529,TE,WAS,0.0,0.0,0.0
2024,4,535,RB,LAC,6.2,7.7,9.2
2024,4,536,RB,DAL,12.1,12.6,13.1
2024,4,537,RB,HOU,1.8,1.8,1.8
2024,4,543,WR,CLE,0.3,0.8,1.3
2024,4,547,RB,IND,16.8,18.3,19.8
2024,4,557,TE,LA,3.3,5.3,7.3
2024,4,560,RB,BAL,32.9,34.4,35.9
2024,4,561,WR,IND,11.3,14.3,17.3
2024,4,567,TE,CHI,3.4,4.9,6.4
2024,4,568,WR,SF,4.8,5.8,6.8
2024,4,571,WR,SEA,1.8,2.3,2.8
2024,4,577,TE,LV,2.1,3.1,4.1
2024,4,600,WR,ATL,5.6,7.1,8.6
2024,4,609,WR,NE,0.3,0.8,1.3
2024,4,625,QB,PHI,18.32,18.32,18.32
2024,4,650,RB,ARI,0.0,0.0,0.0
2024,4,651,RB,HOU,5.3,5.3,5.3
2024,4,696,WR,LAC,0.0,0.0,0.0
2024,4,699,WR,NYG,0.0,0.0,0.0
2024,4,748,WR,LA,8.2,10.2,12.2
2024,4,751,RB,NE,6.2,8.2,10.2
2024,4,767,RB,PIT,7.3,8.8,10.3
2024,4,769,TE,JAX,0.0,0.0,0.0
2024,4,785,RB,PHI,0.9,0.9,0.9
2024,4,786,TE,PIT,11.7,14.2,16.7
2024,4,807,RB,DEN,8.0,9.0,10.0
2024,4,810,RB,JAX,6.0,6.5,7.0
2024,4,813,WR,CLE,1.1,1.6,2.1
2024,4,818,RB,IND,0.8,0.8,0.8
2024,4,822,WR,LAC,3.6,5.1,6.6
2024,4,824,QB,PIT,33.98,33.98,33.98
2024,4,867,WR,NYJ,0.0,0.0,0.0
2024,4,869,QB,BUF,9.3,9.3,9.3
2024,4,885,WR,PIT,11.3,14.8,18.3
2024,4,890,TE,DEN,0.0,0.0,0.0
2024,4,902,WR,MIN,3.1,3.6,4.1
2024,4,913,RB,MIN,1.3,1.8,2.3
2024,4,914,RB,PIT,0.0,0.0,0.0
2024,4,917,RB,ATL,8.0,9.0,10.0
2024,4,920,TE,IND,7.5,8.0,8.5
2024,4,955,WR,MIA,1.5,2.5,3.5
2024,4,958,RB,CAR,0.0,0.0,0.0
2024,4,959,RB,NO,0.0,0.0,0.0
2024,4,983,RB,LV,1.1,1.1,1.1
2024,4,992,WR,NO,9.7,13.7,17.7
2024,4,995,RB,LA,2.6,2.6,2.6
2024,4,999,WR,HOU,0.7,1.2,1.7
2024,4,1029,WR,TEN,1.3,1.8,2.3
2024,4,1032,RB,WAS,17.3,18.8,20.3
2024,4,1038,WR,PHI,0.6,1.1,1.6
2024,4,1041,RB,LV,5.0,5.0,5.0
2024,4,1061,WR,PIT,1.7,2.2,2.7
2024,4,1063,RB,LA,16.4,18.4,20.4
2024,4,1068,TE,NYJ,1.0,2.0,3.0
2024,4,1079,TE,NYG,0.0,0.0,0.0
2024,4,1094,TE,BAL,0.0,0.0,0.0
2024,4,1095,RB,SEA,29.6,31.6,33.6
2024,4,1097,RB,CLE,8.5,12.0,15.5
2024,4,1107,RB,NYJ,1.8,2.8,3.8
2024,4,1110,RB,BUF,4.8,5.3,5.8
2024,4,1111,WR,LA,0.0,0.0,0.0
2024,4,1121,WR,KC,13.3,14.8,16.3
2024,4,1144,WR,GB,1.2,2.2,3.2
2024,4,1151,WR,NYJ,0.6,1.1,1.6
2024,4,1157,QB,IND,15.02,15.02,15.02
2024,4,1186,TE,TEN,0.5,1.0,1.5
2024,4,1198,RB,JAX,9.0,9.0,9.0
2024,4,1205,WR,ARI,3.8,5.3,6.8
2024,4,1214,WR,NE,1.3,2.8,4.3
2024,4,1221,WR,NE,1.1,1.6,2.1
2024,4,1242,RB,ARI,2.4,2.9,3.4
2024,4,1264,WR,SEA,3.0,4.5,6.0
2024,4,1270,RB,DAL,2.2,3.2,4.2
2024,4,1273,RB,DEN,4.6,5.1,5.6
2024,4,1282,TE,DEN,0.0,0.5,1.0
2024,4,1285,QB,DAL,16.74,16.74,16.74
2024,4,1311,QB,CIN,16.28,16.28,16.28
2024,4,1335,WR,DEN,0.0,0.0,0.0
2024,4,1342,WR,IND,14.2,18.2,22.2
2024,4,1344,WR,MIN,19.9,21.4,22.9
2024,4,1347,WR,TB,8.6,10.1,11.6
2024,4,1352,TE,ARI,1.2,2.2,3.2
2024,4,1354,TE,GB,11.3,14.3,17.3
2024,4,1377,TE,GB,1.3,2.8,4.3
2024,4,1381,WR,BAL,1.0,1.5,2.0
2024,4,1395,QB,TEN,-0.5,-0.5,-0.5
2024,4,1417,TE,CAR,0.0,0.0,0.0
2024,4,1439,RB,LV,0.0,0.0,0.0
2024,4,1459,WR,CAR,13.6,16.6,19.6
2024,4,1460,RB,KC,0.6,1.1,1.6
2024,4,1464,WR,WAS,1.7,2.2,2.7
2024,4,1472,RB,SF,0.0,0.0,0.0
2024,4,1483,RB,NYG,2.1,2.6,3.1
2024,4,1516,RB,BAL,15.6,18.6,21.6
2024,4,1589,WR,NO,0.6,1.1,1.6
2024,4,1613,WR,CIN,2.9,3.4,3.9
2024,4,1666,QB,DEN,6.7,6.7,6.7
2024,4,1672,WR,LA,6.2,9.2,12.2
2024,4,1699,TE,SEA,8.7,9.7,10.7
2024,4,1708,WR,SF,8.8,10.3,11.8
2024,4,1726,WR,ARI,10.5,13.0,15.5
2024,4,1728,RB,MIA,3.2,3.2,3.2
2024,4,1742,WR,IND,1.0,1.0,1.0
2024,4,1749,WR,JAX,15.9,18.9,21.9
2024,4,1760,QB,CHI,11.48,11.48,11.48
2024,4,1761,QB,WAS,22.02,22.02,22.02
2024,4,1763,RB,ARI,5.0,5.0,5.0
2024,4,1768,RB,BUF,1.1,1.1,1.1
2024,4,1796,RB,NE,1.5,1.5,1.5
2024,4,1813,TE,KC,4.0,6.0,8.0
2024,4,1833,WR,MIA,0.8,1.3,1.8
2024,4,1873,WR,LAC,0.0,0.0,0.0
2024,4,1934,RB,TB,8.4,9.4,10.4
2024,4,1945,TE,CLE,7.3,8.8,10.3
2024,4,1970,TE,ATL,0.0,0.0,0.0
2024,4,2028,WR,BUF,6.2,8.2,10.2
2024,4,2060,QB,MIN,22.5,22.5,22.5
2024,4,2110,WR,CIN,0.0,0.0,0.0
2024,4,2195,TE,TB,0.0,0.0,0.0
2024,4,2227,RB,DET,19.8,19.8,19.8
2024,4,2244,QB,IND,5.24,5.24,5.24
2024,4,2279,WR,NYG,11.1,17.1,23.1
2024,4,2282,WR,TEN,1.5,2.0,2.5
2024,4,2290,WR,GB,20.1,23.6,27.1
2024,4,2302,WR,HOU,0.0,0.0,0.0
2024,4,2400,TE,PHI,0.4,0.9,1.4
2024,4,2459,WR,PHI,0.0,0.0,0.0
2024,4,2497,WR,TB,0.0,0.0,0.0
2024,4,2533,WR,LV,7.8,7.8,7.8
2024,4,2534,QB,LA,6.86,6.86,6.86
2024,4,2606,RB,CHI,22.5,26.0,29.5
2024,4,2608,QB,SEA,21.6,21.6,21.6
2024,4,2614,RB,NYG,3.8,4.3,4.8
2024,4,2634,WR,LAC,12.7,15.2,17.7
2024,4,2677,WR,CHI,1.0,1.5,2.0
2024,4,2698,TE,CIN,2.8,4.8,6.8
2024,4,2724,RB,SEA,0.0,0.0,0.0
2024,4,2730,WR,CIN,14.5,16.0,17.5
2024,4,2756,WR,DET,14.0,15.0,16.0
2024,4,2772,WR,GB,19.8,22.3,24.8
2024,4,2780,TE,LAC,0.6,1.1,1.6
2024,4,2791,TE,CIN,-0.9,-0.4,0.1
2024,4,2795,TE,SF,10.5,12.5,14.5
2024,4,2798,RB,CLE,0.0,0.0,0.0
2024,4,2803,RB,BAL,0.0,0.0,0.0
2024,4,2807,WR,CHI,1.9,3.4,4.9
2024,4,2821,RB,SF,22.0,23.0,24.0
2024,4,2849,TE,NYG,0.6,1.1,1.6
2024,4,2853,RB,NYJ,4.6,5.1,5.6
2024,4,2862,WR,NYJ,4.1,6.6,9.1
2024,4,2883,RB,DEN,-0.4,0.6,1.6
2024,4,2893,WR,DEN,0.0,0.0,0.0
2024,4,2972,RB,JAX,0.0,0.0,0.0
2024,4,2976,WR,JAX,0.0,0.0,0.0
2024,4,2978,WR,CHI,0.0,0.0,0.0
2024,4,2999,WR,DEN,0.0,0.0,0.0
2024,4,3004,TE,NO,14.4,14.4,14.4
2024,4,3009,RB,PIT,6.2,7.2,8.2
2024,4,3015,RB,BUF,0.0,0.0,0.0
2024,4,3031,RB,SF,0.0,0.0,0.0
2024,4,3038,WR,CAR,14.3,17.8,21.3
2024,4,3070,RB,TEN,16.8,17.8,18.8
2024,4,3081,WR,MIA,4.2,6.2,8.2
2024,4,3082,WR,TB,15.4,19.4,23.4
2024,4,3096,WR,TEN,0.0,0.0,0.0
2024,4,3116,WR,LV,10.4,12.9,15.4
2024,4,3122,WR,NYJ,6.7,8.7,10.7
2024,4,3127,TE,TB,5.2,8.2,11.2
2024,4,3139,TE,NE,1.2,2.2,3.2
2024,4,3161,TE,DET,1.3,2.3,3.3
2024,4,3166,TE,DAL,0.0,0.0,0.0
2024,4,3225,QB,JAX,14.76,14.76,14.76
2024,4,3247,WR,SEA,5.1,9.1,13.1
2024,4,3253,WR,MIA,3.6,5.6,7.6
2024,4,3262,TE,NYG,0.0,0.0,0.0
2024,4,3263,RB,DAL,2.4,2.9,3.4
2024,4,3267,WR,HOU,1.0,1.5,2.0
2024,4,3272,RB,CIN,0.0,0.0,0.0
2024,4,3279,TE,BUF,4.7,7.2,9.7
2024,4,3289,WR,DET,14.78,17.78,20.78
2024,4,3302,WR,DAL,1.6,2.1,2.6
2024,4,3307,RB,NE,7.9,9.4,10.9
2024,4,3365,WR,CAR,2.4,3.9,5.4
2024,4,3420,WR,JAX,-0.2,0.3,0.8
2024,4,3428,TE,CIN,0.0,0.5,1.0
2024,4,3442,QB,GB,26.16,26.16,26.16
2024,4,3443,WR,TEN,3.1,4.1,5.1
2024,4,3448,WR,MIA,0.0,0.0,0.0
2024,4,3459,RB,TEN,9.9,10.9,11.9
2024,4,3473,WR,ATL,0.0,0.0,0.0
2024,4,3512,RB,LAC,0.7,1.2,1.7
2024,4,3541,QB,ATL,7.52,7.52,7.52
2024,4,3547,WR,NYJ,5.8,8.3,10.8
2024,4,3550,TE,DAL,4.9,8.4,11.9
2024,4,3572,TE,WAS,2.2,3.7,5.2
2024,4,3579,WR,MIN,0.0,0.0,0.0
2024,4,3593,TE,BAL,2.6,3.1,3.6
2024,4,3594,QB,KC,13.0,13.0,13.0
2024,4,3606,WR,BAL,2.3,2.8,3.3
2024,4,3620,TE,PHI,2.6,3.1,3.6
2024,4,3630,WR,WAS,0.4,0.9,1.4
2024,4,3632,RB,NYG,0.1,0.1,0.1
2024,4,3648,WR,DAL,2.4,3.9,5.4
2024,4,3651,QB,LAC,11.16,11.16,11.16
2024,4,3672,TE,DET,5.3,7.3,9.3
2024,4,3703,RB,CIN,13.8,15.8,17.8
2024,4,3716,WR,KC,0.0,0.0,0.0
2024,4,3739,RB,CLE,0.7,1.2,1.7
2024,4,3790,WR,GB,3.9,5.9,7.9
2024,4,3796,WR,SEA,0.0,0.0,0.0
2024,4,3802,TE,JAX,1.9,3.4,4.9
2024,4,3808,RB,ARI,17.3,17.8,18.3
2024,4,3835,WR,BUF,5.1,6.6,8.1
2024,4,3843,WR,GB,0.0,0.0,0.0
2024,4,3861,WR,MIN,0.8,1.3,1.8
2024,4,3862,RB,CIN,21.2,22.2,23.2
2024,4,3863,WR,GB,2.8,3.3,3.8
2024,4,3870,WR,BAL,0.0,0.0,0.0
2024,4,3874,WR,LV,4.9,7.4,9.9
2024,4,3889,TE,WAS,0.0,0.0,0.0
2024,4,3890,TE,NE,7.3,8.3,9.3
2024,4,3892,WR,MIN,14.5,17.5,20.5
2024,4,3917,WR,LA,0.0,0.0,0.0
2024,4,3925,TE,CAR,1.6,2.6,3.6
2024,4,3936,RB,MIN,0.0,0.0,0.0
2024,4,3945,WR,LAC,1.3,1.8,2.3
2024,4,3993,WR,NO,8.7,12.7,16.7
2024,4,4004,TE,IND,0.0,0.0,0.0
2024,4,4021,WR,NYG,7.1,12.6,18.1
2024,4,4024,WR,PIT,2.1,3.1,4.1
2024,4,4046,WR,NYG,0.0,0.0,0.0
2024,4,4048,RB,CAR,18.1,20.1,22.1
2024,4,4053,WR,ATL,5.2,8.2,11.2
2024,4,4060,WR,TB,5.1,6.6,8.1
2024,4,4094,TE,PIT,3.1,4.1,5.1
2024,4,4099,RB,CHI,8.6,8.6,8.6
2024,4,4103,RB,PHI,0.0,0.0,0.0
2024,4,4152,RB,GB,2.7,2.7,2.7
2024,4,4158,QB,HOU,23.5,23.5,23.5
2024,4,4164,WR,IND,0.9,1.4,1.9
2024,4,4192,TE,KC,8.9,12.4,15.9
2024,4,4196,WR,NYG,5.6,7.1,8.6
2024,4,4201,RB,NO,1.9,2.9,3.9
2024,4,4203,QB,CLE,12.24,12.24,12.24
2024,4,4210,RB,ATL,0.0,0.0,0.0
2024,4,4214,QB,BUF,0.08,0.08,0.08
2024,4,4219,WR,BAL,0.0,0.0,0.0
2024,4,4237,RB,MIA,2.9,4.4,5.9
2024,4,4247,TE,TEN,0.5,1.0,1.5
2024,4,4255,WR,BUF,0.0,0.0,0.0
2024,4,4280,QB,CAR,15.7,15.7,15.7
2024,4,4283,RB,DEN,0.3,0.8,1.3
2024,4,4305,WR,PHI,1.1,2.1,3.1
2024,4,4335,WR,KC,2.7,3.7,4.7
2024,4,4338,WR,NE,3.0,4.5,6.0
2024,4,4368,TE,NO,1.3,2.3,3.3
2024,4,4379,WR,SEA,10.4,13.9,17.4
2024,4,4388,TE,WAS,0.9,1.4,1.9
2024,4,4422,TE,HOU,2.7,3.2,3.7
2024,4,4424,WR,NE,0.0,0.0,0.0
2024,4,4447,WR,WAS,2.6,4.1,5.6
2024,4,4449,WR,SEA,0.0,0.0,0.0
2024,4,4450,QB,NYG,9.54,9.54,9.54
2024,4,4474,WR,CIN,6.0,9.0,12.0
2024,4,4484,WR,KC,0.0,0.0,0.0
2024,4,4485,TE,PHI,6.2,9.7,13.2
2024,4,4490,RB,TB,1.7,2.2,2.7
2024,4,4493,WR,HOU,21.1,27.1,33.1
2024,4,4502,WR,KC,0.0,0.0,0.0
2024,4,4542,WR,DAL,0.0,0.0,0.0
2024,4,4561,QB,SF,14.62,14.62,14.62
2024,4,4581,WR,CAR,0.0,0.0,0.0
2024,4,4602,RB,BUF,6.3,6.3,6.3
2024,4,4605,RB,KC,8.5,9.5,10.5
2024,4,4614,RB,GB,7.8,9.8,11.8
2024,4,4617,RB,SEA,5.4,7.9,10.4
2024,4,4623,WR,PHI,7.7,9.7,11.7
2024,4,4638,RB,SEA,0.0,0.0,0.0
2024,5,17,WR,DEN,2.0,2.5,3.0
2024,5,28,QB,NYJ,11.76,11.76,11.76
2024,5,51,TE,LV,15.7,19.7,23.7
2024,5,64,WR,BAL,0.4,0.9,1.4
2024,5,67,WR,CLE,6.0,8.0,10.0
2024,5,69,QB,CLE,0.34,0.34,0.34
2024,5,71,WR,HOU,8.2,11.2,14.2
2024,5,93,WR,SEA,7.5,9.5,11.5
2024,5,137,WR,LA,8.8,10.3,11.8
2024,5,155,TE,MIN,3.1,4.1,5.1
2024,5,160,WR,SF,0.0,0.0,0.0
2024,5,164,RB,MIN,5.3,5.8,6.3
2024,5,166,WR,BUF,-0.1,0.4,0.9
2024,5,175,WR,MIA,0.0,0.0,0.0
2024,5,187,RB,KC,2.4,2.9,3.4
2024,5,193,TE,SEA,0.7,1.2,1.7
2024,5,202,TE,MIA,6.1,8.6,11.1
2024,5,203,RB,NO,6.6,9.6,12.6
2024,5,213,WR,TB,6.6,9.1,11.6
2024,5,216,TE,NYJ,5.5,8.5,11.5
2024,5,217,RB,ATL,7.7,9.2,10.7
2024,5,218,WR,KC,13.0,16.5,20.0
2024,5,226,RB,PIT,1.4,1.4,1.4
2024,5,244,RB,WAS,10.4,10.4,10.4
2024,5,258,RB,HOU,8.7,11.7,14.7
2024,5,260,TE,HOU,3.4,5.4,7.4
2024,5,265,TE,CLE,8.2,9.7,11.2
2024,5,270,WR,DEN,3.2,4.2,5.2
2024,5,272,WR,NO,0.0,0.0,0.0
2024,5,297,QB,PIT,0.76,0.76,0.76
2024,5,303,WR,DAL,6.4,8.9,11.4
2024,5,311,QB,NE,7.4,7.4,7.4
2024,5,323,WR,JAX,8.8,10.8,12.8
2024,5,324,TE,BAL,5.5,7.5,9.5
2024,5,325,WR,CHI,22.5,25.0,27.5
2024,5,327,QB,TB,23.4,23.4,23.4
2024,5,334,WR,IND,0.9,0.9,0.9
2024,5,336,RB,LV,6.1,7.1,8.1
2024,5,337,RB,TB,5.6,6.6,7.6
2024,5,366,RB,CAR,3.3,4.3,5.3
2024,5,370,QB,ARI,24.1,24.1,24.1
2024,5,373,WR,CLE,1.6,2.1,2.6
2024,5,374,WR,WAS,1.0,1.5,2.0
2024,5,394,QB,LV,7.68,7.68,7.68
2024,5,426,WR,LV,0.0,0.0,0.0
2024,5,427,QB,NO,12.6,12.6,12.6
2024,5,428,RB,MIA,9.8,10.8,11.8
2024,5,437,TE,KC,0.5,1.0,1.5
2024,5,440,TE,SEA,2.4,3.9,5.4
2024,5,445,WR,ARI,0.7,1.2,1.7
2024,5,471,WR,ATL,21.4,27.4,33.4
2024,5,473,WR,WAS,11.4,13.4,15.4
2024,5,480,WR,SF,2.0,2.5,3.0
2024,5,501,RB,PIT,0.9,0.9,0.9
2024,5,506,QB,BAL,35.42,35.42,35.42
2024,5,508,QB,MIA,6.46,6.46,6.46
2024,5,525,WR,BUF,2.7,3.7,4.7
2024,5,536,RB,DAL,17.4,18.4,19.4
2024,5,543,WR,CLE,0.0,0.0,0.0
2024,5,557,TE,LA,5.2,8.7,12.2
2024,5,560,RB,BAL,15.6,16.1,16.6
2024,5,561,WR,IND,9.7,12.2,14.7
2024,5,567,TE,CHI,5.7,7.2,8.7
2024,5,568,WR,SF,14.7,18.7,22.7
2024,5,571,WR,SEA,0.0,0.0,0.0
2024,5,577,TE,LV,0.0,0.0,0.0
2024,5,600,WR,ATL,22.5,27.0,31.5
2024,5,612,TE,JAX,0.2,0.7,1.2
2024,5,613,TE,CLE,1.4,1.9,2.4
2024,5,650,RB,ARI,0.0,0.0,0.0
2024,5,651,RB,HOU,10.7,11.7,12.7
2024,5,666,RB,MIN,7.0,7.0,7.0
2024,5,699,WR,NYG,0.0,0.0,0.0
2024,5,748,WR,LA,6.5,9.5,12.5
2024,5,751,RB,NE,15.2,17.2,19.2
2024,5,767,RB,PIT,7.7,8.7,9.7
2024,5,769,TE,JAX,1.7,2.7,3.7
2024,5,786,TE,PIT,8.2,9.7,11.2
2024,5,807,RB,DEN,11.1,13.6,16.1
2024,5,810,RB,JAX,6.0,9.0,12.0
2024,5,813,WR,CLE,1.1,2.6,4.1
2024,5,818,RB,IND,12.3,15.3,18.3
2024,5,824,QB,PIT,15.94,15.94,15.94
2024,5,843,RB,IND,5.7,7.2,8.7
2024,5,869,QB,BUF,14.64,14.64,14.64
2024,5,885,WR,PIT,2.6,4.1,5.6
2024,5,913,RB,MIN,3.9,4.9,5.9
2024,5,914,RB,PIT,8.3,9.3,10.3
2024,5,917,RB,ATL,2.5,4.0,5.5
2024,5,920,TE,IND,0.5,1.0,1.5
2024,5,955,WR,MIA,0.0,0.0,0.0
2024,5,958,RB,CAR,0.0,0.0,0.0
2024,5,959,RB,NO,0.0,0.0,0.0
2024,5,972,TE,DEN,0.5,1.0,1.5
2024,5,992,WR,NO,14.6,16.6,18.6
2024,5,1014,TE,IND,9.7,10.7,11.7
2024,5,1032,RB,WAS,13.8,13.8,13.8
2024,5,1061,WR,PIT,0.6,1.1,1.6
2024,5,1063,RB,LA,16.5,17.0,17.5
2024,5,1076,RB,CLE,0.2,0.2,0.2
2024,5,1094,TE,BAL,12.6,14.1,15.6
2024,5,1095,RB,SEA,7.6,11.1,14.6
2024,5,1097,RB,CLE,4.9,6.4,7.9
2024,5,1107,RB,NYJ,3.7,5.2,6.7
2024,5,1110,RB,BUF,15.9,16.9,17.9
2024,5,1111,WR,LA,0.6,1.6,2.6
2024,5,1121,WR,KC,8.8,10.3,11.8
2024,5,1131,QB,CHI,-0.4,-0.4,-0.4
2024,5,1141,TE,IND,0.7,1.2,1.7
2024,5,1144,WR,GB,1.4,2.4,3.4
2024,5,1151,WR,NYJ,0.0,0.0,0.0
2024,5,1157,QB,IND,28.56,28.56,28.56
2024,5,1179,TE,DAL,0.8,1.3,1.8
2024,5,1198,RB,JAX,24.9,25.4,25.9
2024,5,1205,WR,ARI,7.8,10.3,12.8
2024,5,1214,WR,NE,5.9,8.9,11.9
2024,5,1221,WR,NE,3.4,4.4,5.4
2024,5,1224,WR,DAL,1.0,1.5,2.0
2024,5,1234,WR,HOU,3.1,4.1,5.1
2024,5,1242,RB,ARI,0.0,0.5,1.0
2024,5,1245,TE,MIA,0.0,0.0,0.0
2024,5,1264,WR,SEA,0.3,0.8,1.3
2024,5,1270,RB,DAL,2.4,2.9,3.4
2024,5,1273,RB,DEN,8.5,10.0,11.5
2024,5,1282,TE,DEN,0.8,1.3,1.8
2024,5,1283,WR,WAS,-0.2,0.3,0.8
2024,5,1285,QB,DAL,18.38,18.38,18.38
2024,5,1311,QB,CIN,33.78,33.78,33.78
2024,5,1317,TE,LV,0.0,0.0,0.0
2024,5,1335,WR,DEN,2.4,2.9,3.4
2024,5,1342,WR,IND,6.9,11.4,15.9
2024,5,1344,WR,MIN,3.6,5.1,6.6
2024,5,1352,TE,ARI,6.2,6.7,7.2
2024,5,1354,TE,GB,20.8,22.8,24.8
2024,5,1369,TE,LA,0.0,0.0,0.0
2024,5,1381,WR,BAL,12.0,15.5,19.0
2024,5,1417,TE,CAR,0.0,0.0,0.0
2024,5,1439,RB,LV,11.1,12.6,14.1
2024,5,1459,WR,CAR,0.8,1.3,1.8
2024,5,1460,RB,KC,1.2,1.2,1.2
2024,5,1464,WR,WAS,1.9,3.4,4.9
2024,5,1472,RB,SF,2.2,2.2,2.2
2024,5,1483,RB,NYG,13.0,13.5,14.0
2024,5,1516,RB,BAL,2.5,3.0,3.5
2024,5,1589,WR,NO,0.2,0.7,1.2
2024,5,1613,WR,CIN,3.9,4.4,4.9
2024,5,1649,TE,ARI,0.5,1.0,1.5
2024,5,1663,RB,LA,3.3,3.8,4.3
2024,5,1666,QB,DEN,23.14,23.14,23.14
2024,5,1672,WR,LA,8.9,12.4,15.9
2024,5,1699,TE,SEA,1.3,1.8,2.3
2024,5,1708,WR,SF,1.3,1.8,2.3
2024,5,1726,WR,ARI,3.6,4.6,5.6
2024,5,1728,RB,MIA,8.6,8.6,8.6
2024,5,1742,WR,IND,5.16,7.16,9.16
2024,5,1749,WR,JAX,18.2,20.7,23.2
2024,5,1760,QB,CHI,23.56,23.56,23.56
2024,5,1761,QB,WAS,19.72,19.72,19.72
2024,5,1768,RB,BUF,0.4,0.9,1.4
2024,5,1813,TE,KC,2.9,3.9,4.9
2024,5,1833,WR,MIA,0.0,0.0,0.0
2024,5,1905,QB,LV,1.76,1.76,1.76
2024,5,1934,RB,TB,6.6,8.1,9.6
2024,5,1970,TE,ATL,8.8,12.3,15.8
2024,5,2060,QB,MIN,6.26,6.26,6.26
2024,5,2110,WR,CIN,0.0,0.0,0.0
2024,5,2284,TE,NO,7.3,8.3,9.3
2024,5,2290,WR,GB,9.7,11.7,13.7
2024,5,2497,WR,TB,0.0,0.0,0.0
2024,5,2533,WR,LV,1.7,2.2,2.7
2024,5,2534,QB,LA,12.4,12.4,12.4
2024,5,2606,RB,CHI,18.0,19.0,20.0
2024,5,2608,QB,SEA,22.56,22.56,22.56
2024,5,2677,WR,CHI,4.0,6.5,9.0
2024,5,2698,TE,CIN,1.0,2.0,3.0
2024,5,2724,RB,SEA,0.0,0.0,0.0
2024,5,2725,WR,TB,0.0,0.0,0.0
2024,5,2730,WR,CIN,31.3,36.3,41.3
2024,5,2772,WR,GB,2.0,3.0,4.0
2024,5,2791,TE,CIN,3.1,4.1,5.1
2024,5,2795,TE,SF,12.4,16.4,20.4
2024,5,2803,RB,BAL,0.0,0.0,0.0
2024,5,2807,WR,CHI,3.3,4.8,6.3
2024,5,2821,RB,SF,9.8,10.3,10.8
2024,5,2843,TE,CAR,0.7,1.2,1.7
2024,5,2848,QB,NO,1.78,1.78,1.78
2024,5,2849,TE,NYG,4.8,7.3,9.8
2024,5,2853,RB,NYJ,2.8,3.3,3.8
2024,5,2862,WR,NYJ,16.1,22.6,29.1
2024,5,2866,RB,WAS,9.7,10.7,11.7
2024,5,2893,WR,DEN,4.8,5.8,6.8
2024,5,2955,TE,LA,1.6,2.6,3.6
2024,5,2972,RB,JAX,1.0,2.0,3.0
2024,5,2976,WR,JAX,0.3,0.3,0.3
2024,5,2978,WR,CHI,0.0,0.0,0.0
2024,5,2999,WR,DEN,6.9,7.4,7.9
2024,5,3031,RB,SF,0.0,0.0,0.0
2024,5,3038,WR,CAR,2.9,4.4,5.9
2024,5,3081,WR,MIA,6.9,9.9,12.9
2024,5,3082,WR,TB,18.2,20.7,23.2
2024,5,3116,WR,LV,2.6,3.6,4.6
2024,5,3122,WR,NYJ,2.5,3.5,4.5
2024,5,3127,TE,TB,4.4,5.9,7.4
2024,5,3133,TE,ARI,5.3,8.3,11.3
2024,5,3139,TE,NE,3.2,4.2,5.2
2024,5,3166,TE,DAL,2.0,3.0,4.0
2024,5,3222,RB,CHI,0.0,0.0,0.0
2024,5,3225,QB,JAX,21.24,21.24,21.24
2024,5,3247,WR,SEA,9.1,11.1,13.1
2024,5,3251,RB,NYJ,0.0,0.0,0.0
2024,5,3253,WR,MIA,4.6,6.6,8.6
2024,5,3263,RB,DAL,1.7,1.7,1.7
2024,5,3267,WR,HOU,0.0,0.0,0.0
2024,5,3279,TE,BUF,3.4,4.4,5.4
2024,5,3307,RB,NE,5.6,6.1,6.6
2024,5,3365,WR,CAR,3.7,4.7,5.7
2024,5,3420,WR,JAX,3.8,5.3,6.8
2024,5,3442,QB,GB,15.96,15.96,15.96
2024,5,3446,RB,MIA,6.3,6.3,6.3
2024,5,3448,WR,MIA,0.0,0.0,0.0
2024,5,3473,WR,ATL,12.7,13.7,14.7
2024,5,3541,QB,ATL,34.36,34.36,34.36
2024,5,3547,WR,NYJ,9.4,11.4,13.4
2024,5,3550,TE,DAL,7.0,10.0,13.0
2024,5,3572,TE,WAS,1.0,2.0,3.0
2024,5,3579,WR,MIN,0.0,0.0,0.0
2024,5,3593,TE,BAL,13.3,14.8,16.3
2024,5,3594,QB,KC,13.44,13.44,13.44
2024,5,3606,WR,BAL,11.8,13.8,15.8
2024,5,3630,WR,WAS,11.7,12.7,13.7
2024,5,3632,RB,NYG,5.4,6.9,8.4
2024,5,3648,WR,DAL,14.7,18.2,21.7
2024,5,3659,WR,NE,0.6,1.1,1.6
2024,5,3703,RB,CIN,5.2,6.7,8.2
2024,5,3739,RB,CLE,6.0,6.5,7.0
2024,5,3785,WR,CAR,1.3,2.3,3.3
2024,5,3802,TE,JAX,8.4,10.4,12.4
2024,5,3808,RB,ARI,10.0,11.0,12.0
2024,5,3835,WR,BUF,10.9,11.4,11.9
2024,5,3862,RB,CIN,11.4,12.9,14.4
2024,5,3863,WR,GB,1.2,1.7,2.2
2024,5,3870,WR,BAL,3.1,4.1,5.1
2024,5,3874,WR,LV,7.2,10.2,13.2
2024,5,3889,TE,WAS,0.0,0.0,0.0
2024,5,3890,TE,NE,0.9,1.4,1.9
2024,5,3892,WR,MIN,9.2,12.2,15.2
2024,5,3925,TE,CAR,1.3,2.8,4.3
2024,5,3936,RB,MIN,1.3,1.8,2.3
2024,5,3939,TE,MIA,0.0,0.0,0.0
2024,5,3965,QB,CAR,3.12,3.12,3.12
2024,5,3981,TE,CHI,2.2,3.2,4.2
2024,5,3993,WR,NO,1.0,2.0,3.0
2024,5,4004,TE,IND,0.0,0.0,0.0
2024,5,4021,WR,NYG,10.0,13.0,16.0
2024,5,4024,WR,PIT,2.6,4.1,5.6
2024,5,4048,RB,CAR,15.5,17.5,19.5
2024,5,4053,WR,ATL,6.6,9.6,12.6
2024,5,4060,WR,TB,6.4,6.9,7.4
2024,5,4094,TE,PIT,0.5,1.0,1.5
2024,5,4099,RB,CHI,14.5,14.5,14.5
2024,5,4126,WR,PIT,0.9,1.4,1.9
2024,5,4152,RB,GB,1.5,2.0,2.5
2024,5,4158,QB,HOU,17.94,17.94,17.94
2024,5,4164,WR,IND,19.4,20.9,22.4
2024,5,4181,WR,HOU,3.3,5.3,7.3
2024,5,4188,QB,WAS,0.12,0.12,0.12
2024,5,4192,TE,KC,7.0,11.5,16.0
2024,5,4196,WR,NYG,18.2,22.2,26.2
2024,5,4201,RB,NO,0.9,0.9,0.9
2024,5,4203,QB,CLE,10.4,10.4,10.4
2024,5,4204,QB,MIN,0.96,0.96,0.96
2024,5,4210,RB,ATL,0.0,0.0,0.0
2024,5,4216,TE,DEN,1.9,2.4,2.9
2024,5,4223,RB,BAL,0.0,0.0,0.0
2024,5,4237,RB,MIA,1.7,2.2,2.7
2024,5,4255,WR,BUF,0.0,0.0,0.0
2024,5,4261,WR,NYG,0.0,0.0,0.0
2024,5,4280,QB,CAR,3.74,3.74,3.74
2024,5,4283,RB,DEN,0.5,1.0,1.5
2024,5,4338,WR,NE,1.3,1.8,2.3
2024,5,4368,TE,NO,3.1,5.6,8.1
2024,5,4379,WR,SEA,5.5,7.5,9.5
2024,5,4422,TE,HOU,0.6,1.6,2.6
2024,5,4449,WR,SEA,0.0,0.0,0.0
2024,5,4450,QB,NYG,22.08,22.08,22.08
2024,5,4474,WR,CIN,20.3,24.8,29.3
2024,5,4484,WR,KC,3.3,5.3,7.3
2024,5,4490,RB,TB,0.0,0.0,0.0
2024,5,4493,WR,HOU,13.8,14.8,15.8
2024,5,4502,WR,KC,0.0,0.0,0.0
2024,5,4542,WR,DAL,4.4,6.4,8.4
2024,5,4561,QB,SF,13.06,13.06,13.06
2024,5,4581,WR,CAR,6.8,8.8,10.8
2024,5,4602,RB,BUF,1.5,1.5,1.5
2024,5,4605,RB,KC,17.7,18.2,18.7
2024,5,4614,RB,GB,15.4,15.9,16.4
2024,5,4617,RB,SEA,3.0,4.5,6.0
2024,6,17,WR,DEN,9.6,10.6,11.6
2024,6,19,TE,CHI,0.2,0.7,1.2
2024,6,28,QB,NYJ,17.76,17.76,17.76
2024,6,30,RB,SF,7.6,9.1,10.6
2024,6,51,TE,LV,7.1,11.6,16.1
2024,6,64,WR,BAL,2.5,3.0,3.5
2024,6,67,WR,CLE,4.2,6.2,8.2
2024,6,71,WR,HOU,13.7,16.7,19.7
2024,6,91,TE,CLE,0.0,0.0,0.0
2024,6,93,WR,SEA,12.5,14.5,16.5
2024,6,142,WR,DET,7.3,9.3,11.3
2024,6,159,WR,ARI,0.0,0.0,0.0
2024,6,166,WR,BUF,4.4,5.9,7.4
2024,6,191,QB,DAL,0.04,0.04,0.04
2024,6,196,RB,NYG,0.0,0.0,0.0
2024,6,203,RB,NO,12.4,14.9,17.4
2024,6,213,WR,TB,24.5,30.0,35.5
2024,6,216,TE,NYJ,1.0,2.0,3.0
2024,6,217,RB,ATL,22.5,24.0,25.5
2024,6,226,RB,PIT,-0.2,-0.2,-0.2
2024,6,230,TE,LAC,2.6,4.6,6.6
2024,6,243,WR,JAX,0.0,0.0,0.0
2024,6,244,RB,WAS,0.9,0.9,0.9
2024,6,258,RB,HOU,0.8,0.8,0.8
2024,6,260,TE,HOU,2.7,4.7,6.7
2024,6,270,WR,DEN,11.3,13.3,15.3
2024,6,272,WR,NO,2.8,3.8,4.8
2024,6,293,WR,DET,6.8,8.3,9.8
2024,6,303,WR,DAL,9.1,12.6,16.1
2024,6,306,QB,DET,25.1,25.1,25.1
2024,6,313,RB,PHI,5.4,6.4,7.4
2024,6,323,WR,JAX,3.9,5.4,6.9
2024,6,324,TE,BAL,12.6,14.1,15.6
2024,6,325,WR,CHI,2.0,4.0,6.0
2024,6,327,QB,TB,25.9,25.9,25.9
2024,6,334,WR,IND,0.0,0.0,0.0
2024,6,336,RB,LV,12.5,15.0,17.5
2024,6,337,RB,TB,16.5,17.5,18.5
2024,6,366,RB,CAR,1.3,1.8,2.3
2024,6,370,QB,ARI,13.96,13.96,13.96
2024,6,373,WR,CLE,3.5,4.0,4.5
2024,6,374,WR,WAS,2.7,4.7,6.7
2024,6,377,WR,SF,0.0,0.0,0.0
2024,6,393,WR,DET,0.0,0.0,0.0
2024,6,426,WR,LV,3.1,4.6,6.1
2024,6,440,TE,SEA,6.3,9.3,12.3
2024,6,445,WR,ARI,3.6,5.1,6.6
2024,6,447,RB,DET,2.1,2.1,2.1
2024,6,468,WR,PHI,17.6,20.6,23.6
2024,6,471,WR,ATL,13.4,16.4,19.4
2024,6,473,WR,WAS,17.3,20.3,23.3
2024,6,480,WR,SF,17.7,19.2,20.7
2024,6,482,RB,DET,20.0,20.5,21.0
2024,6,487,TE,BUF,7.2,7.7,8.2
2024,6,499,WR,TEN,5.4,7.4,9.4
2024,6,501,RB,PIT,1.3,1.3,1.3
2024,6,506,QB,BAL,18.92,18.92,18.92
2024,6,525,WR,BUF,6.8,7.3,7.8
2024,6,535,RB,LAC,16.2,17.2,18.2
2024,6,536,RB,DAL,5.5,8.0,10.5
2024,6,560,RB,BAL,25.2,25.2,25.2
2024,6,561,WR,IND,9.5,11.0,12.5
2024,6,567,TE,CHI,19.0,21.5,24.0
2024,6,568,WR,SF,3.7,4.7,5.7
2024,6,571,WR,SEA,0.0,0.0,0.0
2024,6,577,TE,LV,2.4,3.9,5.4
2024,6,600,WR,ATL,3.8,5.3,6.8
2024,6,612,TE,JAX,0.0,0.0,0.0
2024,6,613,TE,CLE,3.1,5.6,8.1
2024,6,625,QB,PHI,21.86,21.86,21.86
2024,6,650,RB,ARI,0.0,0.0,0.0
2024,6,651,RB,HOU,-0.1,-0.1,-0.1
2024,6,663,WR,JAX,0.0,0.0,0.0
2024,6,669,TE,BUF,0.0,0.0,0.0
2024,6,696,WR,LAC,4.4,5.4,6.4
2024,6,699,WR,NYG,0.0,0.0,0.0
2024,6,764,WR,PHI,12.4,13.9,15.4
2024,6,767,RB,PIT,18.2,19.2,20.2
2024,6,785,RB,PHI,2.3,2.3,2.3
2024,6,786,TE,PIT,1.6,2.6,3.6
2024,6,807,RB,DEN,3.6,5.1,6.6
2024,6,810,RB,JAX,-0.1,-0.1,-0.1
2024,6,813,WR,CLE,0.3,0.8,1.3
2024,6,818,RB,IND,2.9,2.9,2.9
2024,6,822,WR,LAC,3.8,4.8,5.8
2024,6,824,QB,PIT,23.7,23.7,23.7
2024,6,843,RB,IND,6.5,8.5,10.5
2024,6,869,QB,BUF,24.4,24.4,24.4
2024,6,885,WR,PIT,5.3,6.8,8.3
2024,6,914,RB,PIT,0.4,0.9,1.4
2024,6,917,RB,ATL,16.8,17.3,17.8
2024,6,920,TE,IND,2.4,3.4,4.4
2024,6,958,RB,CAR,0.0,0.0,0.0
2024,6,972,TE,DEN,1.1,2.1,3.1
2024,6,986,TE,LAC,1.0,1.5,2.0
2024,6,992,WR,NO,1.3,1.8,2.3
2024,6,1004,RB,TEN,0.2,0.2,0.2
2024,6,1014,TE,IND,4.1,6.1,8.1
2024,6,1016,RB,LAC,0.5,0.5,0.5
2024,6,1029,WR,TEN,1.0,1.5,2.0
2024,6,1061,WR,PIT,3.6,4.6,5.6
2024,6,1068,TE,NYJ,0.7,1.7,2.7
2024,6,1076,RB,CLE,7.8,8.8,9.8
2024,6,1079,TE,NYG,0.0,0.0,0.0
2024,6,1094,TE,BAL,0.0,0.0,0.0
2024,6,1095,RB,SEA,12.9,16.9,20.9
2024,6,1097,RB,CLE,1.4,1.4,1.4
2024,6,1107,RB,NYJ,16.9,19.4,21.9
2024,6,1131,QB,CHI,-0.3,-0.3,-0.3
2024,6,1141,TE,IND,0.0,0.0,0.0
2024,6,1151,WR,NYJ,0.0,0.0,0.0
2024,6,1157,QB,IND,13.66,13.66,13.66
2024,6,1180,QB,DET,0.66,0.66,0.66
2024,6,1186,TE,TEN,0.2,0.7,1.2
2024,6,1198,RB,JAX,2.4,2.4,2.4
2024,6,1205,WR,ARI,8.1,9.1,10.1
2024,6,1214,WR,NE,15.2,18.2,21.2
2024,6,1221,WR,NE,11.9,13.4,14.9
2024,6,1224,WR,DAL,1.5,2.0,2.5
2024,6,1234,WR,HOU,0.0,0.0,0.0
2024,6,1242,RB,ARI,6.4,8.9,11.4
2024,6,1264,WR,SEA,1.8,2.8,3.8
2024,6,1273,RB,DEN,2.5,3.5,4.5
2024,6,1282,TE,DEN,0.5,1.0,1.5
2024,6,1285,QB,DAL,3.22,3.22,3.22
2024,6,1311,QB,CIN,19.82,19.82,19.82
2024,6,1335,WR,DEN,0.0,0.0,0.0
2024,6,1342,WR,IND,12.5,16.0,19.5
2024,6,1352,TE,ARI,0.0,0.0,0.0
2024,6,1354,TE,GB,1.5,2.5,3.5
2024,6,1381,WR,BAL,13.4,17.9,22.4
2024,6,1395,QB,TEN,7.3,7.3,7.3
2024,6,1417,TE,CAR,0.0,0.0,0.0
2024,6,1439,RB,LV,3.8,5.3,6.8
2024,6,1459,WR,CAR,8.3,9.8,11.3
2024,6,1464,WR,WAS,0.5,1.0,1.5
2024,6,1469,RB,DET,0.5,0.5,0.5
2024,6,1472,RB,SF,9.9,9.9,9.9
2024,6,1483,RB,NYG,16.7,19.7,22.7
2024,6,1484,WR,NO,10.5,13.0,15.5
2024,6,1502,WR,DAL,1.2,1.7,2.2
2024,6,1513,WR,DEN,7.8,9.8,11.8
2024,6,1516,RB,BAL,0.4,0.9,1.4
2024,6,1567,WR,ARI,0.0,0.0,0.0
2024,6,1589,WR,NO,1.5,2.0,2.5
2024,6,1591,RB,TB,0.0,0.0,0.0
2024,6,1613,WR,CIN,3.6,4.6,5.6
2024,6,1666,QB,DEN,20.74,20.74,20.74
2024,6,1699,TE,SEA,1.3,1.8,2.3
2024,6,1708,WR,SF,2.7,4.2,5.7
2024,6,1726,WR,ARI,0.0,0.0,0.0
2024,6,1730,QB,NE,21.52,21.52,21.52
2024,6,1742,WR,IND,0.9,1.9,2.9
2024,6,1749,WR,JAX,2.7,4.2,5.7
2024,6,1760,QB,CHI,28.64,28.64,28.64
2024,6,1761,QB,WAS,20.96,20.96,20.96
2024,6,1763,RB,ARI,2.6,2.6,2.6
2024,6,1768,RB,BUF,15.2,16.7,18.2
2024,6,1796,RB,NE,2.1,2.6,3.1
2024,6,1873,WR,LAC,2.2,2.7,3.2
2024,6,1905,QB,LV,11.08,11.08,11.08
2024,6,1922,QB,HOU,0.0,0.0,0.0
2024,6,1970,TE,ATL,7.0,8.5,10.0
2024,6,2028,WR,BUF,1.9,2.9,3.9
2024,6,2097,QB,NO,12.42,12.42,12.42
2024,6,2110,WR,CIN,0.0,0.0,0.0
2024,6,2227,RB,DET,9.1,10.6,12.1
2024,6,2282,WR,TEN,0.9,0.9,0.9
2024,6,2284,TE,NO,5.4,6.4,7.4
2024,6,2290,WR,GB,8.8,11.8,14.8
2024,6,2302,WR,HOU,0.0,0.0,0.0
2024,6,2515,RB,GB,2.1,2.1,2.1
2024,6,2533,WR,LV,3.7,4.7,5.7
2024,6,2557,WR,CLE,0.6,1.1,1.6
2024,6,2606,RB,CHI,17.9,19.9,21.9
2024,6,2608,QB,SEA,12.48,12.48,12.48
2024,6,2634,WR,LAC,4.3,6.3,8.3
2024,6,2677,WR,CHI,4.0,5.0,6.0
2024,6,2698,TE,CIN,1.0,2.0,3.0
2024,6,2700,WR,TEN,6.9,7.4,7.9
2024,6,2720,TE,GB,3.8,4.8,5.8
2024,6,2724,RB,SEA,0.0,0.0,0.0
2024,6,2730,WR,CIN,7.2,9.7,12.2
2024,6,2756,WR,DET,14.7,16.2,17.7
2024,6,2757,WR,CLE,-0.5,-0.5,-0.5
2024,6,2772,WR,GB,0.9,1.4,1.9
2024,6,2795,TE,SF,17.8,20.3,22.8
2024,6,2807,WR,CHI,16.1,18.6,21.1
2024,6,2821,RB,SF,8.2,8.7,9.2
2024,6,2849,TE,NYG,3.0,4.5,6.0
2024,6,2853,RB,NYJ,0.8,0.8,0.8
2024,6,2862,WR,NYJ,16.7,20.7,24.7
2024,6,2866,RB,WAS,6.8,8.8,10.8
2024,6,2871,WR,LV,7.8,8.8,9.8
2024,6,2893,WR,DEN,0.8,1.3,1.8
2024,6,2952,RB,CHI,0.0,0.0,0.0
2024,6,2972,RB,JAX,4.4,5.4,6.4
2024,6,2978,WR,CHI,0.0,0.0,0.0
2024,6,3031,RB,SF,2.8,3.3,3.8
2024,6,3038,WR,CAR,13.8,16.8,19.8
2024,6,3056,RB,LV,0.0,0.0,0.0
2024,6,3070,RB,TEN,14.8,16.3,17.8
2024,6,3077,RB,GB,0.0,0.0,0.0
2024,6,3082,WR,TB,3.4,4.4,5.4
2024,6,3096,WR,TEN,0.0,0.0,0.0
2024,6,3116,WR,LV,0.0,0.0,0.0
2024,6,3122,WR,NYJ,0.0,0.0,0.0
2024,6,3127,TE,TB,7.5,8.5,9.5
2024,6,3133,TE,ARI,9.6,13.6,17.6
2024,6,3139,TE,NE,10.1,11.6,13.1
2024,6,3161,TE,DET,0.0,0.0,0.0
2024,6,3196,RB,LAC,11.1,12.1,13.1
2024,6,3225,QB,JAX,17.06,17.06,17.06
2024,6,3247,WR,SEA,5.3,7.8,10.3
2024,6,3251,RB,NYJ,0.0,0.0,0.0
2024,6,3259,TE,JAX,10.2,15.2,20.2
2024,6,3263,RB,DAL,1.7,1.7,1.7
2024,6,3279,TE,BUF,5.1,8.1,11.1
2024,6,3289,WR,DET,9.7,11.7,13.7
2024,6,3307,RB,NE,4.3,5.8,7.3
2024,6,3339,RB,HOU,13.7,14.2,14.7
2024,6,3363,WR,NYG,0.5,1.0,1.5
2024,6,3365,WR,CAR,0.1,0.6,1.1
2024,6,3420,WR,JAX,16.5,19.0,21.5
2024,6,3442,QB,GB,25.62,25.62,25.62
2024,6,3443,WR,TEN,1.9,3.4,4.9
2024,6,3459,RB,TEN,2.7,2.7,2.7
2024,6,3541,QB,ATL,12.5,12.5,12.5
2024,6,3547,WR,NYJ,17.4,20.4,23.4
2024,6,3550,TE,DAL,1.1,2.6,4.1
2024,6,3572,TE,WAS,6.8,8.8,10.8
2024,6,3593,TE,BAL,2.7,3.7,4.7
2024,6,3604,TE,ATL,0.0,0.0,0.0
2024,6,3606,WR,BAL,7.1,9.1,11.1
2024,6,3620,TE,PHI,6.7,8.7,10.7
2024,6,3630,WR,WAS,1.1,1.6,2.1
2024,6,3632,RB,NYG,1.3,1.3,1.3
2024,6,3648,WR,DAL,4.3,6.3,8.3
2024,6,3651,QB,LAC,13.68,13.68,13.68
2024,6,3659,WR,NE,0.9,1.9,2.9
2024,6,3672,TE,DET,11.2,11.7,12.2
2024,6,3703,RB,CIN,1.5,2.0,2.5
2024,6,3728,TE,CAR,0.0,0.0,0.0
2024,6,3735,RB,HOU,25.2,26.2,27.2
2024,6,3739,RB,CLE,4.7,5.7,6.7
2024,6,3782,WR,TB,0.0,0.0,0.0
2024,6,3785,WR,CAR,1.7,2.7,3.7
2024,6,3790,WR,GB,16.9,18.4,19.9
2024,6,3802,TE,JAX,1.1,1.6,2.1
2024,6,3808,RB,ARI,4.6,6.6,8.6
2024,6,3835,WR,BUF,2.6,4.1,5.6
2024,6,3843,WR,GB,12.8,14.3,15.8
2024,6,3862,RB,CIN,12.4,13.4,14.4
2024,6,3863,WR,GB,3.3,3.8,4.3
2024,6,3890,TE,NE,0.5,1.0,1.5
2024,6,3925,TE,CAR,4.9,7.4,9.9
2024,6,3945,WR,LAC,2.2,3.7,5.2
2024,6,3981,TE,CHI,0.0,0.0,0.0
2024,6,3993,WR,NO,0.5,1.0,1.5
2024,6,4004,TE,IND,0.0,0.0,0.0
2024,6,4017,WR,TB,3.9,4.4,4.9
2024,6,4021,WR,NYG,5.0,7.5,10.0
2024,6,4046,WR,NYG,0.6,1.1,1.6
2024,6,4048,RB,CAR,10.3,12.8,15.3
2024,6,4053,WR,ATL,3.3,4.8,6.3
2024,6,4060,WR,TB,5.4,6.9,8.4
2024,6,4061,RB,NE,1.3,1.3,1.3
2024,6,4094,TE,PIT,0.9,1.4,1.9
2024,6,4099,RB,CHI,3.3,4.3,5.3
2024,6,4103,RB,PHI,0.0,0.0,0.0
2024,6,4152,RB,GB,7.3,7.8,8.3
2024,6,4158,QB,HOU,18.38,18.38,18.38
2024,6,4164,WR,IND,0.0,0.0,0.0
2024,6,4181,WR,HOU,11.7,15.2,18.7
2024,6,4195,RB,NO,1.8,2.8,3.8
2024,6,4196,WR,NYG,5.7,8.7,11.7
2024,6,4201,RB,NO,0.7,0.7,0.7
2024,6,4203,QB,CLE,8.42,8.42,8.42
2024,6,4210,RB,ATL,0.0,0.0,0.0
2024,6,4219,WR,BAL,0.0,0.0,0.0
2024,6,4247,TE,TEN,0.6,2.1,3.6
2024,6,4271,QB,JAX,0.24,0.24,0.24
2024,6,4280,QB,CAR,14.94,14.94,14.94
2024,6,4305,WR,PHI,2.3,2.8,3.3
2024,6,4338,WR,NE,0.4,0.9,1.4
2024,6,4368,TE,NO,4.8,6.3,7.8
2024,6,4379,WR,SEA,4.8,6.3,7.8
2024,6,4388,TE,WAS,0.0,0.0,0.0
2024,6,4422,TE,HOU,0.0,0.0,0.0
2024,6,4447,WR,WAS,5.8,7.8,9.8
2024,6,4449,WR,SEA,0.0,0.0,0.0
2024,6,4450,QB,NYG,11.8,11.8,11.8
2024,6,4474,WR,CIN,7.7,11.2,14.7
2024,6,4485,TE,PHI,0.0,0.0,0.0
2024,6,4490,RB,TB,31.2,32.7,34.2
2024,6,4542,WR,DAL,3.0,5.0,7.0
2024,6,4561,QB,SF,24.1,24.1,24.1
2024,6,4581,WR,CAR,3.0,4.5,6.0
2024,6,4589,RB,PIT,1.8,3.3,4.8
2024,6,4602,RB,BUF,3.4,3.4,3.4
2024,6,4614,RB,GB,9.0,10.5,12.0
2024,6,4617,RB,SEA,3.5,4.0,4.5
2024,6,4642,RB,DEN,1.3,1.3,1.3
2024,7,17,WR,DEN,5.0,7.5,10.0
2024,7,28,QB,NYJ,11.04,11.04,11.04
2024,7,30,RB,SF,1.4,1.4,1.4
2024,7,33,TE,LAC,0.7,1.2,1.7
2024,7,51,TE,LV,9.3,14.3,19.3
2024,7,64,WR,BAL,2.0,2.5,3.0
2024,7,66,WR,NYJ,3.0,4.5,6.0
2024,7,67,WR,BUF,12.6,14.6,16.6
2024,7,69,QB,CLE,6.68,6.68,6.68
2024,7,71,WR,HOU,2.3,4.8,7.3
2024,7,91,TE,CLE,0.0,0.0,0.0
2024,7,93,WR,SEA,4.5,6.5,8.5
2024,7,105,WR,SF,0.0,0.0,0.0
2024,7,137,WR,LA,0.9,1.4,1.9
2024,7,142,WR,DET,9.9,11.4,12.9
2024,7,155,TE,MIN,0.8,2.8,4.8
2024,7,164,RB,MIN,17.6,19.1,20.6
2024,7,166,WR,BUF,0.0,0.0,0.0
2024,7,175,WR,MIA,0.0,0.0,0.0
2024,7,187,RB,KC,2.8,3.3,3.8
2024,7,202,TE,MIA,15.6,19.1,22.6
2024,7,203,RB,NO,2.4,5.4,8.4
2024,7,213,WR,TB,6.5,10.0,13.5
2024,7,216,TE,NYJ,6.7,8.7,10.7
2024,7,217,RB,ATL,20.3,21.8,23.3
2024,7,230,TE,LAC,8.1,12.1,16.1
2024,7,243,WR,JAX,0.0,0.0,0.0
2024,7,244,RB,WAS,4.2,4.2,4.2
2024,7,258,RB,HOU,0.6,0.6,0.6
2024,7,260,TE,HOU,2.8,3.3,3.8
2024,7,265,TE,CLE,4.2,6.2,8.2
2024,7,272,WR,NO,11.7,14.7,17.7
2024,7,293,WR,DET,2.5,3.5,4.5
2024,7,306,QB,DET,18.8,18.8,18.8
2024,7,312,QB,TEN,11.9,11.9,11.9
2024,7,313,RB,PHI,24.7,25.7,26.7
2024,7,315,RB,CLE,9.2,9.7,10.2
2024,7,323,WR,JAX,2.4,2.9,3.4
2024,7,324,TE,BAL,16.1,18.1,20.1
2024,7,327,QB,TB,25.0,25.0,25.0
2024,7,334,WR,IND,1.2,1.2,1.2
2024,7,336,RB,LV,12.3,13.8,15.3
2024,7,337,RB,TB,13.7,15.2,16.7
2024,7,365,TE,MIN,0.5,1.0,1.5
2024,7,366,RB,CAR,2.8,3.3,3.8
2024,7,370,QB,ARI,20.2,20.2,20.2
2024,7,373,WR,CLE,1.8,2.3,2.8
2024,7,374,WR,WAS,2.5,4.5,6.5
2024,7,377,WR,SF,5.0,6.0,7.0
2024,7,394,QB,LV,0.36,0.36,0.36
2024,7,412,QB,DEN,-0.2,-0.2,-0.2
2024,7,426,WR,LV,0.0,0.0,0.0
2024,7,428,RB,MIA,5.0,5.0,5.0
2024,7,437,TE,KC,0.0,0.0,0.0
2024,7,440,TE,SEA,6.5,8.5,10.5
2024,7,445,WR,ARI,6.5,7.0,7.5
2024,7,468,WR,PHI,14.9,17.4,19.9
2024,7,471,WR,ATL,12.3,15.3,18.3
2024,7,473,WR,WAS,9.8,12.8,15.8
2024,7,480,WR,SF,0.0,0.0,0.0
2024,7,482,RB,DET,7.0,8.5,10.0
2024,7,487,TE,BUF,0.5,1.0,1.5
2024,7,499,WR,TEN,-0.2,0.3,0.8
2024,7,501,RB,PIT,0.0,0.0,0.0
2024,7,506,QB,BAL,36.44,36.44,36.44
2024,7,508,QB,MIA,9.48,9.48,9.48
2024,7,525,WR,BUF,0.0,0.0,0.0
2024,7,529,TE,WAS,6.6,7.6,8.6
2024,7,535,RB,LAC,6.6,8.1,9.6
2024,7,557,TE,LA,3.2,4.2,5.2
2024,7,560,RB,BAL,24.2,24.7,25.2
2024,7,561,WR,IND,6.3,7.8,9.3
2024,7,568,WR,SF,2.3,3.3,4.3
2024,7,571,WR,SEA,0.0,0.0,0.0
2024,7,577,TE,LV,1.9,2.9,3.9
2024,7,600,WR,ATL,4.6,7.1,9.6
2024,7,609,WR,NE,8.6,9.6,10.6
2024,7,613,TE,CLE,13.6,18.6,23.6
2024,7,625,QB,PHI,22.76,22.76,22.76
2024,7,650,RB,ARI,0.0,0.0,0.0
2024,7,651,RB,MIN,0.0,0.0,0.0
2024,7,653,WR,LAC,4.0,4.5,5.0
2024,7,666,RB,MIN,0.0,0.0,0.0
2024,7,669,TE,BUF,0.0,0.0,0.0
2024,7,696,WR,LAC,4.5,6.0,7.5
2024,7,699,WR,NYG,0.0,0.0,0.0
2024,7,748,WR,LA,5.1,8.1,11.1
2024,7,751,RB,NE,2.5,3.5,4.5
2024,7,764,WR,PHI,-0.2,0.3,0.8
2024,7,767,RB,PIT,16.2,16.2,16.2
2024,7,785,RB,PHI,6.7,7.2,7.7
2024,7,786,TE,PIT,5.1,6.1,7.1
2024,7,807,RB,DEN,23.1,24.6,26.1
2024,7,813,WR,CLE,4.1,7.1,10.1
2024,7,818,RB,IND,4.9,5.4,5.9
2024,7,822,WR,LAC,6.3,8.3,10.3
2024,7,843,RB,IND,11.1,11.1,11.1
2024,7,867,WR,NYJ,0.0,0.0,0.0
2024,7,869,QB,BUF,21.02,21.02,21.02
2024,7,885,WR,PIT,17.1,19.6,22.1
2024,7,902,WR,MIN,7.6,9.6,11.6
2024,7,913,RB,MIN,0.4,0.4,0.4
2024,7,914,RB,PIT,0.0,0.0,0.0
2024,7,917,RB,ATL,4.5,5.0,5.5
2024,7,920,TE,IND,0.0,0.0,0.0
2024,7,958,RB,CAR,0.0,0.0,0.0
2024,7,959,RB,NO,0.0,0.0,0.0
2024,7,969,RB,HOU,0.0,0.0,0.0
2024,7,972,TE,DEN,4.1,5.6,7.1
2024,7,986,TE,LAC,3.1,3.6,4.1
2024,7,995,RB,LA,0.0,0.0,0.0
2024,7,1004,RB,TEN,2.4,2.9,3.4
2024,7,1014,TE,IND,0.0,0.0,0.0
2024,7,1016,RB,LAC,0.2,0.2,0.2
2024,7,1028,QB,NYG,1.54,1.54,1.54
2024,7,1032,RB,WAS,13.1,13.1,13.1
2024,7,1041,RB,LV,2.7,3.2,3.7
2024,7,1061,WR,PIT,3.6,4.1,4.6
2024,7,1063,RB,LA,19.6,19.6,19.6
2024,7,1076,RB,CLE,1.5,2.0,2.5
2024,7,1079,TE,NYG,1.1,1.6,2.1
2024,7,1094,TE,BAL,1.4,1.9,2.4
2024,7,1095,RB,SEA,21.3,22.3,23.3
2024,7,1107,RB,NYJ,20.1,23.1,26.1
2024,7,1110,RB,BUF,9.2,9.2,9.2
2024,7,1111,WR,LA,3.0,3.0,3.0
2024,7,1121,WR,KC,2.4,3.9,5.4
2024,7,1141,TE,IND,0.5,1.0,1.5
2024,7,1151,WR,NYJ,0.0,0.0,0.0
2024,7,1186,TE,TEN,3.4,4.9,6.4
2024,7,1198,RB,JAX,23.8,23.8,23.8
2024,7,1200,RB,NO,3.7,4.7,5.7
2024,7,1205,WR,ARI,1.5,2.0,2.5
2024,7,1214,WR,NE,1.4,2.4,3.4
2024,7,1221,WR,NE,3.3,3.8,4.3
2024,7,1234,WR,HOU,1.1,1.6,2.1
2024,7,1242,RB,ARI,1.4,1.4,1.4
2024,7,1245,TE,MIA,0.4,0.9,1.4
2024,7,1264,WR,SEA,0.0,0.0,0.0
2024,7,1273,RB,DEN,3.5,3.5,3.5
2024,7,1282,TE,DEN,0.0,0.0,0.0
2024,7,1311,QB,CIN,14.94,14.94,14.94
2024,7,1335,WR,DEN,1.8,2.8,3.8
2024,7,1342,WR,IND,0.3,0.8,1.3
2024,7,1344,WR,MIN,6.6,8.1,9.6
2024,7,1347,WR,TB,1.6,2.1,2.6
2024,7,1352,TE,ARI,0.1,0.6,1.1
2024,7,1354,TE,GB,9.3,10.8,12.3
2024,7,1381,WR,BAL,3.0,3.5,4.0
2024,7,1459,WR,CAR,0.9,1.9,2.9
2024,7,1460,RB,KC,1.7,1.7,1.7
2024,7,1469,RB,DET,0.0,0.0,0.0
2024,7,1472,RB,SF,0.7,1.2,1.7
2024,7,1483,RB,NYG,3.2,4.7,6.2
2024,7,1484,WR,NO,3.7,5.2,6.7
2024,7,1490,WR,ATL,1.4,1.9,2.4
2024,7,1513,WR,DEN,2.0,2.5,3.0
2024,7,1516,RB,BAL,10.8,12.3,13.8
2024,7,1589,WR,NO,4.5,7.5,10.5
2024,7,1613,WR,CIN,0.0,0.0,0.0
2024,7,1649,TE,ARI,0.1,0.6,1.1
2024,7,1663,RB,LA,1.1,1.1,1.1
2024,7,1666,QB,DEN,14.06,14.06,14.06
2024,7,1699,TE,SEA,0.5,1.0,1.5
2024,7,1726,WR,ARI,2.1,3.6,5.1
2024,7,1728,RB,MIA,3.3,3.3,3.3
2024,7,1730,QB,NE,20.84,20.84,20.84
2024,7,1742,WR,IND,3.0,4.0,5.0
2024,7,1749,WR,JAX,15.1,17.6,20.1
2024,7,1761,QB,WAS,5.24,5.24,5.24
2024,7,1765,QB,ATL,0.56,0.56,0.56
2024,7,1768,RB,BUF,10.7,11.2,11.7
2024,7,1796,RB,NE,10.7,13.2,15.7
2024,7,1813,TE,KC,6.6,8.6,10.6
2024,7,1833,WR,MIA,0.9,1.9,2.9
2024,7,1905,QB,LV,2.08,2.08,2.08
2024,7,1934,RB,TB,23.1,26.1,29.1
2024,7,1970,TE,ATL,6.5,10.0,13.5
2024,7,2028,WR,BUF,6.5,10.0,13.5
2024,7,2060,QB,MIN,16.26,16.26,16.26
2024,7,2097,QB,NO,10.28,10.28,10.28
2024,7,2110,WR,CIN,0.0,0.0,0.0
2024,7,2227,RB,DET,28.0,30.0,32.0
2024,7,2244,QB,IND,10.76,10.76,10.76
2024,7,2279,WR,NYG,4.1,6.1,8.1
2024,7,2282,WR,TEN,4.2,5.7,7.2
2024,7,2284,TE,NO,3.8,4.8,5.8
2024,7,2290,WR,GB,1.0,2.0,3.0
2024,7,2400,TE,PHI,0.0,0.0,0.0
2024,7,2411,TE,TB,0.0,0.0,0.0
2024,7,2533,WR,LV,1.7,2.7,3.7
2024,7,2534,QB,LA,3.96,3.96,3.96
2024,7,2557,WR,CLE,0.0,0.0,0.0
2024,7,2608,QB,SEA,17.78,17.78,17.78
2024,7,2614,RB,NYG,2.1,2.6,3.1
2024,7,2634,WR,LAC,4.6,7.1,9.6
2024,7,2698,TE,CIN,0.0,0.0,0.0
2024,7,2700,WR,TEN,7.0,8.0,9.0
2024,7,2720,TE,GB,0.2,0.7,1.2
2024,7,2724,RB,SEA,0.0,0.0,0.0
2024,7,2730,WR,CIN,12.6,15.1,17.6
2024,7,2756,WR,DET,-0.4,0.1,0.6
2024,7,2757,WR,CLE,8.1,12.1,16.1
2024,7,2772,WR,GB,10.8,12.3,13.8
2024,7,2791,TE,CIN,0.2,0.7,1.2
2024,7,2795,TE,SF,9.2,12.2,15.2
2024,7,2803,RB,BAL,0.0,0.0,0.0
2024,7,2808,TE,TEN,2.5,4.5,6.5
2024,7,2821,RB,SF,6.9,7.9,8.9
2024,7,2848,QB,NO,5.52,5.52,5.52
2024,7,2849,TE,NYG,0.0,0.0,0.0
2024,7,2853,RB,NYJ,0.6,1.1,1.6
2024,7,2862,WR,NYJ,6.1,8.6,11.1
2024,7,2866,RB,WAS,2.0,3.0,4.0
2024,7,2893,WR,DEN,1.2,2.2,3.2
2024,7,2955,TE,LA,0.5,1.0,1.5
2024,7,2972,RB,JAX,7.0,8.5,10.0
2024,7,2977,QB,MIA,3.36,3.36,3.36
2024,7,3038,WR,CAR,1.7,2.2,2.7
2024,7,3070,RB,TEN,6.5,7.5,8.5
2024,7,3081,WR,MIA,1.3,1.8,2.3
2024,7,3082,WR,TB,8.5,9.0,9.5
2024,7,3095,QB,ARI,0.2,0.2,0.2
2024,7,3096,WR,TEN,0.0,0.0,0.0
2024,7,3116,WR,LV,4.7,6.2,7.7
2024,7,3122,WR,NYJ,1.5,2.0,2.5
2024,7,3124,WR,BAL,0.0,0.0,0.0
2024,7,3127,TE,TB,10.0,14.0,18.0
2024,7,3133,TE,ARI,5.1,7.6,10.1
2024,7,3139,TE,NE,9.2,13.2,17.2
2024,7,3159,QB,PIT,24.86,24.86,24.86
2024,7,3196,RB,LAC,1.9,2.4,2.9
2024,7,3225,QB,JAX,13.02,13.02,13.02
2024,7,3247,WR,SEA,2.3,3.8,5.3
2024,7,3251,RB,NYJ,1.2,1.2,1.2
2024,7,3253,WR,MIA,1.1,1.6,2.1
2024,7,3259,TE,JAX,3.5,6.0,8.5
2024,7,3279,TE,BUF,5.2,6.7,8.2
2024,7,3289,WR,DET,17.2,21.2,25.2
2024,7,3307,RB,NE,1.3,1.8,2.3
2024,7,3339,RB,HOU,0.2,0.2,0.2
2024,7,3379,WR,ARI,0.0,0.0,0.0
2024,7,3420,WR,JAX,1.3,1.8,2.3
2024,7,3428,TE,CIN,0.0,0.0,0.0
2024,7,3442,QB,GB,16.8,16.8,16.8
2024,7,3443,WR,TEN,4.3,6.8,9.3
2024,7,3446,RB,MIA,2.4,2.9,3.4
2024,7,3448,WR,MIA,0.0,0.0,0.0
2024,7,3541,QB,ATL,9.18,9.18,9.18
2024,7,3547,WR,NYJ,5.8,7.8,9.8
2024,7,3572,TE,WAS,10.0,12.0,14.0
2024,7,3579,WR,MIN,0.0,0.0,0.0
2024,7,3593,TE,BAL,1.7,2.7,3.7
2024,7,3594,QB,KC,12.06,12.06,12.06
2024,7,3604,TE,ATL,0.0,0.0,0.0
2024,7,3606,WR,BAL,18.1,20.1,22.1
2024,7,3614,RB,ATL,1.7,1.7,1.7
2024,7,3620,TE,PHI,0.5,1.0,1.5
2024,7,3630,WR,WAS,2.3,2.8,3.3
2024,7,3632,RB,NYG,0.9,1.4,1.9
2024,7,3643,WR,NO,0.0,0.0,0.0
2024,7,3651,QB,LAC,14.76,14.76,14.76
2024,7,3659,WR,NE,1.4,1.9,2.4
2024,7,3672,TE,DET,2.5,3.0,3.5
2024,7,3703,RB,CIN,4.0,5.5,7.0
2024,7,3728,TE,CAR,0.4,1.4,2.4
2024,7,3735,RB,HOU,24.4,25.4,26.4
2024,7,3739,RB,CLE,0.5,0.5,0.5
2024,7,3782,WR,TB,2.6,4.1,5.6
2024,7,3785,WR,CAR,0.0,0.0,0.0
2024,7,3790,WR,GB,9.4,13.4,17.4
2024,7,3808,RB,ARI,15.2,16.2,17.2
2024,7,3812,QB,CLE,3.68,3.68,3.68
2024,7,3835,WR,BUF,12.5,14.5,16.5
2024,7,3843,WR,GB,0.5,1.0,1.5
2024,7,3861,WR,MIN,0.0,0.0,0.0
2024,7,3862,RB,CIN,5.3,6.3,7.3
2024,7,3863,WR,GB,0.7,1.2,1.7
2024,7,3870,WR,BAL,0.0,0.0,0.0
2024,7,3889,TE,WAS,0.0,0.0,0.0
2024,7,3890,TE,NE,3.2,5.2,7.2
2024,7,3892,WR,MIN,14.4,17.9,21.4
2024,7,3917,WR,LA,5.7,7.7,9.7
2024,7,3925,TE,CAR,6.1,9.1,12.1
2024,7,3934,WR,SF,2.1,3.6,5.1
2024,7,3939,TE,MIA,0.0,0.0,0.0
2024,7,3965,QB,CAR,-0.16,-0.16,-0.16
2024,7,3968,WR,SF,1.0,1.5,2.0
2024,7,4004,TE,IND,0.0,0.0,0.0
2024,7,4021,WR,NYG,2.3,5.3,8.3
2024,7,4024,WR,PIT,7.5,8.5,9.5
2024,7,4046,WR,NYG,0.0,0.0,0.0
2024,7,4048,RB,CAR,11.2,11.2,11.2
2024,7,4053,WR,ATL,0.9,1.9,2.9
2024,7,4060,WR,TB,1.5,2.0,2.5
2024,7,4092,QB,PHI,0.0,0.0,0.0
2024,7,4094,TE,PIT,3.6,5.6,7.6
2024,7,4103,RB,PHI,1.5,1.5,1.5
2024,7,4152,RB,GB,1.1,1.1,1.1
2024,7,4158,QB,HOU,5.34,5.34,5.34
2024,7,4164,WR,IND,1.5,2.5,3.5
2024,7,4181,WR,HOU,0.0,0.0,0.0
2024,7,4188,QB,WAS,19.6,19.6,19.6
2024,7,4192,TE,KC,1.7,3.7,5.7
2024,7,4196,WR,NYG,1.1,1.6,2.1
2024,7,4201,RB,NO,1.7,1.7,1.7
2024,7,4203,QB,CLE,5.12,5.12,5.12
2024,7,4210,RB,ATL,0.0,0.0,0.0
2024,7,4216,TE,DEN,0.0,0.0,0.0
2024,7,4223,RB,BAL,0.0,0.0,0.0
2024,7,4237,RB,MIA,8.5,9.5,10.5
2024,7,4247,TE,TEN,5.0,7.0,9.0
2024,7,4261,WR,NYG,0.0,0.0,0.0
2024,7,4280,QB,CAR,0.02,0.02,0.02
2024,7,4283,RB,DEN,0.0,0.0,0.0
2024,7,4305,WR,PHI,0.0,0.0,0.0
2024,7,4335,WR,KC,0.8,1.3,1.8
2024,7,4338,WR,NE,0.0,0.0,0.0
2024,7,4354,TE,CIN,0.0,0.0,0.0
2024,7,4368,TE,NO,1.8,3.3,4.8
2024,7,4379,WR,SEA,15.9,17.9,19.9
2024,7,4388,TE,WAS,0.0,0.0,0.0
2024,7,4422,TE,HOU,1.5,2.0,2.5
2024,7,4447,WR,WAS,1.6,2.1,2.6
2024,7,4449,WR,SEA,0.0,0.0,0.0
2024,7,4450,QB,NYG,5.96,5.96,5.96
2024,7,4474,WR,CIN,14.2,16.2,18.2
2024,7,4484,WR,KC,11.5,12.0,12.5
2024,7,4490,RB,TB,3.8,4.3,4.8
2024,7,4502,WR,KC,0.0,0.0,0.0
2024,7,4561,QB,SF,17.18,17.18,17.18
2024,7,4581,WR,CAR,1.0,1.5,2.0
2024,7,4589,RB,PIT,5.9,6.9,7.9
2024,7,4602,RB,BUF,6.4,6.9,7.4
2024,7,4605,RB,KC,20.3,21.3,22.3
2024,7,4614,RB,GB,15.2,17.7,20.2
2024,7,4617,RB,SEA,0.9,1.4,1.9
2024,7,4623,WR,PHI,0.0,0.0,0.0
2024,7,4638,RB,SEA,0.5,0.5,0.5
2024,7,4642,RB,DEN,2.9,2.9,2.9
2024,8,17,WR,DEN,0.9,1.4,1.9
2024,8,28,QB,NYJ,17.32,17.32,17.32
2024,8,30,RB,SF,0.7,1.2,1.7
2024,8,33,TE,LAC,0.0,0.0,0.0
2024,8,51,TE,LV,5.8,8.3,10.8
2024,8,64,WR,BAL,9.6,11.1,12.6
2024,8,66,WR,NYJ,5.4,7.4,9.4
2024,8,67,WR,BUF,0.3,0.8,1.3
2024,8,69,QB,CLE,25.56,25.56,25.56
2024,8,71,WR,HOU,7.7,10.2,12.7
2024,8,91,TE,CLE,0.7,1.2,1.7
2024,8,93,WR,SEA,0.9,1.4,1.9
2024,8,105,WR,SF,0.0,0.0,0.0
2024,8,137,WR,LA,15.5,16.5,17.5
2024,8,142,WR,DET,7.4,8.4,9.4
2024,8,155,TE,MIN,1.0,1.5,2.0
2024,8,164,RB,MIN,9.5,10.5,11.5
2024,8,184,TE,SF,0.0,0.0,0.0
2024,8,187,RB,KC,3.0,4.0,5.0
2024,8,193,TE,SEA,0.0,0.0,0.0
2024,8,202,TE,MIA,2.0,4.0,6.0
2024,8,203,RB,NO,12.2,15.2,18.2
2024,8,216,TE,NYJ,10.2,11.7,13.2
2024,8,217,RB,ATL,16.6,20.1,23.6
2024,8,230,TE,LAC,4.1,6.6,9.1
2024,8,243,WR,JAX,4.6,6.1,7.6
2024,8,244,RB,WAS,-0.1,-0.1,-0.1
2024,8,258,RB,HOU,0.4,0.4,0.4
2024,8,260,TE,HOU,5.2,7.2,9.2
2024,8,265,TE,CLE,0.0,0.0,0.0
2024,8,270,WR,DEN,11.12,15.12,19.12
2024,8,293,WR,DET,0.0,0.0,0.0
2024,8,303,WR,DAL,26.6,33.1,39.6
2024,8,306,QB,DET,15.5,15.5,15.5
2024,8,311,QB,NE,6.38,6.38,6.38
2024,8,312,QB,TEN,19.54,19.54,19.54
2024,8,313,RB,PHI,11.1,11.6,12.1
2024,8,315,RB,CLE,5.2,5.2,5.2
2024,8,323,WR,JAX,5.9,6.9,7.9
2024,8,324,TE,BAL,9.6,12.1,14.6
2024,8,325,WR,CHI,3.4,4.4,5.4
2024,8,327,QB,TB,22.3,22.3,22.3
2024,8,334,WR,IND,0.0,0.0,0.0
2024,8,336,RB,LV,4.4,6.9,9.4
2024,8,337,RB,TB,8.4,11.9,15.4
2024,8,365,TE,MIN,9.0,10.0,11.0
2024,8,366,RB,CAR,4.5,8.0,11.5
2024,8,370,QB,ARI,22.18,22.18,22.18
2024,8,373,WR,CLE,7.9,10.4,12.9
2024,8,374,WR,WAS,0.0,0.0,0.0
2024,8,377,WR,SF,0.0,0.0,0.0
2024,8,393,WR,DET,0.0,0.0,0.0
2024,8,394,QB,LV,16.96,16.96,16.96
2024,8,399,WR,PIT,0.0,0.0,0.0
2024,8,426,WR,LV,0.0,0.0,0.0
2024,8,428,RB,MIA,15.0,15.5,16.0
2024,8,437,TE,KC,0.0,0.0,0.0
2024,8,440,TE,SEA,2.2,3.7,5.2
2024,8,445,WR,ARI,0.9,1.4,1.9
2024,8,447,RB,DET,0.3,0.3,0.3
2024,8,468,WR,PHI,8.4,10.9,13.4
2024,8,471,WR,ATL,3.4,5.4,7.4
2024,8,473,WR,WAS,12.5,15.0,17.5
2024,8,480,WR,SF,8.6,10.6,12.6
2024,8,482,RB,DET,13.92,14.42,14.92
2024,8,487,TE,BUF,5.0,6.0,7.0
2024,8,499,WR,KC,2.9,3.9,4.9
2024,8,501,RB,PIT,0.0,0.0,0.0
2024,8,506,QB,BAL,24.16,24.16,24.16
2024,8,525,WR,BUF,0.0,0.0,0.0
2024,8,535,RB,LAC,12.8,14.8,16.8
2024,8,540,WR,TEN,0.0,0.0,0.0
2024,8,547,RB,IND,17.7,18.2,18.7
2024,8,557,TE,LA,1.7,2.7,3.7
2024,8,560,RB,BAL,13.7,14.2,14.7
2024,8,561,WR,IND,1.6,2.1,2.6
2024,8,567,TE,CHI,1.4,1.9,2.4
2024,8,571,WR,SEA,1.0,1.5,2.0
2024,8,600,WR,ATL,14.6,16.6,18.6
2024,8,609,WR,NE,0.0,0.0,0.0
2024,8,613,TE,CLE,12.1,14.6,17.1
2024,8,625,QB,PHI,35.14,35.14,35.14
2024,8,650,RB,ARI,0.0,0.0,0.0
2024,8,653,WR,LAC,3.5,4.5,5.5
2024,8,663,WR,JAX,2.0,2.5,3.0
2024,8,667,TE,DET,0.0,0.0,0.0
2024,8,696,WR,LAC,0.0,0.0,0.0
2024,8,699,WR,NYG,0.0,0.0,0.0
2024,8,748,WR,LA,1.8,2.3,2.8
2024,8,751,RB,NE,18.5,20.0,21.5
2024,8,764,WR,PHI,14.5,17.5,20.5
2024,8,767,RB,PIT,13.1,14.6,16.1
2024,8,769,TE,JAX,0.0,0.0,0.0
2024,8,785,RB,PHI,1.9,1.9,1.9
2024,8,786,TE,PIT,1.9,2.9,3.9
2024,8,807,RB,DEN,5.2,7.2,9.2
2024,8,813,WR,CLE,8.5,12.5,16.5
2024,8,818,RB,IND,1.4,1.9,2.4
2024,8,822,WR,LAC,7.2,8.2,9.2
2024,8,843,RB,IND,0.0,0.0,0.0
2024,8,867,WR,NYJ,0.0,0.0,0.0
2024,8,869,QB,BUF,19.82,19.82,19.82
2024,8,885,WR,PIT,7.4,9.4,11.4
2024,8,902,WR,MIN,1.6,2.6,3.6
2024,8,917,RB,ATL,3.3,3.3,3.3
2024,8,958,RB,CAR,0.0,0.0,0.0
2024,8,959,RB,NO,0.0,0.0,0.0
2024,8,969,RB,HOU,0.0,0.0,0.0
2024,8,972,TE,DEN,1.8,2.8,3.8
2024,8,986,TE,LAC,0.0,0.0,0.0
2024,8,999,WR,HOU,2.9,4.4,5.9
2024,8,1004,RB,TEN,3.2,3.2,3.2
2024,8,1005,WR,CIN,0.4,0.9,1.4
2024,8,1014,TE,IND,0.0,0.0,0.0
2024,8,1016,RB,LAC,0.0,0.0,0.0
2024,8,1032,RB,WAS,7.6,8.1,8.6
2024,8,1041,RB,LV,-0.1,-0.1,-0.1
2024,8,1061,WR,PIT,11.4,12.9,14.4
2024,8,1063,RB,LA,17.6,20.1,22.6
2024,8,1068,TE,NYJ,1.4,2.9,4.4
2024,8,1076,RB,CLE,0.3,0.8,1.3
2024,8,1094,TE,BAL,0.9,1.4,1.9
2024,8,1095,RB,SEA,4.5,6.5,8.5
2024,8,1106,QB,GB,8.54,8.54,8.54
2024,8,1107,RB,NYJ,8.9,9.4,9.9
2024,8,1110,RB,BUF,25.3,26.8,28.3
2024,8,1111,WR,LA,0.0,0.0,0.0
2024,8,1121,WR,KC,9.7,11.7,13.7
2024,8,1141,TE,IND,0.0,0.0,0.0
2024,8,1151,WR,NYJ,6.1,6.6,7.1
2024,8,1180,QB,DET,0.24,0.24,0.24
2024,8,1186,TE,TEN,3.3,4.3,5.3
2024,8,1198,RB,JAX,8.6,9.6,10.6
2024,8,1200,RB,NO,1.6,1.6,1.6
2024,8,1205,WR,ARI,9.1,11.6,14.1
2024,8,1214,WR,NE,1.2,2.2,3.2
2024,8,1221,WR,NE,4.6,6.1,7.6
2024,8,1224,WR,DAL,0.0,0.0,0.0
2024,8,1234,WR,HOU,1.9,2.4,2.9
2024,8,1242,RB,ARI,0.0,0.0,0.0
2024,8,1245,TE,MIA,1.1,2.6,4.1
2024,8,1264,WR,SEA,1.5,2.0,2.5
2024,8,1270,RB,DAL,0.0,0.0,0.0
2024,8,1273,RB,DEN,11.6,12.1,12.6
2024,8,1274,WR,TB,5.8,7.3,8.8
2024,8,1282,TE,DEN,6.3,6.8,7.3
2024,8,1285,QB,DAL,13.62,13.62,13.62
2024,8,1311,QB,CIN,12.86,12.86,12.86
2024,8,1317,TE,LV,0.7,1.2,1.7
2024,8,1335,WR,DEN,0.8,1.3,1.8
2024,8,1342,WR,IND,18.2,20.2,22.2
2024,8,1344,WR,MIN,2.2,3.2,4.2
2024,8,1347,WR,TB,2.9,3.9,4.9
2024,8,1352,TE,ARI,1.3,2.3,3.3
2024,8,1354,TE,GB,13.8,15.3,16.8
2024,8,1370,WR,LA,11.1,14.6,18.1
2024,8,1381,WR,BAL,11.5,15.0,18.5
2024,8,1439,RB,LV,1.1,1.6,2.1
2024,8,1459,WR,CAR,9.4,11.4,13.4
2024,8,1460,RB,KC,1.4,1.9,2.4
2024,8,1464,WR,WAS,0.8,1.3,1.8
2024,8,1469,RB,DET,0.0,0.0,0.0
2024,8,1472,RB,SF,16.2,17.7,19.2
2024,8,1483,RB,NYG,21.0,22.0,23.0
2024,8,1484,WR,NO,3.6,4.1,4.6
2024,8,1502,WR,DAL,0.0,0.0,0.0
2024,8,1513,WR,DEN,2.8,4.3,5.8
2024,8,1516,RB,BAL,1.9,2.4,2.9
2024,8,1589,WR,NO,1.4,2.4,3.4
2024,8,1613,WR,CIN,0.0,0.0,0.0
2024,8,1649,TE,ARI,0.0,0.0,0.0
2024,8,1663,RB,LA,1.8,2.3,2.8
2024,8,1666,QB,DEN,29.76,29.76,29.76
2024,8,1699,TE,SEA,3.4,4.4,5.4
2024,8,1726,WR,ARI,17.1,20.1,23.1
2024,8,1728,RB,MIA,1.8,1.8,1.8
2024,8,1730,QB,NE,11.52,11.52,11.52
2024,8,1742,WR,IND,0.9,1.4,1.9
2024,8,1749,WR,JAX,12.0,13.5,15.0
2024,8,1760,QB,CHI,9.94,9.94,9.94
2024,8,1761,QB,WAS,22.24,22.24,22.24
2024,8,1763,RB,ARI,1.0,1.0,1.0
2024,8,1768,RB,BUF,2.9,2.9,2.9
2024,8,1813,TE,KC,2.3,3.8,5.3
2024,8,1833,WR,MIA,0.0,0.0,0.0
2024,8,1934,RB,TB,12.7,15.2,17.7
2024,8,1970,TE,ATL,21.1,23.1,25.1
2024,8,2028,WR,BUF,10.9,15.4,19.9
2024,8,2060,QB,MIN,18.2,18.2,18.2
2024,8,2097,QB,NO,6.24,6.24,6.24
2024,8,2110,WR,CIN,0.0,0.0,0.0
2024,8,2195,TE,TB,0.0,0.0,0.0
2024,8,2227,RB,DET,19.3,19.8,20.3
2024,8,2244,QB,IND,13.5,13.5,13.5
2024,8,2279,WR,NYG,7.1,10.6,14.1
2024,8,2282,WR,TEN,14.6,19.6,24.6
2024,8,2284,TE,NO,0.0,0.0,0.0
2024,8,2290,WR,GB,5.5,6.5,7.5
2024,8,2400,TE,PHI,0.6,1.1,1.6
2024,8,2515,RB,GB,1.7,2.2,2.7
2024,8,2533,WR,LV,9.2,11.2,13.2
2024,8,2534,QB,LA,24.76,24.76,24.76
2024,8,2557,WR,CLE,0.0,0.0,0.0
2024,8,2606,RB,CHI,18.9,18.9,18.9
2024,8,2608,QB,SEA,8.08,8.08,8.08
2024,8,2613,QB,MIA,14.66,14.66,14.66
2024,8,2614,RB,NYG,2.3,3.3,4.3
2024,8,2634,WR,LAC,23.1,26.1,29.1
2024,8,2677,WR,CHI,5.4,6.9,8.4
2024,8,2698,TE,CIN,3.2,4.2,5.2
2024,8,2700,WR,TEN,9.9,10.9,11.9
2024,8,2720,TE,GB,0.0,0.0,0.0
2024,8,2724,RB,SEA,0.0,0.0,0.0
2024,8,2730,WR,CIN,11.4,15.9,20.4
2024,8,2757,WR,CLE,21.9,25.4,28.9
2024,8,2772,WR,GB,1.1,2.1,3.1
2024,8,2791,TE,CIN,7.3,10.8,14.3
2024,8,2794,WR,MIA,0.6,1.1,1.6
2024,8,2795,TE,SF,18.8,21.8,24.8
2024,8,2807,WR,CHI,3.9,4.9,5.9
2024,8,2808,TE,TEN,0.0,0.0,0.0
2024,8,2821,RB,SF,1.8,1.8,1.8
2024,8,2843,TE,CAR,1.3,2.3,3.3
2024,8,2848,QB,NO,5.88,5.88,5.88
2024,8,2849,TE,NYG,3.5,5.0,6.5
2024,8,2853,RB,NYJ,9.2,9.2,9.2
2024,8,2862,WR,NYJ,11.3,13.8,16.3
2024,8,2866,RB,WAS,5.8,6.8,7.8
2024,8,2893,WR,DEN,2.2,4.2,6.2
2024,8,2929,WR,LA,11.1,13.6,16.1
2024,8,2955,TE,LA,1.8,2.3,2.8
2024,8,2972,RB,JAX,2.3,2.8,3.3
2024,8,2978,WR,CHI,0.7,1.2,1.7
2024,8,3004,TE,NO,4.22,5.22,6.22
2024,8,3015,RB,BUF,0.0,0.0,0.0
2024,8,3031,RB,SF,0.9,0.9,0.9
2024,8,3070,RB,TEN,11.7,13.2,14.7
2024,8,3081,WR,MIA,7.2,10.2,13.2
2024,8,3096,WR,TEN,0.0,0.0,0.0
2024,8,3116,WR,LV,3.3,4.3,5.3
2024,8,3122,WR,NYJ,0.0,0.0,0.0
2024,8,3127,TE,TB,20.1,24.6,29.1
2024,8,3133,TE,ARI,12.4,16.9,21.4
2024,8,3139,TE,NE,4.5,7.0,9.5
2024,8,3159,QB,PIT,15.82,15.82,15.82
2024,8,3161,TE,DET,6.8,7.3,7.8
2024,8,3166,TE,DAL,0.0,0.0,0.0
2024,8,3196,RB,LAC,1.6,1.6,1.6
2024,8,3225,QB,JAX,25.32,25.32,25.32
2024,8,3247,WR,SEA,6.9,9.9,12.9
2024,8,3251,RB,NYJ,0.0,0.0,0.0
2024,8,3253,WR,MIA,4.5,6.5,8.5
2024,8,3259,TE,JAX,9.6,11.6,13.6
2024,8,3262,TE,NYG,0.0,0.0,0.0
2024,8,3263,RB,DAL,9.8,10.3,10.8
2024,8,3267,WR,HOU,1.8,2.8,3.8
2024,8,3279,TE,BUF,9.1,11.1,13.1
2024,8,3289,WR,DET,6.7,7.7,8.7
2024,8,3307,RB,NE,0.7,0.7,0.7
2024,8,3339,RB,HOU,0.4,0.4,0.4
2024,8,3365,WR,CAR,0.0,0.0,0.0
2024,8,3379,WR,ARI,0.3,0.8,1.3
2024,8,3420,WR,JAX,0.0,0.0,0.0
2024,8,3442,QB,GB,5.74,5.74,5.74
2024,8,3443,WR,TEN,1.4,2.9,4.4
2024,8,3446,RB,MIA,2.2,3.7,5.2
2024,8,3473,WR,ATL,0.0,0.0,0.0
2024,8,3512,RB,LAC,0.9,1.4,1.9
2024,8,3541,QB,ATL,28.64,28.64,28.64
2024,8,3550,TE,DAL,2.3,5.3,8.3
2024,8,3572,TE,WAS,7.7,11.2,14.7
2024,8,3579,WR,MIN,0.0,0.0,0.0
2024,8,3593,TE,BAL,4.7,6.7,8.7
2024,8,3594,QB,KC,18.18,18.18,18.18
2024,8,3604,TE,ATL,1.3,1.8,2.3
2024,8,3606,WR,BAL,2.8,3.3,3.8
2024,8,3615,WR,DET,0.6,1.6,2.6
2024,8,3620,TE,PHI,5.8,7.3,8.8
2024,8,3630,WR,WAS,0.6,1.1,1.6
2024,8,3632,RB,NYG,0.3,0.8,1.3
2024,8,3643,WR,NO,0.0,0.0,0.0
2024,8,3648,WR,DAL,4.4,5.9,7.4
2024,8,3651,QB,LAC,24.06,24.06,24.06
2024,8,3659,WR,NE,0.0,0.0,0.0
2024,8,3672,TE,DET,10.8,13.8,16.8
2024,8,3703,RB,CIN,3.9,5.9,7.9
2024,8,3735,RB,HOU,19.4,21.4,23.4
2024,8,3739,RB,CLE,2.6,2.6,2.6
2024,8,3782,WR,TB,5.2,7.2,9.2
2024,8,3785,WR,CAR,3.9,5.9,7.9
2024,8,3790,WR,GB,7.2,8.7,10.2
2024,8,3802,TE,JAX,5.9,8.4,10.9
2024,8,3808,RB,ARI,12.9,13.9,14.9
2024,8,3814,WR,NE,0.0,0.0,0.0
2024,8,3835,WR,BUF,13.0,15.5,18.0
2024,8,3843,WR,GB,3.9,5.9,7.9
2024,8,3861,WR,MIN,7.0,7.5,8.0
2024,8,3862,RB,CIN,9.4,10.4,11.4
2024,8,3863,WR,GB,0.0,0.0,0.0
2024,8,3870,WR,BAL,0.0,0.0,0.0
2024,8,3874,WR,LV,11.2,14.2,17.2
2024,8,3890,TE,NE,1.5,3.0,4.5
2024,8,3892,WR,MIN,11.5,15.5,19.5
2024,8,3917,WR,LA,0.6,1.1,1.6
2024,8,3925,TE,CAR,0.7,1.2,1.7
2024,8,3934,WR,SF,7.7,9.7,11.7
2024,8,3965,QB,CAR,13.56,13.56,13.56
2024,8,3968,WR,SF,0.0,0.0,0.0
2024,8,3981,TE,CHI,0.3,0.8,1.3
2024,8,3993,WR,NO,10.7,14.7,18.7
2024,8,4004,TE,IND,0.4,0.9,1.4
2024,8,4017,WR,TB,1.9,3.4,4.9
2024,8,4021,WR,NYG,3.0,5.5,8.0
2024,8,4024,WR,PIT,6.2,8.2,10.2
2024,8,4048,RB,CAR,7.1,8.1,9.1
2024,8,4053,WR,ATL,2.6,4.1,5.6
2024,8,4060,WR,TB,1.8,3.3,4.8
2024,8,4094,TE,PIT,2.9,3.4,3.9
2024,8,4099,RB,CHI,6.6,6.6,6.6
2024,8,4103,RB,PHI,-0.3,-0.3,-0.3
2024,8,4152,RB,GB,0.3,1.3,2.3
2024,8,4158,QB,HOU,14.4,14.4,14.4
2024,8,4164,WR,IND,1.1,1.6,2.1
2024,8,4181,WR,HOU,9.5,11.5,13.5
2024,8,4192,TE,KC,15.0,20.0,25.0
2024,8,4196,WR,NYG,10.8,12.8,14.8
2024,8,4201,RB,NO,0.4,0.4,0.4
2024,8,4210,RB,ATL,0.0,0.0,0.0
2024,8,4214,QB,BUF,-0.3,-0.3,-0.3
2024,8,4216,TE,DEN,14.5,16.5,18.5
2024,8,4223,RB,BAL,0.0,0.0,0.0
2024,8,4237,RB,MIA,20.7,23.7,26.7
2024,8,4247,TE,TEN,1.4,2.4,3.4
2024,8,4283,RB,DEN,2.8,3.3,3.8
2024,8,4330,RB,DAL,2.2,2.7,3.2
2024,8,4335,WR,KC,3.3,4.8,6.3
2024,8,4368,TE,NO,4.8,6.3,7.8
2024,8,4371,WR,CIN,4.1,4.6,5.1
2024,8,4388,TE,WAS,2.0,2.5,3.0
2024,8,4422,TE,HOU,1.9,2.9,3.9
2024,8,4424,WR,NE,2.0,3.0,4.0
2024,8,4447,WR,WAS,13.3,14.8,16.3
2024,8,4449,WR,SEA,0.0,0.0,0.0
2024,8,4450,QB,NYG,8.66,8.66,8.66
2024,8,4468,WR,KC,0.0,0.0,0.0
2024,8,4484,WR,KC,0.8,1.3,1.8
2024,8,4490,RB,TB,1.5,2.0,2.5
2024,8,4503,TE,PIT,1.0,1.5,2.0
2024,8,4542,WR,DAL,2.7,3.2,3.7
2024,8,4561,QB,SF,26.0,26.0,26.0
2024,8,4581,WR,CAR,13.8,15.8,17.8
2024,8,4589,RB,PIT,5.9,6.9,7.9
2024,8,4602,RB,BUF,0.0,0.0,0.0
2024,8,4605,RB,KC,12.3,12.8,13.3
2024,8,4614,RB,GB,24.5,25.0,25.5
2024,8,4617,RB,SEA,8.4,9.9,11.4
2024,8,4642,RB,DEN,0.4,0.4,0.4
2024,9,17,WR,DEN,1.9,2.4,2.9
2024,9,19,TE,CHI,0.0,0.0,0.0
2024,9,28,QB,NYJ,20.34,20.34,20.34
2024,9,33,TE,LAC,0.2,0.7,1.2
2024,9,51,TE,LV,10.5,13.0,15.5
2024,9,64,WR,BAL,2.9,3.4,3.9
2024,9,66,WR,NYJ,15.1,18.6,22.1
2024,9,69,QB,CLE,10.1,10.1,10.1
2024,9,93,WR,SEA,12.3,13.8,15.3
2024,9,137,WR,LA,21.4,24.4,27.4
2024,9,142,WR,DET,0.0,0.5,1.0
2024,9,150,WR,CAR,-0.2,-0.2,-0.2
2024,9,155,TE,MIN,0.0,0.0,0.0
2024,9,164,RB,MIN,8.2,10.2,12.2
2024,9,166,WR,BUF,0.0,0.0,0.0
2024,9,175,WR,MIA,1.5,3.0,4.5
2024,9,187,RB,KC,9.5,11.5,13.5
2024,9,191,QB,DAL,9.0,9.0,9.0
2024,9,202,TE,MIA,4.6,7.1,9.6
2024,9,203,RB,NO,21.5,24.5,27.5
2024,9,216,TE,NYJ,-0.3,0.2,0.7
2024,9,217,RB,ATL,14.5,18.0,21.5
2024,9,230,TE,LAC,0.9,1.9,2.9
2024,9,243,WR,JAX,4.1,5.6,7.1
2024,9,244,RB,WAS,2.0,2.0,2.0
2024,9,258,RB,HOU,-0.1,-0.1,-0.1
2024,9,260,TE,HOU,2.1,3.6,5.1
2024,9,265,TE,CLE,3.2,4.7,6.2
2024,9,270,WR,DEN,16.28,19.78,23.28
2024,9,272,WR,NO,3.4,4.4,5.4
2024,9,282,QB,BAL,0.2,0.2,0.2
2024,9,293,WR,DET,1.2,2.2,3.2
2024,9,303,WR,DAL,6.2,10.2,14.2
2024,9,306,QB,DET,9.6,9.6,9.6
2024,9,312,QB,TEN,17.5,17.5,17.5
2024,9,313,RB,PHI,31.9,33.4,34.9
2024,9,315,RB,CLE,3.5,4.0,4.5
2024,9,324,TE,BAL,2.6,3.6,4.6
2024,9,325,WR,CHI,3.3,5.3,7.3
2024,9,327,QB,TB,18.0,18.0,18.0
2024,9,334,WR,IND,1.7,1.7,1.7
2024,9,336,RB,LV,3.6,3.6,3.6
2024,9,337,RB,TB,3.4,4.9,6.4
2024,9,365,TE,MIN,11.8,14.3,16.8
2024,9,366,RB,CAR,-1.0,0.0,1.0
2024,9,370,QB,ARI,6.76,6.76,6.76
2024,9,373,WR,CLE,7.3,10.8,14.3
2024,9,374,WR,WAS,4.8,5.8,6.8
2024,9,393,WR,DET,0.2,0.7,1.2
2024,9,394,QB,LV,4.96,4.96,4.96
2024,9,427,QB,NO,13.44,13.44,13.44
2024,9,428,RB,MIA,8.8,9.8,10.8
2024,9,443,RB,CHI,0.0,0.0,0.0
2024,9,445,WR,ARI,0.0,0.0,0.0
2024,9,468,WR,PHI,3.6,4.6,5.6
2024,9,471,WR,ATL,8.7,9.7,10.7
2024,9,473,WR,WAS,13.9,14.9,15.9
2024,9,482,RB,DET,9.6,11.1,12.6
2024,9,487,TE,BUF,0.5,1.0,1.5
2024,9,490,WR,SEA,4.4,5.4,6.4
2024,9,499,WR,KC,20.6,24.6,28.6
2024,9,506,QB,BAL,23.6,23.6,23.6
2024,9,525,WR,BUF,9.0,11.5,14.0
2024,9,529,TE,WAS,1.2,1.7,2.2
2024,9,535,RB,LAC,22.5,23.5,24.5
2024,9,536,RB,DAL,16.7,19.2,21.7
2024,9,537,RB,HOU,2.3,2.3,2.3
2024,9,547,RB,IND,5.9,7.4,8.9
2024,9,557,TE,LA,0.0,0.0,0.0
2024,9,560,RB,BAL,25.3,25.8,26.3
2024,9,561,WR,IND,1.4,1.9,2.4
2024,9,571,WR,SEA,0.0,0.0,0.0
2024,9,577,TE,LV,2.2,3.2,4.2
2024,9,600,WR,ATL,14.8,17.3,19.8
2024,9,613,TE,CLE,2.9,5.4,7.9
2024,9,625,QB,PHI,29.9,29.9,29.9
2024,9,650,RB,ARI,0.2,0.2,0.2
2024,9,651,RB,MIN,5.3,6.3,7.3
2024,9,653,WR,LAC,0.0,0.5,1.0
2024,9,663,WR,JAX,1.0,1.5,2.0
2024,9,669,TE,BUF,6.2,6.7,7.2
2024,9,696,WR,LAC,0.0,0.0,0.0
2024,9,699,WR,NYG,0.0,0.0,0.0
2024,9,741,WR,JAX,4.0,5.0,6.0
2024,9,748,WR,LA,1.6,2.1,2.6
2024,9,751,RB,NE,17.4,19.9,22.4
2024,9,764,WR,PHI,14.7,16.7,18.7
2024,9,769,TE,JAX,0.5,1.0,1.5
2024,9,785,RB,PHI,1.0,1.5,2.0
2024,9,802,TE,CAR,0.0,0.0,0.0
2024,9,807,RB,DEN,8.4,9.4,10.4
2024,9,810,RB,JAX,3.0,4.0,5.0
2024,9,813,WR,CLE,2.8,4.3,5.8
2024,9,818,RB,IND,1.3,1.8,2.3
2024,9,822,WR,LAC,12.3,13.3,14.3
2024,9,843,RB,IND,0.0,0.0,0.0
2024,9,867,WR,NYJ,0.0,0.0,0.0
2024,9,869,QB,BUF,20.1,20.1,20.1
2024,9,902,WR,MIN,6.7,7.2,7.7
2024,9,917,RB,ATL,7.8,7.8,7.8
2024,9,958,RB,CAR,0.0,0.0,0.0
2024,9,959,RB,NO,0.0,0.0,0.0
2024,9,972,TE,DEN,0.0,0.0,0.0
2024,9,976,TE,KC,0.9,1.4,1.9
2024,9,999,WR,HOU,0.0,0.0,0.0
2024,9,1004,RB,TEN,2.2,2.2,2.2
2024,9,1005,WR,CIN,0.0,0.0,0.0
2024,9,1016,RB,LAC,0.0,0.0,0.0
2024,9,1041,RB,LV,7.0,7.0,7.0
2024,9,1063,RB,LA,9.5,10.0,10.5
2024,9,1068,TE,NYJ,0.4,0.9,1.4
2024,9,1076,RB,CLE,0.8,0.8,0.8
2024,9,1095,RB,SEA,10.7,12.2,13.7
2024,9,1097,RB,CLE,0.7,1.2,1.7
2024,9,1107,RB,NYJ,8.5,9.5,10.5
2024,9,1110,RB,BUF,6.9,9.4,11.9
2024,9,1111,WR,LA,0.0,0.0,0.0
2024,9,1121,WR,KC,-1.0,-1.0,-1.0
2024,9,1151,WR,NYJ,0.0,0.0,0.0
2024,9,1157,QB,IND,5.06,5.06,5.06
2024,9,1179,TE,DAL,0.0,0.0,0.0
2024,9,1186,TE,TEN,1.2,1.7,2.2
2024,9,1198,RB,JAX,2.2,2.2,2.2
2024,9,1205,WR,ARI,0.0,0.0,0.0
2024,9,1214,WR,NE,3.5,7.0,10.5
2024,9,1218,RB,WAS,5.2,5.2,5.2
2024,9,1221,WR,NE,1.8,2.8,3.8
2024,9,1224,WR,DAL,2.6,3.6,4.6
2024,9,1234,WR,HOU,0.0,0.0,0.0
2024,9,1242,RB,ARI,14.0,15.0,16.0
2024,9,1264,WR,SEA,0.0,0.0,0.0
2024,9,1270,RB,DAL,0.9,1.9,2.9
2024,9,1273,RB,DEN,2.0,3.5,5.0
2024,9,1274,WR,TB,0.9,1.4,1.9
2024,9,1282,TE,DEN,0.0,0.0,0.0
2024,9,1285,QB,DAL,12.32,12.32,12.32
2024,9,1311,QB,CIN,29.14,29.14,29.14
2024,9,1335,WR,DEN,0.4,0.9,1.4
2024,9,1342,WR,IND,6.0,9.0,12.0
2024,9,1344,WR,MIN,11.1,13.6,16.1
2024,9,1347,WR,TB,3.3,4.3,5.3
2024,9,1352,TE,ARI,3.4,4.4,5.4
2024,9,1354,TE,GB,3.6,5.6,7.6
2024,9,1369,TE,LA,0.5,1.0,1.5
2024,9,1370,WR,LA,1.1,1.6,2.1
2024,9,1381,WR,BAL,24.7,27.2,29.7
2024,9,1439,RB,LV,2.6,4.1,5.6
2024,9,1459,WR,CAR,9.9,11.9,13.9
2024,9,1460,RB,KC,0.9,0.9,0.9
2024,9,1483,RB,NYG,6.9,7.4,7.9
2024,9,1502,WR,DAL,1.3,1.8,2.3
2024,9,1513,WR,DEN,1.1,2.1,3.1
2024,9,1516,RB,BAL,5.8,7.3,8.8
2024,9,1562,WR,LV,0.7,1.2,1.7
2024,9,1589,WR,NO,0.0,0.0,0.0
2024,9,1613,WR,CIN,7.0,7.5,8.0
2024,9,1625,WR,TEN,0.0,0.0,0.0
2024,9,1663,RB,LA,-0.1,-0.1,-0.1
2024,9,1666,QB,DEN,16.72,17.22,17.72
2024,9,1699,TE,SEA,2.7,4.7,6.7
2024,9,1726,WR,ARI,3.4,4.4,5.4
2024,9,1728,RB,MIA,1.8,1.8,1.8
2024,9,1730,QB,NE,17.74,17.74,17.74
2024,9,1742,WR,IND,2.2,2.7,3.2
2024,9,1749,WR,JAX,2.2,3.2,4.2
2024,9,1760,QB,CHI,9.18,9.18,9.18
2024,9,1761,QB,WAS,19.86,19.86,19.86
2024,9,1763,RB,ARI,11.5,12.0,12.5
2024,9,1768,RB,BUF,15.0,16.0,17.0
2024,9,1796,RB,NE,-0.3,0.2,0.7
2024,9,1813,TE,KC,0.0,0.0,0.0
2024,9,1833,WR,MIA,0.9,0.9,0.9
2024,9,1873,WR,LAC,0.0,0.0,0.0
2024,9,1934,RB,TB,9.5,11.0,12.5
2024,9,1970,TE,ATL,1.1,1.6,2.1
2024,9,2028,WR,BUF,5.0,8.0,11.0
2024,9,2060,QB,MIN,21.0,21.0,21.0
2024,9,2221,WR,NYJ,1.8,1.8,1.8
2024,9,2227,RB,DET,13.6,14.1,14.6
2024,9,2279,WR,NYG,5.9,10.4,14.9
2024,9,2282,WR,TEN,7.3,9.8,12.3
2024,9,2284,TE,NO,7.7,8.2,8.7
2024,9,2290,WR,GB,11.3,13.8,16.3
2024,9,2302,WR,HOU,0.0,0.0,0.0
2024,9,2400,TE,PHI,0.0,0.0,0.0
2024,9,2459,WR,PHI,0.0,0.0,0.0
2024,9,2515,RB,GB,4.1,5.6,7.1
2024,9,2533,WR,LV,0.0,0.0,0.0
2024,9,2534,QB,LA,17.92,17.92,17.92
2024,9,2557,WR,CLE,0.0,0.0,0.0
2024,9,2575,TE,MIN,2.7,4.2,5.7
2024,9,2606,RB,CHI,8.2,11.2,14.2
2024,9,2608,QB,SEA,22.12,22.12,22.12
2024,9,2613,QB,MIA,17.54,17.54,17.54
2024,9,2614,RB,NYG,3.3,3.3,3.3
2024,9,2634,WR,LAC,6.4,8.9,11.4
2024,9,2648,QB,CIN,-0.1,-0.1,-0.1
2024,9,2677,WR,CHI,10.4,12.9,15.4
2024,9,2698,TE,CIN,2.4,3.4,4.4
2024,9,2700,WR,TEN,11.0,13.5,16.0
2024,9,2724,RB,SEA,0.0,0.0,0.0
2024,9,2730,WR,CIN,4.3,7.8,11.3
2024,9,2757,WR,CLE,13.5,16.5,19.5
2024,9,2772,WR,GB,0.0,0.0,0.0
2024,9,2780,TE,LAC,0.6,1.1,1.6
2024,9,2791,TE,CIN,22.0,24.5,27.0
2024,9,2794,WR,MIA,0.0,0.0,0.0
2024,9,2803,RB,BAL,6.3,6.8,7.3
2024,9,2807,WR,CHI,3.6,5.6,7.6
2024,9,2808,TE,TEN,9.3,10.3,11.3
2024,9,2849,TE,NYG,11.1,12.6,14.1
2024,9,2853,RB,NYJ,0.9,0.9,0.9
2024,9,2862,WR,NYJ,21.0,25.5,30.0
2024,9,2866,RB,WAS,14.3,15.8,17.3
2024,9,2887,TE,NO,0.0,0.0,0.0
2024,9,2893,WR,DEN,1.1,2.1,3.1
2024,9,2929,WR,LA,10.4,15.9,21.4
2024,9,2955,TE,LA,0.4,0.9,1.4
2024,9,2972,RB,JAX,0.6,0.6,0.6
2024,9,2978,WR,CHI,0.0,0.0,0.0
2024,9,3004,TE,NO,12.0,14.0,16.0
2024,9,3070,RB,TEN,15.4,16.9,18.4
2024,9,3081,WR,MIA,8.0,10.0,12.0
2024,9,3096,WR,TEN,0.3,0.8,1.3
2024,9,3116,WR,LV,0.5,1.5,2.5
2024,9,3122,WR,NYJ,0.6,1.1,1.6
2024,9,3127,TE,TB,13.7,17.7,21.7
2024,9,3133,TE,ARI,9.7,11.2,12.7
2024,9,3139,TE,NE,5.6,9.1,12.6
2024,9,3161,TE,DET,0.1,0.6,1.1
2024,9,3196,RB,LAC,0.7,0.7,0.7
2024,9,3225,QB,JAX,15.56,15.56,15.56
2024,9,3232,TE,NE,0.1,0.6,1.1
2024,9,3247,WR,SEA,30.0,33.5,37.0
2024,9,3253,WR,MIA,5.6,6.6,7.6
2024,9,3259,TE,JAX,4.5,7.0,9.5
2024,9,3262,TE,NYG,6.2,6.7,7.2
2024,9,3267,WR,HOU,4.4,5.4,6.4
2024,9,3279,TE,BUF,3.2,5.2,7.2
2024,9,3289,WR,DET,11.6,15.1,18.6
2024,9,3307,RB,NE,1.1,1.6,2.1
2024,9,3365,WR,CAR,0.0,0.0,0.0
2024,9,3428,TE,CIN,7.4,9.4,11.4
2024,9,3442,QB,GB,8.92,8.92,8.92
2024,9,3443,WR,TEN,0.3,0.3,0.3
2024,9,3473,WR,ATL,0.9,1.4,1.9
2024,9,3505,QB,LV,7.16,7.16,7.16
2024,9,3512,RB,LAC,0.0,0.0,0.0
2024,9,3541,QB,ATL,19.78,19.78,19.78
2024,9,3550,TE,DAL,7.1,10.6,14.1
2024,9,3572,TE,WAS,0.5,1.0,1.5
2024,9,3579,WR,MIN,0.9,1.4,1.9
2024,9,3593,TE,BAL,0.0,0.0,0.0
2024,9,3594,QB,KC,24.54,24.54,24.54
2024,9,3604,TE,ATL,0.0,0.0,0.0
2024,9,3606,WR,BAL,2.5,4.0,5.5
2024,9,3607,WR,CIN,0.9,1.4,1.9
2024,9,3615,WR,DET,0.0,0.0,0.0
2024,9,3620,TE,PHI,3.0,5.5,8.0
2024,9,3630,WR,WAS,2.4,2.9,3.4
2024,9,3632,RB,NYG,0.0,0.0,0.0
2024,9,3637,WR,PHI,0.2,0.7,1.2
2024,9,3643,WR,NO,-0.1,-0.1,-0.1
2024,9,3648,WR,DAL,7.9,9.4,10.9
2024,9,3651,QB,LAC,19.48,19.48,19.48
2024,9,3659,WR,NE,4.1,6.1,8.1
2024,9,3672,TE,DET,2.8,3.8,4.8
2024,9,3735,RB,HOU,16.6,16.6,16.6
2024,9,3785,WR,CAR,2.0,3.0,4.0
2024,9,3790,WR,GB,2.8,4.8,6.8
2024,9,3808,RB,ARI,11.9,13.4,14.9
2024,9,3835,WR,BUF,2.1,2.6,3.1
2024,9,3843,WR,GB,3.7,5.2,6.7
2024,9,3861,WR,MIN,0.7,1.2,1.7
2024,9,3862,RB,CIN,21.7,24.2,26.7
2024,9,3863,WR,GB,1.9,2.4,2.9
2024,9,3870,WR,BAL,0.0,0.0,0.0
2024,9,3874,WR,LV,10.5,14.5,18.5
2024,9,3890,TE,NE,0.8,1.3,1.8
2024,9,3892,WR,MIN,14.58,18.08,21.58
2024,9,3917,WR,LA,3.8,5.3,6.8
2024,9,3925,TE,CAR,8.7,10.7,12.7
2024,9,3939,TE,MIA,0.4,0.9,1.4
2024,9,3945,WR,LAC,18.0,20.0,22.0
2024,9,3965,QB,CAR,9.74,9.74,9.74
2024,9,3981,TE,CHI,0.5,1.0,1.5
2024,9,3993,WR,NO,1.3,1.8,2.3
2024,9,4004,TE,IND,2.2,2.7,3.2
2024,9,4017,WR,TB,6.1,6.6,7.1
2024,9,4021,WR,NYG,1.0,2.5,4.0
2024,9,4048,RB,CAR,19.2,20.2,21.2
2024,9,4053,WR,ATL,9.5,11.0,12.5
2024,9,4060,WR,TB,6.9,8.9,10.9
2024,9,4099,RB,CHI,2.1,3.1,4.1
2024,9,4103,RB,PHI,0.0,0.0,0.0
2024,9,4152,RB,GB,8.9,9.4,9.9
2024,9,4158,QB,HOU,13.54,13.54,13.54
2024,9,4164,WR,IND,4.1,5.6,7.1
2024,9,4181,WR,HOU,12.6,15.6,18.6
2024,9,4192,TE,KC,10.0,17.0,24.0
2024,9,4195,RB,NO,3.8,4.3,4.8
2024,9,4196,WR,NYG,6.0,7.5,9.0
2024,9,4210,RB,ATL,0.0,0.0,0.0
2024,9,4216,TE,DEN,0.4,0.9,1.4
2024,9,4223,RB,BAL,0.0,0.0,0.0
2024,9,4237,RB,MIA,24.1,28.1,32.1
2024,9,4247,TE,TEN,3.8,5.3,6.8
2024,9,4255,WR,NO,0.5,1.0,1.5
2024,9,4283,RB,DEN,-0.1,-0.1,-0.1
2024,9,4305,WR,PHI,3.6,4.1,4.6
2024,9,4330,RB,DAL,0.8,0.8,0.8
2024,9,4335,WR,KC,4.3,5.8,7.3
2024,9,4338,WR,NE,0.0,0.0,0.0
2024,9,4354,TE,CIN,1.4,2.4,3.4
2024,9,4368,TE,NO,4.1,5.1,6.1
2024,9,4422,TE,HOU,0.0,0.0,0.0
2024,9,4447,WR,WAS,6.0,8.5,11.0
2024,9,4449,WR,SEA,0.0,0.0,0.0
2024,9,4450,QB,NYG,26.36,26.36,26.36
2024,9,4484,WR,KC,1.7,3.2,4.7
2024,9,4490,RB,TB,1.7,2.2,2.7
2024,9,4542,WR,DAL,3.6,5.1,6.6
2024,9,4570,TE,NYJ,1.2,1.7,2.2
2024,9,4581,WR,CAR,3.6,4.6,5.6
2024,9,4602,RB,BUF,2.3,2.3,2.3
2024,9,4605,RB,KC,17.7,18.2,18.7
2024,9,4614,RB,GB,10.8,11.8,12.8
2024,9,4617,RB,SEA,3.3,4.3,5.3
2024,9,4642,RB,DEN,3.5,3.5,3.5
2024,10,17,WR,DEN,0.9,1.4,1.9
2024,10,28,QB,NYJ,6.04,6.04,6.04
2024,10,64,WR,BAL,6.6,7.1,7.6
2024,10,66,WR,NYJ,3.1,6.1,9.1
2024,10,137,WR,LA,2.3,2.8,3.3
2024,10,142,WR,DET,0.0,0.0,0.0
2024,10,164,RB,MIN,10.1,11.1,12.1
2024,10,166,WR,BUF,3.5,5.5,7.5
2024,10,175,WR,MIA,1.7,2.7,3.7
2024,10,184,TE,SF,0.0,0.0,0.0
2024,10,187,RB,KC,3.7,4.7,5.7
2024,10,191,QB,DAL,2.0,2.0,2.0
2024,10,202,TE,MIA,4.5,6.0,7.5
2024,10,203,RB,NO,10.9,13.4,15.9
2024,10,216,TE,NYJ,0.8,1.3,1.8
2024,10,217,RB,ATL,26.4,27.9,29.4
2024,10,224,RB,LAC,5.5,5.5,5.5
2024,10,230,TE,LAC,3.0,5.5,8.0
2024,10,244,RB,WAS,6.7,6.7,6.7
2024,10,258,RB,HOU,1.1,1.1,1.1
2024,10,260,TE,HOU,6.6,8.1,9.6
2024,10,270,WR,DEN,13.0,16.0,19.0
2024,10,303,WR,DAL,2.4,5.4,8.4
2024,10,306,QB,DET,7.8,7.8,7.8
2024,10,313,RB,PHI,7.8,8.3,8.8
2024,10,324,TE,BAL,12.8,15.8,18.8
2024,10,325,WR,CHI,2.7,4.2,5.7
2024,10,327,QB,TB,8.94,8.94,8.94
2024,10,334,WR,IND,0.7,0.7,0.7
2024,10,337,RB,TB,14.7,16.2,17.7
2024,10,365,TE,MIN,5.2,7.2,9.2
2024,10,366,RB,CAR,0.5,0.5,0.5
2024,10,370,QB,ARI,28.74,28.74,28.74
2024,10,374,WR,WAS,0.8,1.3,1.8
2024,10,377,WR,SF,0.0,0.0,0.0
2024,10,427,QB,NO,20.46,20.46,20.46
2024,10,428,RB,MIA,3.4,4.4,5.4
2024,10,429,WR,NO,0.8,1.3,1.8
2024,10,443,RB,CHI,0.0,0.0,0.0
2024,10,445,WR,ARI,-0.1,0.4,0.9
2024,10,468,WR,PHI,10.9,13.4,15.9
2024,10,471,WR,ATL,9.7,13.7,17.7
2024,10,473,WR,WAS,11.3,13.8,16.3
2024,10,480,WR,SF,7.6,10.1,12.6
2024,10,482,RB,DET,11.6,12.1,12.6
2024,10,487,TE,BUF,4.0,5.0,6.0
2024,10,499,WR,KC,5.6,7.6,9.6
2024,10,506,QB,BAL,30.9,30.9,30.9
2024,10,525,WR,BUF,8.6,10.6,12.6
2024,10,535,RB,LAC,5.5,7.0,8.5
2024,10,536,RB,DAL,5.6,7.1,8.6
2024,10,547,RB,IND,12.2,13.2,14.2
2024,10,560,RB,BAL,13.1,13.6,14.1
2024,10,567,TE,CHI,1.3,2.3,3.3
2024,10,600,WR,ATL,9.6,12.1,14.6
2024,10,609,WR,NE,0.0,0.0,0.0
2024,10,625,QB,PHI,31.68,31.68,31.68
2024,10,650,RB,ARI,1.0,1.0,1.0
2024,10,651,RB,MIN,4.7,5.2,5.7
2024,10,653,WR,LAC,-0.2,-0.2,-0.2
2024,10,699,WR,NYG,0.0,0.0,0.0
2024,10,748,WR,LA,0.6,1.1,1.6
2024,10,751,RB,NE,7.7,8.2,8.7
2024,10,764,WR,PHI,1.4,2.4,3.4
2024,10,767,RB,PIT,11.3,11.3,11.3
2024,10,769,TE,JAX,1.6,2.6,3.6
2024,10,785,RB,PHI,3.9,4.4,4.9
2024,10,786,TE,PIT,7.7,9.2,10.7
2024,10,807,RB,DEN,0.7,1.7,2.7
2024,10,810,RB,JAX,4.3,4.8,5.3
2024,10,818,RB,IND,0.4,0.9,1.4
2024,10,822,WR,LAC,3.6,4.1,4.6
2024,10,843,RB,IND,6.9,7.9,8.9
2024,10,869,QB,BUF,18.2,18.2,18.2
2024,10,881,WR,KC,0.0,0.0,0.0
2024,10,885,WR,PIT,15.5,18.0,20.5
2024,10,889,WR,NO,3.6,4.6,5.6
2024,10,902,WR,MIN,0.4,0.9,1.4
2024,10,913,RB,MIN,1.8,1.8,1.8
2024,10,914,RB,PIT,0.0,0.0,0.0
2024,10,917,RB,ATL,5.9,5.9,5.9
2024,10,920,TE,IND,0.2,0.7,1.2
2024,10,958,RB,CAR,0.0,0.0,0.0
2024,10,972,TE,DEN,2.1,3.1,4.1
2024,10,976,TE,KC,0.6,1.1,1.6
2024,10,999,WR,HOU,13.4,15.9,18.4
2024,10,1004,RB,TEN,0.0,0.0,0.0
2024,10,1005,WR,CIN,0.0,0.0,0.0
2024,10,1016,RB,LAC,6.4,6.4,6.4
2024,10,1061,WR,PIT,2.0,3.0,4.0
2024,10,1063,RB,LA,8.2,10.7,13.2
2024,10,1068,TE,NYJ,1.7,2.7,3.7
2024,10,1094,TE,BAL,0.4,0.9,1.4
2024,10,1107,RB,NYJ,8.3,10.3,12.3
2024,10,1110,RB,BUF,14.5,15.0,15.5
2024,10,1111,WR,LA,0.0,0.0,0.0
2024,10,1121,WR,KC,1.1,1.6,2.1
2024,10,1141,TE,IND,1.0,1.5,2.0
2024,10,1151,WR,NYJ,0.0,0.0,0.0
2024,10,1157,QB,IND,12.88,12.88,12.88
2024,10,1164,RB,BAL,0.0,0.0,0.0
2024,10,1179,TE,DAL,0.0,0.0,0.0
2024,10,1186,TE,TEN,0.0,0.0,0.0
2024,10,1198,RB,JAX,0.4,0.4,0.4
2024,10,1205,WR,ARI,2.4,3.9,5.4
2024,10,1214,WR,NE,5.0,7.0,9.0
2024,10,1218,RB,WAS,0.4,0.4,0.4
2024,10,1221,WR,NE,4.7,6.7,8.7
2024,10,1224,WR,DAL,0.4,0.9,1.4
2024,10,1234,WR,HOU,0.6,1.6,2.6
2024,10,1242,RB,ARI,2.2,2.2,2.2
2024,10,1245,TE,MIA,0.0,0.0,0.0
2024,10,1270,RB,DAL,0.0,0.0,0.0
2024,10,1273,RB,DEN,1.2,1.2,1.2
2024,10,1274,WR,TB,1.0,2.0,3.0
2024,10,1311,QB,CIN,33.72,33.72,33.72
2024,10,1335,WR,DEN,3.0,5.0,7.0
2024,10,1342,WR,IND,7.2,10.7,14.2
2024,10,1344,WR,MIN,2.9,3.9,4.9
2024,10,1347,WR,TB,0.0,0.0,0.0
2024,10,1352,TE,ARI,1.3,2.3,3.3
2024,10,1369,TE,LA,3.4,5.9,8.4
2024,10,1370,WR,LA,9.8,14.3,18.8
2024,10,1381,WR,BAL,3.4,5.4,7.4
2024,10,1395,QB,TEN,19.1,19.1,19.1
2024,10,1417,TE,CAR,0.0,0.0,0.0
2024,10,1459,WR,CAR,4.0,5.5,7.0
2024,10,1460,RB,KC,0.3,0.3,0.3
2024,10,1464,WR,WAS,2.3,2.8,3.3
2024,10,1469,RB,DET,0.0,0.0,0.0
2024,10,1472,RB,SF,0.0,0.0,0.0
2024,10,1483,RB,NYG,16.4,16.9,17.4
2024,10,1502,WR,DAL,0.0,0.0,0.0
2024,10,1513,WR,DEN,9.9,11.9,13.9
2024,10,1516,RB,BAL,-0.2,0.8,1.8
2024,10,1613,WR,CIN,2.9,3.9,4.9
2024,10,1614,TE,CIN,0.0,0.5,1.0
2024,10,1625,WR,TEN,2.3,3.3,4.3
2024,10,1663,RB,LA,1.5,2.0,2.5
2024,10,1666,QB,DEN,16.1,16.1,16.1
2024,10,1672,WR,LA,0.0,0.0,0.0
2024,10,1708,WR,SF,9.3,12.8,16.3
2024,10,1726,WR,ARI,11.4,13.9,16.4
2024,10,1728,RB,MIA,0.3,0.3,0.3
2024,10,1730,QB,NE,11.76,11.76,11.76
2024,10,1742,WR,IND,7.1,10.1,13.1
2024,10,1749,WR,JAX,1.2,2.2,3.2
2024,10,1760,QB,CHI,6.3,6.3,6.3
2024,10,1761,QB,WAS,8.58,8.58,8.58
2024,10,1763,RB,ARI,8.7,9.7,10.7
2024,10,1768,RB,BUF,0.6,0.6,0.6
2024,10,1796,RB,NE,2.4,2.9,3.4
2024,10,1813,TE,KC,1.8,2.8,3.8
2024,10,1833,WR,MIA,9.5,10.0,10.5
2024,10,1873,WR,LAC,2.3,2.8,3.3
2024,10,1915,QB,DAL,0.54,0.54,0.54
2024,10,1934,RB,TB,13.0,16.0,19.0
2024,10,1970,TE,ATL,5.5,7.5,9.5
2024,10,2028,WR,BUF,5.8,8.8,11.8
2024,10,2060,QB,MIN,6.44,6.44,6.44
2024,10,2221,WR,NYJ,0.2,0.7,1.2
2024,10,2227,RB,DET,10.8,11.8,12.8
2024,10,2279,WR,NYG,4.8,7.8,10.8
2024,10,2282,WR,TEN,20.4,22.9,25.4
2024,10,2284,TE,NO,0.0,0.0,0.0
2024,10,2302,WR,HOU,0.0,0.0,0.0
2024,10,2459,WR,PHI,6.5,7.0,7.5
2024,10,2534,QB,LA,9.72,9.72,9.72
2024,10,2575,TE,MIN,7.2,11.2,15.2
2024,10,2606,RB,CHI,6.5,7.0,7.5
2024,10,2613,QB,MIA,10.18,10.18,10.18
2024,10,2614,RB,NYG,4.5,5.0,5.5
2024,10,2634,WR,LAC,5.2,6.2,7.2
2024,10,2677,WR,CHI,2.3,3.8,5.3
2024,10,2700,WR,TEN,3.1,4.6,6.1
2024,10,2730,WR,CIN,44.4,49.9,55.4
2024,10,2756,WR,DET,5.3,6.8,8.3
2024,10,2780,TE,LAC,0.0,0.0,0.0
2024,10,2791,TE,CIN,3.0,5.0,7.0
2024,10,2795,TE,SF,11.7,13.2,14.7
2024,10,2807,WR,CHI,4.4,6.9,9.4
2024,10,2821,RB,SF,0.5,0.5,0.5
2024,10,2849,TE,NYG,3.7,5.7,7.7
2024,10,2853,RB,NYJ,3.4,3.9,4.4
2024,10,2862,WR,NYJ,4.1,6.6,9.1
2024,10,2866,RB,WAS,17.1,17.6,18.1
2024,10,2893,WR,DEN,2.3,3.3,4.3
2024,10,2929,WR,LA,8.0,11.5,15.0
2024,10,2976,WR,JAX,0.0,0.0,0.0
2024,10,2978,WR,CHI,0.5,1.0,1.5
2024,10,3004,TE,NO,5.0,6.0,7.0
2024,10,3009,RB,PIT,1.4,1.4,1.4
2024,10,3038,WR,BAL,0.6,1.1,1.6
2024,10,3070,RB,TEN,6.3,8.3,10.3
2024,10,3081,WR,MIA,8.7,10.2,11.7
2024,10,3095,QB,ARI,-0.1,-0.1,-0.1
2024,10,3096,WR,TEN,0.0,0.0,0.0
2024,10,3122,WR,PIT,9.2,9.7,10.2
2024,10,3127,TE,TB,3.5,6.0,8.5
2024,10,3133,TE,ARI,7.1,9.1,11.1
2024,10,3139,TE,NE,1.4,1.9,2.4
2024,10,3159,QB,PIT,18.1,18.1,18.1
2024,10,3189,RB,SF,10.7,13.7,16.7
2024,10,3222,RB,CIN,0.0,0.0,0.0
2024,10,3251,RB,NYJ,1.0,1.5,2.0
2024,10,3253,WR,MIA,5.6,7.1,8.6
2024,10,3259,TE,JAX,4.0,7.0,10.0
2024,10,3263,RB,DAL,2.2,2.2,2.2
2024,10,3267,WR,HOU,0.1,0.6,1.1
2024,10,3279,TE,BUF,2.4,3.4,4.4
2024,10,3289,WR,DET,12.0,15.0,18.0
2024,10,3307,RB,NE,2.6,2.6,2.6
2024,10,3363,WR,NYG,0.7,1.2,1.7
2024,10,3420,WR,JAX,1.9,2.4,2.9
2024,10,3435,WR,PIT,0.0,0.0,0.0
2024,10,3459,RB,TEN,5.1,6.6,8.1
2024,10,3541,QB,ATL,10.24,10.24,10.24
2024,10,3550,TE,DAL,2.4,4.4,6.4
2024,10,3572,TE,WAS,3.1,5.1,7.1
2024,10,3579,WR,MIN,0.0,0.0,0.0
2024,10,3594,QB,KC,16.54,16.54,16.54
2024,10,3604,TE,ATL,0.0,0.0,0.0
2024,10,3606,WR,BAL,11.4,14.4,17.4
2024,10,3620,TE,PHI,0.0,0.0,0.0
2024,10,3630,WR,WAS,-1.3,-0.3,0.7
2024,10,3632,RB,NYG,0.0,0.0,0.0
2024,10,3637,WR,PHI,0.6,1.6,2.6
2024,10,3643,WR,NO,0.0,0.0,0.0
2024,10,3648,WR,DAL,1.4,2.9,4.4
2024,10,3651,QB,LAC,19.76,19.76,19.76
2024,10,3672,TE,DET,12.6,14.1,15.6
2024,10,3728,TE,CAR,0.3,0.8,1.3
2024,10,3735,RB,HOU,15.0,16.0,17.0
2024,10,3785,WR,CAR,1.8,2.8,3.8
2024,10,3802,TE,JAX,2.5,3.5,4.5
2024,10,3808,RB,ARI,17.3,19.8,22.3
2024,10,3861,WR,MIN,1.1,1.6,2.1
2024,10,3862,RB,CIN,15.4,19.9,24.4
2024,10,3870,WR,BAL,17.5,19.0,20.5
2024,10,3890,TE,NE,6.4,7.9,9.4
2024,10,3892,WR,MIN,4.8,7.3,9.8
2024,10,3917,WR,LA,2.5,4.0,5.5
2024,10,3925,TE,CAR,6.8,7.8,8.8
2024,10,3934,WR,SF,13.3,15.3,17.3
2024,10,3939,TE,MIA,0.6,1.1,1.6
2024,10,3945,WR,LAC,8.4,9.4,10.4
2024,10,3965,QB,CAR,12.04,12.04,12.04
2024,10,3968,WR,SF,0.0,0.0,0.0
2024,10,4004,TE,IND,1.5,2.5,3.5
2024,10,4017,WR,TB,1.1,1.6,2.1
2024,10,4021,WR,NYG,5.1,7.6,10.1
2024,10,4024,WR,PIT,0.0,0.0,0.0
2024,10,4046,WR,NYG,3.9,5.9,7.9
2024,10,4048,RB,CAR,22.9,24.9,26.9
2024,10,4053,WR,ATL,3.6,5.1,6.6
2024,10,4060,WR,TB,1.0,1.5,2.0
2024,10,4092,QB,PHI,0.3,0.3,0.3
2024,10,4094,TE,PIT,0.6,1.1,1.6
2024,10,4099,RB,CHI,0.1,0.6,1.1
2024,10,4103,RB,PHI,3.4,3.4,3.4
2024,10,4158,QB,HOU,9.78,9.78,9.78
2024,10,4164,WR,IND,14.1,16.1,18.1
2024,10,4181,WR,HOU,3.3,5.8,8.3
2024,10,4192,TE,KC,12.4,16.4,20.4
2024,10,4195,RB,NO,1.4,1.9,2.4
2024,10,4210,RB,ATL,0.0,0.0,0.0
2024,10,4214,QB,BUF,-0.1,-0.1,-0.1
2024,10,4216,TE,DEN,3.4,3.9,4.4
2024,10,4237,RB,MIA,5.2,7.7,10.2
2024,10,4247,TE,TEN,1.4,1.9,2.4
2024,10,4255,WR,NO,22.9,24.4,25.9
2024,10,4271,QB,JAX,7.24,7.24,7.24
2024,10,4305,WR,PHI,2.7,3.2,3.7
2024,10,4335,WR,KC,0.6,1.6,2.6
2024,10,4338,WR,NE,6.2,6.7,7.2
2024,10,4354,TE,CIN,10.3,13.3,16.3
2024,10,4368,TE,NO,2.2,3.2,4.2
2024,10,4371,WR,CIN,1.1,1.6,2.1
2024,10,4388,TE,WAS,0.0,0.0,0.0
2024,10,4422,TE,HOU,0.2,0.7,1.2
2024,10,4447,WR,WAS,3.3,4.8,6.3
2024,10,4450,QB,NYG,12.2,12.2,12.2
2024,10,4484,WR,KC,0.3,0.8,1.3
2024,10,4485,TE,PHI,8.5,9.5,10.5
2024,10,4490,RB,TB,0.0,0.0,0.0
2024,10,4503,TE,PIT,0.0,0.0,0.0
2024,10,4542,WR,DAL,0.0,0.0,0.0
2024,10,4561,QB,SF,23.82,23.82,23.82
2024,10,4570,TE,NYJ,0.4,0.9,1.4
2024,10,4581,WR,CAR,4.1,5.6,7.1
2024,10,4589,RB,PIT,9.5,10.5,11.5
2024,10,4602,RB,BUF,3.2,4.7,6.2
2024,10,4605,RB,KC,10.0,13.5,17.0
2024,10,4642,RB,DEN,5.3,5.3,5.3
2024,11,17,WR,DEN,7.5,8.5,9.5
2024,11,28,QB,NYJ,16.06,16.06,16.06
2024,11,30,RB,SF,1.2,2.2,3.2
2024,11,51,TE,LV,18.3,24.8,31.3
2024,11,64,WR,BAL,0.0,0.0,0.0
2024,11,66,WR,NYJ,7.2,10.2,13.2
2024,11,67,WR,BUF,5.5,6.5,7.5
2024,11,69,QB,CLE,24.6,24.6,24.6
2024,11,93,WR,SEA,1.9,2.9,3.9
2024,11,137,WR,LA,1.9,2.9,3.9
2024,11,142,WR,DET,3.0,4.0,5.0
2024,11,155,TE,MIN,1.3,1.8,2.3
2024,11,164,RB,MIN,4.3,4.8,5.3
2024,11,166,WR,BUF,11.8,14.3,16.8
2024,11,175,WR,MIA,1.3,2.3,3.3
2024,11,184,TE,SF,0.7,1.2,1.7
2024,11,187,RB,KC,0.8,1.8,2.8
2024,11,191,QB,DAL,16.36,16.36,16.36
2024,11,193,TE,SEA,0.0,0.0,0.0
2024,11,202,TE,MIA,22.1,25.1,28.1
2024,11,203,RB,NO,8.9,10.9,12.9
2024,11,216,TE,NYJ,0.7,1.2,1.7
2024,11,217,RB,ATL,6.3,8.3,10.3
2024,11,218,WR,KC,0.8,1.3,1.8
2024,11,224,RB,LAC,2.7,2.7,2.7
2024,11,230,TE,LAC,14.0,16.0,18.0
2024,11,237,TE,ATL,0.5,1.0,1.5
2024,11,243,WR,JAX,1.0,1.5,2.0
2024,11,244,RB,WAS,0.6,1.1,1.6
2024,11,258,RB,HOU,1.1,1.6,2.1
2024,11,260,TE,HOU,3.3,5.8,8.3
2024,11,265,TE,CLE,1.9,2.4,2.9
2024,11,270,WR,DEN,7.8,11.3,14.8
2024,11,293,WR,DET,2.6,4.1,5.6
2024,11,303,WR,DAL,10.6,14.6,18.6
2024,11,306,QB,DET,34.58,34.58,34.58
2024,11,313,RB,PHI,31.8,32.8,33.8
2024,11,315,RB,CLE,5.0,5.0,5.0
2024,11,324,TE,BAL,2.2,3.2,4.2
2024,11,325,WR,CHI,6.7,10.2,13.7
2024,11,334,WR,IND,0.0,0.0,0.0
2024,11,336,RB,LV,6.9,8.4,9.9
2024,11,365,TE,MIN,3.4,4.9,6.4
2024,11,373,WR,CLE,20.2,23.2,26.2
2024,11,374,WR,WAS,1.0,1.5,2.0
2024,11,377,WR,SF,0.0,0.0,0.0
2024,11,393,WR,DET,0.7,1.2,1.7
2024,11,394,QB,LV,17.98,17.98,17.98
2024,11,427,QB,NO,18.72,18.72,18.72
2024,11,428,RB,MIA,-0.2,-0.2,-0.2
2024,11,429,WR,NO,0.9,1.4,1.9
2024,11,443,RB,CHI,0.0,0.0,0.0
2024,11,447,RB,DET,2.1,2.1,2.1
2024,11,468,WR,PHI,6.5,9.0,11.5
2024,11,471,WR,ATL,6.1,7.6,9.1
2024,11,473,WR,WAS,1.0,1.5,2.0
2024,11,480,WR,SF,2.1,4.1,6.1
2024,11,482,RB,DET,21.5,23.0,24.5
2024,11,487,TE,BUF,4.0,6.0,8.0
2024,11,499,WR,KC,2.9,4.4,5.9
2024,11,506,QB,BAL,14.88,14.88,14.88
2024,11,525,WR,BUF,2.7,3.7,4.7
2024,11,535,RB,LAC,17.9,18.4,18.9
2024,11,536,RB,DAL,3.4,4.4,5.4
2024,11,547,RB,IND,6.0,6.5,7.0
2024,11,557,TE,LA,7.9,8.4,8.9
2024,11,560,RB,BAL,12.5,12.5,12.5
2024,11,561,WR,IND,4.6,7.1,9.6
2024,11,567,TE,CHI,4.2,5.7,7.2
2024,11,600,WR,ATL,2.7,3.7,4.7
2024,11,612,TE,JAX,0.0,0.0,0.0
2024,11,613,TE,CLE,8.1,12.6,17.1
2024,11,625,QB,PHI,18.74,18.74,18.74
2024,11,651,RB,MIN,9.6,10.6,11.6
2024,11,653,WR,LAC,0.0,0.0,0.0
2024,11,667,TE,DET,2.2,2.7,3.2
2024,11,669,TE,BUF,0.0,0.0,0.0
2024,11,701,TE,BUF,0.5,1.0,1.5
2024,11,748,WR,LA,2.1,2.6,3.1
2024,11,751,RB,NE,8.9,10.9,12.9
2024,11,764,WR,PHI,2.9,4.9,6.9
2024,11,767,RB,PIT,9.3,11.3,13.3
2024,11,769,TE,JAX,0.3,0.8,1.3
2024,11,785,RB,PHI,4.9,5.4,5.9
2024,11,786,TE,PIT,1.4,2.4,3.4
2024,11,807,RB,DEN,14.7,16.7,18.7
2024,11,810,RB,JAX,3.3,4.8,6.3
2024,11,813,WR,CLE,12.6,15.6,18.6
2024,11,818,RB,IND,0.3,0.8,1.3
2024,11,822,WR,LAC,2.3,3.3,4.3
2024,11,824,QB,PIT,1.7,1.7,1.7
2024,11,843,RB,IND,0.0,0.0,0.0
2024,11,867,WR,NYJ,0.0,0.0,0.0
2024,11,869,QB,BUF,23.98,23.98,23.98
2024,11,885,WR,PIT,8.9,12.9,16.9
2024,11,889,WR,NO,1.8,2.3,2.8
2024,11,902,WR,MIN,0.0,0.0,0.0
2024,11,913,RB,MIN,0.0,0.0,0.0
2024,11,914,RB,PIT,0.0,0.0,0.0
2024,11,917,RB,ATL,-0.1,0.4,0.9
2024,11,920,TE,IND,0.8,1.3,1.8
2024,11,976,TE,KC,1.1,1.6,2.1
2024,11,999,WR,HOU,3.3,4.8,6.3
2024,11,1004,RB,TEN,0.0,0.0,0.0
2024,11,1005,WR,CIN,0.0,0.0,0.0
2024,11,1014,TE,IND,1.7,2.7,3.7
2024,11,1016,RB,LAC,0.1,0.1,0.1
2024,11,1024,TE,LAC,0.6,1.1,1.6
2024,11,1032,RB,WAS,13.2,13.7,14.2
2024,11,1041,RB,LV,0.9,0.9,0.9
2024,11,1061,WR,PIT,-0.1,0.4,0.9
2024,11,1063,RB,LA,8.6,8.6,8.6
2024,11,1068,TE,NYJ,0.6,1.1,1.6
2024,11,1076,RB,CLE,0.5,0.5,0.5
2024,11,1094,TE,BAL,0.0,0.0,0.0
2024,11,1095,RB,SEA,11.9,12.9,13.9
2024,11,1097,RB,CLE,3.9,5.9,7.9
2024,11,1107,RB,NYJ,24.1,27.6,31.1
2024,11,1110,RB,BUF,14.7,17.2,19.7
2024,11,1111,WR,LA,0.0,0.0,0.0
2024,11,1121,WR,KC,12.8,14.8,16.8
2024,11,1151,WR,NYJ,1.7,2.2,2.7
2024,11,1164,RB,BAL,0.0,0.0,0.0
2024,11,1179,TE,DAL,5.6,8.6,11.6
2024,11,1180,QB,DET,1.78,1.78,1.78
2024,11,1186,TE,TEN,0.6,1.1,1.6
2024,11,1214,WR,NE,5.9,7.9,9.9
2024,11,1221,WR,NE,3.3,5.3,7.3
2024,11,1245,TE,MIA,2.8,3.8,4.8
2024,11,1273,RB,DEN,1.9,1.9,1.9
2024,11,1282,TE,DEN,7.2,7.7,8.2
2024,11,1311,QB,CIN,29.04,29.04,29.04
2024,11,1335,WR,DEN,11.3,12.3,13.3
2024,11,1342,WR,IND,14.4,16.9,19.4
2024,11,1344,WR,MIN,12.1,13.6,15.1
2024,11,1354,TE,GB,0.0,0.0,0.0
2024,11,1370,WR,LA,18.3,21.8,25.3
2024,11,1381,WR,BAL,9.9,10.9,11.9
2024,11,1382,TE,LV,0.5,1.0,1.5
2024,11,1395,QB,TEN,15.6,15.6,15.6
2024,11,1439,RB,LV,7.7,9.2,10.7
2024,11,1460,RB,KC,0.7,1.2,1.7
2024,11,1464,WR,WAS,0.0,0.0,0.0
2024,11,1469,RB,DET,0.9,0.9,0.9
2024,11,1472,RB,SF,0.0,0.0,0.0
2024,11,1490,WR,ATL,0.0,0.0,0.0
2024,11,1502,WR,DAL,1.9,2.9,3.9
2024,11,1513,WR,DEN,6.6,8.6,10.6
2024,11,1516,RB,BAL,4.1,6.1,8.1
2024,11,1562,WR,LV,0.0,0.0,0.0
2024,11,1613,WR,CIN,4.6,6.1,7.6
2024,11,1625,WR,TEN,3.3,3.8,4.3
2024,11,1663,RB,LA,2.8,3.3,3.8
2024,11,1666,QB,DEN,28.78,28.78,28.78
2024,11,1672,WR,LA,0.0,0.0,0.0
2024,11,1699,TE,SEA,1.5,2.5,3.5
2024,11,1708,WR,SF,15.1,20.1,25.1
2024,11,1728,RB,MIA,0.6,1.1,1.6
2024,11,1730,QB,NE,19.98,19.98,19.98
2024,11,1742,WR,IND,3.5,4.0,4.5
2024,11,1749,WR,JAX,8.6,11.1,13.6
2024,11,1760,QB,CHI,16.24,16.24,16.24
2024,11,1761,QB,WAS,11.44,11.44,11.44
2024,11,1765,QB,ATL,0.96,0.96,0.96
2024,11,1768,RB,BUF,1.1,1.1,1.1
2024,11,1796,RB,NE,0.2,0.2,0.2
2024,11,1813,TE,KC,14.3,16.3,18.3
2024,11,1833,WR,MIA,1.8,3.3,4.8
2024,11,1873,WR,LAC,2.0,2.5,3.0
2024,11,1970,TE,ATL,0.9,1.4,1.9
2024,11,2028,WR,BUF,7.0,11.0,15.0
2024,11,2060,QB,MIN,25.64,25.64,25.64
2024,11,2221,WR,NYJ,1.0,1.5,2.0
2024,11,2227,RB,DET,18.3,18.8,19.3
2024,11,2244,QB,IND,30.08,30.08,30.08
2024,11,2282,WR,TEN,5.8,7.8,9.8
2024,11,2284,TE,NO,5.0,6.5,8.0
2024,11,2290,WR,GB,7.8,8.8,9.8
2024,11,2515,RB,GB,1.3,2.3,3.3
2024,11,2533,WR,LV,2.9,4.4,5.9
2024,11,2534,QB,LA,27.8,27.8,27.8
2024,11,2575,TE,MIN,1.3,2.3,3.3
2024,11,2606,RB,CHI,14.4,15.4,16.4
2024,11,2608,QB,SEA,15.74,15.74,15.74
2024,11,2613,QB,MIA,23.52,23.52,23.52
2024,11,2634,WR,LAC,12.3,15.3,18.3
2024,11,2677,WR,CHI,6.5,9.5,12.5
2024,11,2700,WR,TEN,17.7,18.7,19.7
2024,11,2730,WR,CIN,19.5,23.0,26.5
2024,11,2756,WR,DET,18.6,20.6,22.6
2024,11,2757,WR,CLE,4.7,6.2,7.7
2024,11,2772,WR,GB,0.0,0.0,0.0
2024,11,2791,TE,CIN,0.0,0.0,0.0
2024,11,2803,RB,BAL,0.5,1.0,1.5
2024,11,2807,WR,CHI,4.1,6.1,8.1
2024,11,2808,TE,TEN,0.6,1.1,1.6
2024,11,2821,RB,SF,1.3,1.3,1.3
2024,11,2848,QB,NO,-0.2,-0.2,-0.2
2024,11,2853,RB,NYJ,0.6,0.6,0.6
2024,11,2862,WR,NYJ,1.8,3.8,5.8
2024,11,2866,RB,WAS,9.6,13.6,17.6
2024,11,2893,WR,DEN,11.2,13.2,15.2
2024,11,2929,WR,LA,22.6,25.6,28.6
2024,11,2972,RB,JAX,0.3,0.3,0.3
2024,11,2976,WR,JAX,0.0,0.0,0.0
2024,11,2978,WR,CHI,0.0,0.0,0.0
2024,11,3004,TE,NO,35.52,39.52,43.52
2024,11,3009,RB,PIT,0.0,0.5,1.0
2024,11,3038,WR,BAL,0.0,0.0,0.0
2024,11,3070,RB,TEN,2.9,3.9,4.9
2024,11,3078,WR,CLE,-0.7,-0.7,-0.7
2024,11,3081,WR,MIA,12.1,15.6,19.1
2024,11,3096,WR,TEN,0.0,0.0,0.0
2024,11,3116,WR,LV,3.5,5.0,6.5
2024,11,3139,TE,NE,6.3,9.3,12.3
2024,11,3159,QB,PIT,6.3,6.3,6.3
2024,11,3161,TE,DET,6.5,7.0,7.5
2024,11,3166,TE,DAL,4.2,6.2,8.2
2024,11,3189,RB,SF,10.6,12.6,14.6
2024,11,3222,RB,CIN,0.0,0.0,0.0
2024,11,3232,TE,NE,0.0,0.0,0.0
2024,11,3247,WR,SEA,11.8,16.8,21.8
2024,11,3251,RB,NYJ,0.0,0.0,0.0
2024,11,3253,WR,MIA,3.7,4.7,5.7
2024,11,3259,TE,JAX,2.8,5.3,7.8
2024,11,3263,RB,DAL,2.4,3.9,5.4
2024,11,3267,WR,HOU,1.3,2.3,3.3
2024,11,3289,WR,DET,27.7,33.2,38.7
2024,11,3307,RB,NE,2.0,2.5,3.0
2024,11,3339,RB,HOU,0.2,0.2,0.2
2024,11,3365,WR,DAL,0.0,0.0,0.0
2024,11,3420,WR,JAX,0.3,0.8,1.3
2024,11,3428,TE,CIN,0.5,1.0,1.5
2024,11,3435,WR,PIT,0.4,0.9,1.4
2024,11,3442,QB,GB,20.24,20.24,20.24
2024,11,3443,WR,TEN,3.4,4.4,5.4
2024,11,3459,RB,TEN,0.8,1.8,2.8
2024,11,3473,WR,ATL,2.2,3.2,4.2
2024,11,3512,RB,LAC,0.0,0.0,0.0
2024,11,3541,QB,ATL,4.92,4.92,4.92
2024,11,3550,TE,DAL,1.1,1.6,2.1
2024,11,3572,TE,WAS,10.7,13.7,16.7
2024,11,3579,WR,MIN,1.3,1.8,2.3
2024,11,3593,TE,BAL,7.5,9.5,11.5
2024,11,3594,QB,KC,15.84,15.84,15.84
2024,11,3606,WR,BAL,3.0,4.0,5.0
2024,11,3614,RB,ATL,1.5,1.5,1.5
2024,11,3620,TE,PHI,0.0,0.0,0.0
2024,11,3630,WR,WAS,0.4,0.9,1.4
2024,11,3648,WR,DAL,2.1,3.1,4.1
2024,11,3651,QB,LAC,26.38,26.38,26.38
2024,11,3659,WR,NE,13.0,15.5,18.0
2024,11,3704,WR,CLE,1.1,1.6,2.1
2024,11,3735,RB,HOU,33.3,34.3,35.3
2024,11,3790,WR,GB,1.7,2.2,2.7
2024,11,3802,TE,JAX,0.6,1.1,1.6
2024,11,3812,QB,CLE,0.0,0.0,0.0
2024,11,3814,WR,NE,0.0,0.0,0.0
2024,11,3843,WR,GB,15.0,17.0,19.0
2024,11,3861,WR,MIN,1.6,2.1,2.6
2024,11,3862,RB,CIN,14.3,16.8,19.3
2024,11,3870,WR,BAL,0.8,1.3,1.8
2024,11,3874,WR,LV,4.8,6.8,8.8
2024,11,3890,TE,NE,3.5,5.5,7.5
2024,11,3892,WR,MIN,8.1,11.1,14.1
2024,11,3934,WR,SF,0.0,0.0,0.0
2024,11,3939,TE,MIA,0.3,0.8,1.3
2024,11,3945,WR,LAC,10.8,11.8,12.8
2024,11,4004,TE,IND,0.4,0.9,1.4
2024,11,4024,WR,PIT,0.0,0.0,0.0
2024,11,4053,WR,ATL,4.6,7.6,10.6
2024,11,4089,TE,SF,0.0,0.0,0.0
2024,11,4094,TE,PIT,4.2,5.2,6.2
2024,11,4099,RB,CHI,10.1,10.6,11.1
2024,11,4103,RB,PHI,0.0,0.0,0.0
2024,11,4152,RB,GB,1.7,1.7,1.7
2024,11,4158,QB,HOU,10.88,10.88,10.88
2024,11,4164,WR,IND,7.4,8.9,10.4
2024,11,4181,WR,HOU,5.8,7.8,9.8
2024,11,4192,TE,KC,0.8,1.8,2.8
2024,11,4195,RB,NO,0.3,0.3,0.3
2024,11,4210,RB,ATL,0.0,0.0,0.0
2024,11,4216,TE,DEN,0.0,0.0,0.0
2024,11,4237,RB,MIA,16.5,18.5,20.5
2024,11,4247,TE,TEN,1.9,2.9,3.9
2024,11,4255,WR,NO,14.7,15.7,16.7
2024,11,4271,QB,JAX,4.22,4.22,4.22
2024,11,4273,RB,DAL,1.7,2.2,2.7
2024,11,4283,RB,DEN,0.0,0.5,1.0
2024,11,4305,WR,PHI,0.8,1.3,1.8
2024,11,4335,WR,KC,2.6,3.6,4.6
2024,11,4338,WR,NE,0.0,0.0,0.0
2024,11,4354,TE,CIN,1.3,2.3,3.3
2024,11,4368,TE,NO,9.0,10.5,12.0
2024,11,4371,WR,CIN,0.8,1.3,1.8
2024,11,4379,WR,SEA,7.0,10.5,14.0
2024,11,4388,TE,WAS,1.7,2.7,3.7
2024,11,4422,TE,HOU,1.5,2.5,3.5
2024,11,4447,WR,WAS,0.4,0.9,1.4
2024,11,4449,WR,SEA,0.0,0.0,0.0
2024,11,4474,WR,CIN,20.8,25.3,29.8
2024,11,4484,WR,KC,2.1,3.1,4.1
2024,11,4485,TE,PHI,6.1,8.6,11.1
2024,11,4493,WR,HOU,5.4,7.4,9.4
2024,11,4542,WR,DAL,14.6,16.1,17.6
2024,11,4561,QB,SF,18.36,18.36,18.36
2024,11,4570,TE,NYJ,7.1,7.6,8.1
2024,11,4589,RB,PIT,6.8,8.8,10.8
2024,11,4602,RB,BUF,1.8,1.8,1.8
2024,11,4605,RB,KC,6.0,6.0,6.0
2024,11,4614,RB,GB,19.4,21.4,23.4
2024,11,4617,RB,SEA,0.5,1.5,2.5
2024,11,4638,RB,SEA,0.0,0.0,0.0
2024,11,4642,RB,DEN,2.5,4.0,5.5
2024,12,17,WR,DEN,3.1,4.1,5.1
2024,12,30,RB,SF,1.4,1.9,2.4
2024,12,51,TE,LV,3.8,5.8,7.8
2024,12,69,QB,CLE,13.46,13.46,13.46
2024,12,93,WR,SEA,2.0,3.0,4.0
2024,12,105,WR,SF,0.0,0.0,0.0
2024,12,137,WR,LA,7.5,8.5,9.5
2024,12,142,WR,DET,0.0,0.0,0.0
2024,12,150,WR,CAR,1.3,2.8,4.3
2024,12,155,TE,MIN,0.7,1.2,1.7
2024,12,164,RB,MIN,18.9,20.4,21.9
2024,12,175,WR,MIA,0.0,0.0,0.0
2024,12,184,TE,SF,0.0,0.0,0.0
2024,12,187,RB,KC,2.4,3.4,4.4
2024,12,191,QB,DAL,17.98,17.98,17.98
2024,12,193,TE,SEA,1.9,2.9,3.9
2024,12,202,TE,MIA,14.7,19.2,23.7
2024,12,218,WR,KC,0.6,1.1,1.6
2024,12,224,RB,LAC,7.1,7.1,7.1
2024,12,230,TE,LAC,4.7,6.7,8.7
2024,12,240,WR,MIA,0.0,0.0,0.0
2024,12,244,RB,WAS,2.2,2.2,2.2
2024,12,258,RB,HOU,0.0,0.0,0.0
2024,12,260,TE,HOU,2.0,3.0,4.0
2024,12,265,TE,CLE,3.8,5.3,6.8
2024,12,270,WR,DEN,21.7,25.7,29.7
2024,12,293,WR,DET,5.5,7.5,9.5
2024,12,303,WR,DAL,6.8,11.8,16.8
2024,12,306,QB,DET,10.76,10.76,10.76
2024,12,313,RB,PHI,42.2,44.2,46.2
2024,12,315,RB,CLE,18.0,18.5,19.0
2024,12,324,TE,BAL,10.6,13.1,15.6
2024,12,325,WR,CHI,17.9,21.4,24.9
2024,12,327,QB,TB,20.66,20.66,20.66
2024,12,334,WR,IND,0.0,0.0,0.0
2024,12,337,RB,TB,21.2,24.2,27.2
2024,12,370,QB,ARI,10.3,10.3,10.3
2024,12,373,WR,CLE,8.5,11.5,14.5
2024,12,374,WR,WAS,0.8,1.3,1.8
2024,12,394,QB,LV,11.7,11.7,11.7
2024,12,428,RB,MIA,0.2,0.7,1.2
2024,12,443,RB,CHI,0.0,0.0,0.0
2024,12,445,WR,ARI,0.5,1.0,1.5
2024,12,447,RB,DET,0.6,0.6,0.6
2024,12,468,WR,PHI,16.9,19.9,22.9
2024,12,473,WR,WAS,16.2,18.7,21.2
2024,12,480,WR,SF,2.1,2.6,3.1
2024,12,482,RB,DET,13.3,14.8,16.3
2024,12,490,WR,SEA,0.0,0.0,0.0
2024,12,499,WR,KC,9.5,12.0,14.5
2024,12,506,QB,BAL,22.58,22.58,22.58
2024,12,529,TE,WAS,0.0,0.0,0.0
2024,12,535,RB,LAC,5.9,7.4,8.9
2024,12,536,RB,DAL,9.8,11.3,12.8
2024,12,547,RB,IND,3.5,3.5,3.5
2024,12,557,TE,LA,1.0,1.5,2.0
2024,12,560,RB,BAL,14.0,14.0,14.0
2024,12,561,WR,IND,9.6,12.6,15.6
2024,12,567,TE,CHI,6.4,9.9,13.4
2024,12,613,TE,CLE,0.9,1.4,1.9
2024,12,625,QB,PHI,15.06,15.06,15.06
2024,12,650,RB,ARI,0.0,0.0,0.0
2024,12,651,RB,MIN,2.5,3.0,3.5
2024,12,653,WR,LAC,2.0,3.0,4.0
2024,12,666,RB,MIN,0.0,0.0,0.0
2024,12,699,WR,NYG,0.0,0.0,0.0
2024,12,748,WR,LA,3.0,4.5,6.0
2024,12,751,RB,NE,1.3,1.3,1.3
2024,12,767,RB,PIT,5.4,6.4,7.4
2024,12,785,RB,PHI,8.2,8.2,8.2
2024,12,786,TE,PIT,5.9,7.9,9.9
2024,12,807,RB,DEN,0.4,1.4,2.4
2024,12,813,WR,CLE,2.1,3.6,5.1
2024,12,822,WR,LAC,3.8,5.3,6.8
2024,12,824,QB,PIT,2.6,2.6,2.6
2024,12,843,RB,IND,0.0,0.0,0.0
2024,12,855,WR,PHI,0.0,0.0,0.0
2024,12,885,WR,PIT,4.8,6.8,8.8
2024,12,902,WR,MIN,6.5,7.0,7.5
2024,12,913,RB,MIN,0.0,0.0,0.0
2024,12,914,RB,PIT,0.0,0.0,0.0
2024,12,920,TE,IND,0.0,0.0,0.0
2024,12,958,RB,CAR,0.0,0.0,0.0
2024,12,967,RB,LV,3.3,3.3,3.3
2024,12,999,WR,HOU,0.6,1.1,1.6
2024,12,1004,RB,TEN,0.5,1.0,1.5
2024,12,1016,RB,LAC,0.3,0.3,0.3
2024,12,1024,TE,LAC,0.7,1.2,1.7
2024,12,1028,QB,NYG,0.12,0.12,0.12
2024,12,1032,RB,WAS,2.4,2.9,3.4
2024,12,1061,WR,PIT,13.8,15.3,16.8
2024,12,1063,RB,LA,13.2,13.2,13.2
2024,12,1079,TE,NYG,0.0,0.0,0.0
2024,12,1094,TE,BAL,0.6,1.1,1.6
2024,12,1095,RB,SEA,9.3,11.3,13.3
2024,12,1097,RB,CLE,2.7,3.2,3.7
2024,12,1111,WR,LA,0.0,0.0,0.0
2024,12,1121,WR,KC,5.1,7.1,9.1
2024,12,1144,WR,GB,7.5,8.5,9.5
2024,12,1145,QB,NYG,10.76,10.76,10.76
2024,12,1179,TE,DAL,11.5,13.0,14.5
2024,12,1186,TE,TEN,0.0,0.0,0.0
2024,12,1205,WR,ARI,5.4,6.4,7.4
2024,12,1214,WR,NE,6.3,8.8,11.3
2024,12,1221,WR,NE,0.6,1.1,1.6
2024,12,1224,WR,DAL,4.1,4.6,5.1
2024,12,1234,WR,HOU,0.0,0.0,0.0
2024,12,1242,RB,ARI,1.4,1.4,1.4
2024,12,1245,TE,MIA,0.8,1.3,1.8
2024,12,1264,WR,SEA,0.8,1.3,1.8
2024,12,1270,RB,DAL,1.0,1.5,2.0
2024,12,1273,RB,DEN,4.4,4.4,4.4
2024,12,1274,WR,TB,3.0,3.5,4.0
2024,12,1282,TE,DEN,0.0,0.0,0.0
2024,12,1335,WR,DEN,4.2,5.7,7.2
2024,12,1342,WR,IND,2.7,4.2,5.7
2024,12,1344,WR,MIN,22.2,26.2,30.2
2024,12,1347,WR,TB,1.8,2.3,2.8
2024,12,1352,TE,ARI,0.5,1.0,1.5
2024,12,1354,TE,GB,8.6,9.6,10.6
2024,12,1369,TE,LA,0.0,0.0,0.0
2024,12,1370,WR,LA,11.7,16.2,20.7
2024,12,1381,WR,BAL,6.2,8.7,11.2
2024,12,1382,TE,LV,1.1,2.1,3.1
2024,12,1395,QB,TEN,18.12,18.12,18.12
2024,12,1417,TE,CAR,0.0,0.0,0.0
2024,12,1439,RB,LV,12.5,15.0,17.5
2024,12,1459,WR,CAR,5.6,7.6,9.6
2024,12,1460,RB,KC,1.3,1.8,2.3
2024,12,1464,WR,WAS,0.8,1.3,1.8
2024,12,1472,RB,SF,0.0,0.0,0.0
2024,12,1483,RB,NYG,7.0,9.0,11.0
2024,12,1513,WR,DEN,8.0,11.0,14.0
2024,12,1516,RB,BAL,12.2,13.2,14.2
2024,12,1625,WR,TEN,0.0,0.0,0.0
2024,12,1649,TE,ARI,0.0,0.0,0.0
2024,12,1663,RB,LA,0.5,0.5,0.5
2024,12,1666,QB,DEN,19.42,19.42,19.42
2024,12,1672,WR,LA,0.0,0.0,0.0
2024,12,1699,TE,SEA,1.9,3.4,4.9
2024,12,1708,WR,SF,4.0,6.5,9.0
2024,12,1726,WR,ARI,4.7,6.2,7.7
2024,12,1728,RB,MIA,2.8,2.8,2.8
2024,12,1730,QB,NE,13.48,13.48,13.48
2024,12,1742,WR,IND,1.0,1.5,2.0
2024,12,1760,QB,CHI,24.9,24.9,24.9
2024,12,1761,QB,WAS,28.4,28.4,28.4
2024,12,1763,RB,ARI,1.8,1.8,1.8
2024,12,1796,RB,NE,1.5,2.5,3.5
2024,12,1813,TE,KC,18.6,20.6,22.6
2024,12,1833,WR,MIA,0.3,0.8,1.3
2024,12,1873,WR,LAC,0.4,1.4,2.4
2024,12,1915,QB,DAL,-0.3,-0.3,-0.3
2024,12,1934,RB,TB,10.7,11.2,11.7
2024,12,1945,TE,CLE,2.9,3.4,3.9
2024,12,2060,QB,MIN,21.1,21.1,21.1
2024,12,2195,TE,TB,2.6,3.1,3.6
2024,12,2227,RB,DET,21.9,23.4,24.9
2024,12,2244,QB,IND,12.98,12.98,12.98
2024,12,2279,WR,NYG,6.4,9.4,12.4
2024,12,2282,WR,TEN,9.3,11.8,14.3
2024,12,2290,WR,GB,2.6,4.1,5.6
2024,12,2459,WR,PHI,0.0,0.0,0.0
2024,12,2515,RB,GB,2.6,3.1,3.6
2024,12,2533,WR,LV,0.5,1.5,2.5
2024,12,2534,QB,LA,19.22,19.22,19.22
2024,12,2575,TE,MIN,11.4,14.9,18.4
2024,12,2606,RB,CHI,6.5,8.0,9.5
2024,12,2608,QB,SEA,12.36,12.36,12.36
2024,12,2613,QB,MIA,28.48,28.48,28.48
2024,12,2614,RB,NYG,7.0,8.0,9.0
2024,12,2634,WR,LAC,8.3,11.3,14.3
2024,12,2677,WR,CHI,3.9,6.4,8.9
2024,12,2700,WR,TEN,10.8,11.8,12.8
2024,12,2756,WR,DET,6.8,9.3,11.8
2024,12,2757,WR,CLE,2.8,3.8,4.8
2024,12,2772,WR,GB,2.5,3.0,3.5
2024,12,2795,TE,SF,14.2,17.2,20.2
2024,12,2803,RB,BAL,0.0,0.0,0.0
2024,12,2807,WR,CHI,14.6,19.1,23.6
2024,12,2808,TE,TEN,0.0,0.0,0.0
2024,12,2821,RB,SF,1.3,1.8,2.3
2024,12,2843,TE,CAR,0.5,1.0,1.5
2024,12,2849,TE,NYG,3.9,5.4,6.9
2024,12,2866,RB,WAS,2.4,3.4,4.4
2024,12,2893,WR,DEN,0.4,1.4,2.4
2024,12,2929,WR,LA,12.0,16.0,20.0
2024,12,2978,WR,CHI,0.0,0.0,0.0
2024,12,3009,RB,PIT,-0.2,-0.2,-0.2
2024,12,3038,WR,BAL,0.0,0.0,0.0
2024,12,3056,RB,LV,0.0,0.0,0.0
2024,12,3070,RB,TEN,18.9,20.4,21.9
2024,12,3081,WR,MIA,4.8,7.3,9.8
2024,12,3082,WR,TB,6.8,9.3,11.8
2024,12,3096,WR,TEN,0.0,0.0,0.0
2024,12,3116,WR,LV,8.2,11.7,15.2
2024,12,3127,TE,TB,3.0,3.5,4.0
2024,12,3133,TE,ARI,13.3,19.3,25.3
2024,12,3139,TE,NE,4.4,6.9,9.4
2024,12,3159,QB,PIT,15.8,15.8,15.8
2024,12,3161,TE,DET,2.4,3.4,4.4
2024,12,3166,TE,DAL,2.4,3.4,4.4
2024,12,3189,RB,SF,6.8,8.3,9.8
2024,12,3247,WR,SEA,13.7,16.7,19.7
2024,12,3253,WR,MIA,20.4,24.4,28.4
2024,12,3263,RB,DAL,0.6,0.6,0.6
2024,12,3267,WR,HOU,0.8,1.3,1.8
2024,12,3289,WR,DET,6.2,9.2,12.2
2024,12,3307,RB,NE,4.5,5.0,5.5
2024,12,3339,RB,HOU,0.0,0.0,0.0
2024,12,3365,WR,DAL,0.8,1.3,1.8
2024,12,3435,WR,PIT,0.0,0.0,0.0
2024,12,3442,QB,GB,14.72,14.72,14.72
2024,12,3443,WR,TEN,5.5,8.5,11.5
2024,12,3505,QB,LV,2.86,2.86,2.86
2024,12,3507,TE,GB,0.2,0.7,1.2
2024,12,3512,RB,LAC,0.0,0.0,0.0
2024,12,3517,WR,CHI,0.0,0.0,0.0
2024,12,3562,RB,CAR,0.7,0.7,0.7
2024,12,3572,TE,WAS,9.8,12.8,15.8
2024,12,3579,WR,MIN,0.0,0.0,0.0
2024,12,3594,QB,KC,28.76,28.76,28.76
2024,12,3606,WR,BAL,10.3,11.3,12.3
2024,12,3620,TE,PHI,0.0,0.0,0.0
2024,12,3630,WR,WAS,3.6,4.6,5.6
2024,12,3632,RB,NYG,0.6,1.6,2.6
2024,12,3648,WR,DAL,8.2,9.2,10.2
2024,12,3651,QB,LAC,17.62,17.62,17.62
2024,12,3659,WR,NE,3.0,4.5,6.0
2024,12,3672,TE,DET,1.9,3.4,4.9
2024,12,3701,QB,SF,10.46,10.46,10.46
2024,12,3735,RB,HOU,4.5,7.0,9.5
2024,12,3782,WR,TB,1.1,1.6,2.1
2024,12,3785,WR,CAR,14.1,17.1,20.1
2024,12,3790,WR,GB,5.4,6.9,8.4
2024,12,3796,WR,SEA,0.0,0.0,0.0
2024,12,3808,RB,ARI,4.9,7.4,9.9
2024,12,3814,WR,NE,0.0,0.0,0.0
2024,12,3843,WR,GB,0.4,0.4,0.4
2024,12,3861,WR,MIN,0.0,0.0,0.0
2024,12,3863,WR,GB,0.5,0.5,0.5
2024,12,3870,WR,BAL,1.5,2.0,2.5
2024,12,3874,WR,LV,12.1,17.1,22.1
2024,12,3890,TE,NE,11.9,13.9,15.9
2024,12,3892,WR,MIN,2.7,3.7,4.7
2024,12,3917,WR,LA,1.1,1.6,2.1
2024,12,3925,TE,CAR,4.9,6.4,7.9
2024,12,3934,WR,SF,0.0,0.0,0.0
2024,12,3939,TE,MIA,0.8,1.3,1.8
2024,12,3945,WR,LAC,0.0,0.0,0.0
2024,12,3965,QB,CAR,16.52,16.52,16.52
2024,12,4004,TE,IND,0.0,0.0,0.0
2024,12,4017,WR,TB,1.4,1.9,2.4
2024,12,4021,WR,NYG,4.7,7.2,9.7
2024,12,4024,WR,PIT,3.9,4.9,5.9
2024,12,4048,RB,CAR,12.0,12.5,13.0
2024,12,4060,WR,TB,1.6,4.1,6.6
2024,12,4092,QB,PHI,-0.2,-0.2,-0.2
2024,12,4094,TE,PIT,1.4,2.9,4.4
2024,12,4099,RB,CHI,7.2,7.7,8.2
2024,12,4152,RB,GB,4.1,4.1,4.1
2024,12,4158,QB,HOU,15.68,15.68,15.68
2024,12,4164,WR,IND,3.9,4.4,4.9
2024,12,4181,WR,HOU,7.2,8.7,10.2
2024,12,4192,TE,KC,6.2,9.2,12.2
2024,12,4196,WR,NYG,0.0,0.0,0.0
2024,12,4204,QB,MIN,0.56,0.56,0.56
2024,12,4216,TE,DEN,0.3,0.8,1.3
2024,12,4237,RB,MIA,17.6,19.1,20.6
2024,12,4247,TE,TEN,13.0,13.5,14.0
2024,12,4283,RB,DEN,1.1,1.6,2.1
2024,12,4305,WR,PHI,0.4,0.9,1.4
2024,12,4335,WR,KC,1.5,2.0,2.5
2024,12,4338,WR,NE,0.7,1.2,1.7
2024,12,4379,WR,SEA,5.9,7.9,9.9
2024,12,4388,TE,WAS,1.3,1.8,2.3
2024,12,4422,TE,HOU,8.6,10.1,11.6
2024,12,4447,WR,WAS,7.1,10.1,13.1
2024,12,4449,WR,SEA,0.0,0.0,0.0
2024,12,4484,WR,KC,1.5,1.5,1.5
2024,12,4485,TE,PHI,1.9,3.9,5.9
2024,12,4490,RB,TB,7.0,7.5,8.0
2024,12,4493,WR,HOU,15.2,17.7,20.2
2024,12,4529,WR,CAR,5.7,7.2,8.7
2024,12,4542,WR,DAL,0.8,1.3,1.8
2024,12,4589,RB,PIT,12.4,13.9,15.4
2024,12,4605,RB,KC,8.7,10.2,11.7
2024,12,4614,RB,GB,28.6,28.6,28.6
2024,12,4617,RB,SEA,2.2,2.2,2.2
2024,12,4638,RB,SEA,0.0,0.0,0.0
2024,12,4642,RB,DEN,1.5,1.5,1.5
2024,13,17,WR,DEN,2.8,3.8,4.8
2024,13,28,QB,NYJ,14.0,14.0,14.0
2024,13,30,RB,SF,-0.1,-0.1,-0.1
2024,13,51,TE,LV,20.2,25.2,30.2
2024,13,64,WR,BAL,0.0,0.0,0.0
2024,13,66,WR,NYJ,12.6,15.1,17.6
2024,13,67,WR,BUF,1.2,2.7,4.2
2024,13,69,QB,CLE,30.98,30.98,30.98
2024,13,93,WR,SEA,1.6,3.1,4.6
2024,13,105,WR,SF,0.0,0.0,0.0
2024,13,137,WR,LA,10.9,11.9,12.9
2024,13,155,TE,MIN,8.2,9.2,10.2
2024,13,164,RB,MIN,8.8,10.3,11.8
2024,13,166,WR,BUF,0.7,0.7,0.7
2024,13,175,WR,MIA,0.9,1.4,1.9
2024,13,187,RB,KC,1.5,2.0,2.5
2024,13,191,QB,DAL,11.8,11.8,11.8
2024,13,193,TE,SEA,0.0,0.0,0.0
2024,13,202,TE,MIA,11.3,16.3,21.3
2024,13,203,RB,NO,11.9,13.9,15.9
2024,13,216,TE,NYJ,3.2,5.2,7.2
2024,13,217,RB,ATL,19.5,22.5,25.5
2024,13,218,WR,KC,1.0,1.5,2.0
2024,13,224,RB,LAC,3.3,3.8,4.3
2024,13,230,TE,LAC,0.0,0.0,0.0
2024,13,243,WR,JAX,16.3,19.3,22.3
2024,13,244,RB,WAS,3.2,3.2,3.2
2024,13,260,TE,HOU,12.1,14.6,17.1
2024,13,265,TE,CLE,0.0,0.0,0.0
2024,13,270,WR,DEN,10.2,13.2,16.2
2024,13,272,WR,NO,1.9,2.4,2.9
2024,13,293,WR,DET,4.8,5.8,6.8
2024,13,303,WR,DAL,3.9,4.9,5.9
2024,13,306,QB,DET,16.94,16.94,16.94
2024,13,313,RB,PHI,17.7,18.7,19.7
2024,13,315,RB,CLE,10.5,11.5,12.5
2024,13,324,TE,BAL,12.9,15.9,18.9
2024,13,325,WR,CHI,15.7,19.7,23.7
2024,13,327,QB,TB,10.2,10.2,10.2
2024,13,337,RB,TB,24.5,26.0,27.5
2024,13,370,QB,ARI,15.2,15.2,15.2
2024,13,373,WR,CLE,29.5,34.0,38.5
2024,13,374,WR,WAS,1.4,2.9,4.4
2024,13,377,WR,SF,0.0,0.0,0.0
2024,13,427,QB,NO,12.56,12.56,12.56
2024,13,428,RB,MIA,3.4,4.4,5.4
2024,13,429,WR,NO,0.5,1.0,1.5
2024,13,440,TE,SEA,2.6,4.1,5.6
2024,13,445,WR,ARI,0.7,1.7,2.7
2024,13,468,WR,PHI,6.6,9.1,11.6
2024,13,471,WR,ATL,8.3,12.8,17.3
2024,13,473,WR,WAS,19.3,23.3,27.3
2024,13,480,WR,SF,2.0,4.0,6.0
2024,13,482,RB,DET,12.4,13.9,15.4
2024,13,487,TE,BUF,5.6,6.6,7.6
2024,13,499,WR,KC,9.0,11.0,13.0
2024,13,506,QB,BAL,25.38,25.38,25.38
2024,13,525,WR,BUF,6.7,7.2,7.7
2024,13,529,TE,WAS,0.3,0.8,1.3
2024,13,536,RB,DAL,18.3,19.8,21.3
2024,13,547,RB,IND,16.3,16.8,17.3
2024,13,557,TE,LA,1.3,1.8,2.3
2024,13,560,RB,BAL,11.1,12.6,14.1
2024,13,561,WR,IND,4.2,6.7,9.2
2024,13,567,TE,CHI,2.6,4.1,5.6
2024,13,571,WR,SEA,0.0,0.0,0.0
2024,13,600,WR,ATL,2.0,3.5,5.0
2024,13,613,TE,CLE,17.2,21.7,26.2
2024,13,625,QB,PHI,17.62,17.62,17.62
2024,13,651,RB,MIN,2.2,2.2,2.2
2024,13,663,WR,JAX,0.0,0.0,0.0
2024,13,669,TE,BUF,1.4,1.9,2.4
2024,13,699,WR,NYG,0.0,0.0,0.0
2024,13,701,TE,BUF,0.0,0.0,0.0
2024,13,748,WR,LA,3.9,4.9,5.9
2024,13,751,RB,NE,9.4,10.9,12.4
2024,13,767,RB,PIT,18.9,21.9,24.9
2024,13,769,TE,JAX,0.0,0.0,0.0
2024,13,785,RB,PHI,0.0,0.0,0.0
2024,13,786,TE,PIT,12.8,15.8,18.8
2024,13,800,WR,LV,0.0,0.0,0.0
2024,13,807,RB,DEN,6.4,6.9,7.4
2024,13,810,RB,JAX,5.8,7.3,8.8
2024,13,813,WR,CLE,11.2,15.2,19.2
2024,13,818,RB,IND,0.0,0.0,0.0
2024,13,822,WR,LAC,1.1,1.6,2.1
2024,13,824,QB,PIT,0.7,0.7,0.7
2024,13,843,RB,IND,0.0,0.0,0.0
2024,13,855,WR,PHI,0.0,0.0,0.0
2024,13,867,WR,NYJ,0.0,0.0,0.0
2024,13,869,QB,BUF,28.42,28.42,28.42
2024,13,880,RB,KC,4.9,5.4,5.9
2024,13,885,WR,PIT,13.4,14.9,16.4
2024,13,889,WR,NO,4.0,5.5,7.0
2024,13,902,WR,MIN,1.8,2.3,2.8
2024,13,913,RB,MIN,0.2,0.2,0.2
2024,13,917,RB,ATL,2.2,2.7,3.2
2024,13,920,TE,IND,2.2,2.7,3.2
2024,13,928,WR,CLE,4.3,5.8,7.3
2024,13,958,RB,CAR,0.0,0.0,0.0
2024,13,967,RB,LV,6.5,7.5,8.5
2024,13,972,TE,DEN,2.4,3.9,5.4
2024,13,986,TE,LAC,0.3,0.8,1.3
2024,13,999,WR,HOU,1.6,2.6,3.6
2024,13,1004,RB,TEN,0.0,0.0,0.0
2024,13,1014,TE,IND,1.5,2.5,3.5
2024,13,1016,RB,LAC,0.0,0.0,0.0
2024,13,1024,TE,LAC,0.1,0.6,1.1
2024,13,1028,QB,NYG,16.82,16.82,16.82
2024,13,1032,RB,WAS,16.9,17.4,17.9
2024,13,1061,WR,PIT,8.9,9.9,10.9
2024,13,1063,RB,LA,17.3,17.8,18.3
2024,13,1068,TE,NYJ,0.3,0.8,1.3
2024,13,1076,RB,CLE,0.0,0.0,0.0
2024,13,1079,TE,NYG,0.0,0.0,0.0
2024,13,1095,RB,SEA,4.6,5.6,6.6
2024,13,1097,RB,CLE,6.2,6.7,7.2
2024,13,1107,RB,NYJ,6.0,6.0,6.0
2024,13,1110,RB,BUF,18.0,18.5,19.0
2024,13,1111,WR,LA,0.0,0.0,0.0
2024,13,1121,WR,KC,5.4,7.9,10.4
2024,13,1141,TE,IND,0.7,1.2,1.7
2024,13,1151,WR,NYJ,-0.1,0.4,0.9
2024,13,1179,TE,DAL,3.3,5.8,8.3
2024,13,1186,TE,TEN,0.3,0.8,1.3
2024,13,1198,RB,JAX,3.5,4.0,4.5
2024,13,1205,WR,ARI,5.5,8.0,10.5
2024,13,1214,WR,NE,2.0,4.0,6.0
2024,13,1218,RB,WAS,15.4,15.4,15.4
2024,13,1221,WR,NE,4.1,5.6,7.1
2024,13,1224,WR,DAL,0.0,0.5,1.0
2024,13,1242,RB,ARI,1.5,2.0,2.5
2024,13,1245,TE,MIA,0.5,1.0,1.5
2024,13,1264,WR,SEA,0.0,0.0,0.0
2024,13,1270,RB,DAL,0.4,0.4,0.4
2024,13,1273,RB,DEN,8.4,8.9,9.4
2024,13,1274,WR,TB,0.0,0.0,0.0
2024,13,1282,TE,DEN,1.6,2.1,2.6
2024,13,1311,QB,CIN,23.26,23.26,23.26
2024,13,1335,WR,DEN,16.9,18.4,19.9
2024,13,1344,WR,MIN,5.4,7.4,9.4
2024,13,1347,WR,TB,0.0,0.0,0.0
2024,13,1352,TE,ARI,2.3,3.3,4.3
2024,13,1354,TE,GB,7.8,10.8,13.8
2024,13,1370,WR,LA,12.3,14.8,17.3
2024,13,1381,WR,BAL,7.1,8.6,10.1
2024,13,1382,TE,LV,0.5,1.0,1.5
2024,13,1395,QB,TEN,16.18,16.18,16.18
2024,13,1417,TE,CAR,0.0,0.0,0.0
2024,13,1439,RB,LV,5.3,6.3,7.3
2024,13,1459,WR,CAR,5.3,7.3,9.3
2024,13,1460,RB,KC,0.0,0.0,0.0
2024,13,1464,WR,WAS,1.3,2.3,3.3
2024,13,1472,RB,SF,7.6,8.1,8.6
2024,13,1483,RB,NYG,12.5,13.5,14.5
2024,13,1513,WR,DEN,1.6,2.1,2.6
2024,13,1516,RB,BAL,2.1,4.1,6.1
2024,13,1613,WR,CIN,9.5,11.0,12.5
2024,13,1625,WR,TEN,0.0,0.0,0.0
2024,13,1649,TE,ARI,0.9,1.4,1.9
2024,13,1663,RB,LA,4.2,4.2,4.2
2024,13,1666,QB,DEN,12.16,12.16,12.16
2024,13,1672,WR,LA,0.0,0.0,0.0
2024,13,1699,TE,SEA,7.4,8.4,9.4
2024,13,1708,WR,SF,5.6,7.1,8.6
2024,13,1710,WR,IND,0.0,0.0,0.0
2024,13,1726,WR,ARI,12.0,14.5,17.0
2024,13,1730,QB,NE,17.42,17.42,17.42
2024,13,1742,WR,IND,0.0,0.0,0.0
2024,13,1749,WR,JAX,14.7,16.7,18.7
2024,13,1760,QB,CHI,26.14,26.14,26.14
2024,13,1761,QB,WAS,27.64,27.64,27.64
2024,13,1763,RB,ARI,2.0,2.0,2.0
2024,13,1768,RB,BUF,12.7,13.2,13.7
2024,13,1813,TE,KC,5.8,7.8,9.8
2024,13,1833,WR,MIA,0.8,1.8,2.8
2024,13,1873,WR,LAC,0.6,1.1,1.6
2024,13,1905,QB,LV,21.6,21.6,21.6
2024,13,1934,RB,TB,7.8,8.3,8.8
2024,13,1945,TE,CLE,0.0,0.0,0.0
2024,13,1970,TE,ATL,0.0,0.0,0.0
2024,13,2028,WR,BUF,3.0,5.0,7.0
2024,13,2060,QB,MIN,19.6,19.6,19.6
2024,13,2221,WR,NYJ,0.8,0.8,0.8
2024,13,2227,RB,DET,10.4,11.4,12.4
2024,13,2244,QB,IND,19.16,19.16,19.16
2024,13,2279,WR,NYG,7.3,11.3,15.3
2024,13,2282,WR,TEN,4.5,5.5,6.5
2024,13,2284,TE,NO,0.6,1.6,2.6
2024,13,2290,WR,GB,16.7,18.2,19.7
2024,13,2515,RB,GB,2.9,3.9,4.9
2024,13,2533,WR,LV,2.5,3.0,3.5
2024,13,2534,QB,LA,15.62,15.62,15.62
2024,13,2557,WR,CLE,0.0,0.0,0.0
2024,13,2575,TE,MIN,2.8,4.3,5.8
2024,13,2606,RB,CHI,7.4,8.4,9.4
2024,13,2608,QB,SEA,12.44,12.44,12.44
2024,13,2613,QB,MIA,23.2,23.2,23.2
2024,13,2614,RB,NYG,2.3,2.3,2.3
2024,13,2634,WR,LAC,11.7,16.2,20.7
2024,13,2677,WR,CHI,2.5,3.5,4.5
2024,13,2700,WR,TEN,18.1,19.6,21.1
2024,13,2724,RB,SEA,0.0,0.0,0.0
2024,13,2730,WR,CIN,14.6,17.6,20.6
2024,13,2756,WR,DET,4.6,7.1,9.6
2024,13,2772,WR,GB,3.0,5.0,7.0
2024,13,2791,TE,CIN,5.3,7.8,10.3
2024,13,2795,TE,SF,0.7,1.2,1.7
2024,13,2807,WR,CHI,19.3,21.8,24.3
2024,13,2808,TE,TEN,0.6,1.1,1.6
2024,13,2812,QB,TB,0.2,0.2,0.2
2024,13,2821,RB,SF,7.8,7.8,7.8
2024,13,2843,TE,CAR,7.7,10.2,12.7
2024,13,2849,TE,NYG,5.4,7.9,10.4
2024,13,2853,RB,NYJ,2.7,3.7,4.7
2024,13,2862,WR,NYJ,4.1,6.6,9.1
2024,13,2929,WR,LA,1.7,3.2,4.7
2024,13,2955,TE,LA,0.0,0.0,0.0
2024,13,2976,WR,JAX,2.3,3.3,4.3
2024,13,2978,WR,CHI,0.0,0.0,0.0
2024,13,3004,TE,NO,4.7,7.2,9.7
2024,13,3009,RB,PIT,5.3,6.8,8.3
2024,13,3015,RB,BUF,0.0,0.0,0.0
2024,13,3056,RB,LV,0.0,0.0,0.0
2024,13,3070,RB,TEN,6.8,8.8,10.8
2024,13,3078,WR,CLE,0.3,0.3,0.3
2024,13,3081,WR,MIA,14.3,17.3,20.3
2024,13,3082,WR,TB,17.8,21.8,25.8
2024,13,3096,WR,TEN,0.0,0.0,0.0
2024,13,3116,WR,LV,12.9,13.4,13.9
2024,13,3121,WR,CAR,0.6,1.1,1.6
2024,13,3127,TE,TB,2.0,4.0,6.0
2024,13,3133,TE,ARI,9.6,15.6,21.6
2024,13,3139,TE,NE,7.5,11.0,14.5
2024,13,3150,TE,CAR,0.0,0.0,0.0
2024,13,3159,QB,PIT,26.86,26.86,26.86
2024,13,3161,TE,DET,1.3,1.8,2.3
2024,13,3166,TE,DAL,0.0,0.0,0.0
2024,13,3189,RB,SF,6.7,7.7,8.7
2024,13,3196,RB,LAC,2.0,2.0,2.0
2024,13,3222,RB,CIN,1.4,1.4,1.4
2024,13,3225,QB,JAX,0.24,0.24,0.24
2024,13,3247,WR,SEA,7.9,9.9,11.9
2024,13,3251,RB,NYJ,9.2,10.7,12.2
2024,13,3253,WR,MIA,5.3,7.3,9.3
2024,13,3259,TE,JAX,4.1,7.6,11.1
2024,13,3262,TE,NYG,0.0,0.0,0.0
2024,13,3263,RB,DAL,0.4,0.4,0.4
2024,13,3267,WR,HOU,0.0,0.0,0.0
2024,13,3289,WR,DET,7.3,9.8,12.3
2024,13,3302,WR,DAL,7.6,9.1,10.6
2024,13,3307,RB,NE,12.2,12.2,12.2
2024,13,3339,RB,HOU,0.1,0.6,1.1
2024,13,3365,WR,DAL,0.2,0.7,1.2
2024,13,3388,RB,NYJ,0.0,0.0,0.0
2024,13,3393,WR,BUF,0.0,0.0,0.0
2024,13,3428,TE,CIN,0.8,1.8,2.8
2024,13,3435,WR,PIT,2.3,2.8,3.3
2024,13,3442,QB,GB,18.96,18.96,18.96
2024,13,3443,WR,TEN,3.7,5.2,6.7
2024,13,3446,RB,MIA,1.5,2.5,3.5
2024,13,3459,RB,TEN,0.3,0.3,0.3
2024,13,3480,RB,BAL,0.0,0.0,0.0
2024,13,3512,RB,LAC,0.2,0.7,1.2
2024,13,3517,WR,CHI,0.0,0.0,0.0
2024,13,3541,QB,ATL,2.1,2.1,2.1
2024,13,3562,RB,CAR,4.1,5.6,7.1
2024,13,3572,TE,WAS,9.5,11.0,12.5
2024,13,3579,WR,MIN,0.8,1.3,1.8
2024,13,3593,TE,BAL,9.8,12.3,14.8
2024,13,3594,QB,KC,16.64,16.64,16.64
2024,13,3604,TE,ATL,0.5,1.0,1.5
2024,13,3615,WR,CIN,0.0,0.0,0.0
2024,13,3630,WR,WAS,3.9,5.9,7.9
2024,13,3632,RB,NYG,0.0,0.0,0.0
2024,13,3648,WR,DAL,4.1,5.1,6.1
2024,13,3651,QB,LAC,5.98,5.98,5.98
2024,13,3659,WR,NE,4.5,6.0,7.5
2024,13,3672,TE,DET,12.6,14.1,15.6
2024,13,3700,WR,DET,0.0,0.0,0.0
2024,13,3704,WR,CLE,1.1,2.1,3.1
2024,13,3735,RB,HOU,17.9,19.9,21.9
2024,13,3782,WR,TB,2.5,3.5,4.5
2024,13,3785,WR,CAR,4.0,6.5,9.0
2024,13,3802,TE,JAX,1.4,1.9,2.4
2024,13,3808,RB,ARI,8.1,9.6,11.1
2024,13,3837,TE,LV,0.0,0.0,0.0
2024,13,3843,WR,GB,6.7,7.7,8.7
2024,13,3862,RB,CIN,16.0,17.5,19.0
2024,13,3870,WR,BAL,1.4,2.4,3.4
2024,13,3874,WR,LV,9.7,12.7,15.7
2024,13,3890,TE,NE,10.2,12.2,14.2
2024,13,3892,WR,MIN,9.9,13.4,16.9
2024,13,3917,WR,LA,0.0,0.0,0.0
2024,13,3934,WR,SF,0.0,0.0,0.0
2024,13,3939,TE,MIA,0.8,1.3,1.8
2024,13,3945,WR,LAC,1.2,2.2,3.2
2024,13,3965,QB,CAR,23.62,23.62,23.62
2024,13,4004,TE,IND,0.0,0.0,0.0
2024,13,4021,WR,NYG,0.6,1.6,2.6
2024,13,4024,WR,PIT,4.3,4.8,5.3
2024,13,4046,WR,NYG,0.8,1.8,2.8
2024,13,4048,RB,CAR,4.3,4.3,4.3
2024,13,4053,WR,ATL,9.3,11.3,13.3
2024,13,4060,WR,TB,4.2,6.2,8.2
2024,13,4094,TE,PIT,1.0,1.5,2.0
2024,13,4099,RB,CHI,0.0,0.0,0.0
2024,13,4103,RB,PHI,0.4,0.4,0.4
2024,13,4152,RB,GB,2.0,2.0,2.0
2024,13,4158,QB,HOU,14.38,14.38,14.38
2024,13,4164,WR,IND,7.6,8.6,9.6
2024,13,4181,WR,HOU,2.3,2.8,3.3
2024,13,4192,TE,KC,6.8,10.3,13.8
2024,13,4196,WR,NYG,0.8,1.8,2.8
2024,13,4201,RB,NO,0.7,1.2,1.7
2024,13,4210,RB,ATL,0.0,0.0,0.0
2024,13,4214,QB,BUF,-0.14,-0.14,-0.14
2024,13,4216,TE,DEN,0.0,0.0,0.0
2024,13,4237,RB,MIA,13.0,17.0,21.0
2024,13,4247,TE,TEN,2.7,4.2,5.7
2024,13,4255,WR,NO,9.6,10.6,11.6
2024,13,4261,WR,NYG,0.0,0.0,0.0
2024,13,4271,QB,JAX,18.0,18.0,18.0
2024,13,4283,RB,DEN,6.1,6.1,6.1
2024,13,4305,WR,PHI,0.7,1.2,1.7
2024,13,4335,WR,KC,6.6,7.1,7.6
2024,13,4338,WR,NE,0.0,0.0,0.0
2024,13,4354,TE,CIN,2.8,4.8,6.8
2024,13,4368,TE,NO,3.6,6.1,8.6
2024,13,4371,WR,CIN,0.0,0.0,0.0
2024,13,4379,WR,SEA,6.6,8.6,10.6
2024,13,4422,TE,HOU,0.4,0.9,1.4
2024,13,4447,WR,WAS,2.7,4.2,5.7
2024,13,4449,WR,SEA,0.0,0.0,0.0
2024,13,4474,WR,CIN,12.9,15.4,17.9
2024,13,4484,WR,KC,0.0,0.0,0.0
2024,13,4485,TE,PHI,9.5,11.0,12.5
2024,13,4490,RB,TB,0.0,0.0,0.0
2024,13,4493,WR,HOU,11.9,15.9,19.9
2024,13,4503,TE,PIT,2.1,3.1,4.1
2024,13,4529,WR,CAR,15.9,19.9,23.9
2024,13,4542,WR,DAL,5.5,7.5,9.5
2024,13,4561,QB,SF,4.16,4.16,4.16
2024,13,4589,RB,PIT,6.4,8.4,10.4
2024,13,4602,RB,BUF,3.7,4.2,4.7
2024,13,4605,RB,KC,1.5,2.5,3.5
2024,13,4614,RB,GB,17.7,19.7,21.7
2024,13,4617,RB,SEA,10.1,11.1,12.1
2024,13,4623,WR,PHI,0.0,0.0,0.0
2024,13,4638,RB,SEA,0.0,0.0,0.0
2024,13,4642,RB,DEN,1.2,1.2,1.2
2024,14,28,QB,NYJ,17.56,17.56,17.56
2024,14,30,RB,SF,0.3,0.8,1.3
2024,14,51,TE,LV,5.2,6.7,8.2
2024,14,66,WR,NYJ,16.9,21.4,25.9
2024,14,67,WR,BUF,9.5,12.5,15.5
2024,14,69,QB,CLE,15.28,15.28,15.28
2024,14,81,QB,LAC,1.2,1.2,1.2
2024,14,93,WR,SEA,0.0,0.0,0.0
2024,14,137,WR,LA,0.0,0.0,0.0
2024,14,150,WR,CAR,0.7,1.2,1.7
2024,14,155,TE,MIN,0.0,0.0,0.0
2024,14,159,WR,ARI,0.0,0.0,0.0
2024,14,164,RB,MIN,14.4,15.4,16.4
2024,14,166,WR,BUF,1.6,2.6,3.6
2024,14,175,WR,MIA,0.1,0.6,1.1
2024,14,184,TE,SF,0.4,0.9,1.4
2024,14,187,RB,KC,1.9,2.4,2.9
2024,14,191,QB,DAL,13.82,13.82,13.82
2024,14,193,TE,SEA,0.6,1.1,1.6
2024,14,202,TE,MIA,10.4,11.9,13.4
2024,14,203,RB,NO,7.9,10.4,12.9
2024,14,216,TE,NYJ,3.3,4.8,6.3
2024,14,217,RB,ATL,16.1,17.1,18.1
2024,14,218,WR,KC,3.1,4.1,5.1
2024,14,224,RB,LAC,9.6,9.6,9.6
2024,14,230,TE,LAC,1.9,2.9,3.9
2024,14,243,WR,JAX,1.5,2.5,3.5
2024,14,265,TE,CLE,1.4,1.9,2.4
2024,14,272,WR,NO,1.8,2.3,2.8
2024,14,293,WR,DET,16.3,19.3,22.3
2024,14,303,WR,DAL,15.4,18.4,21.4
2024,14,305,WR,LAC,0.9,1.4,1.9
2024,14,306,QB,DET,22.02,22.02,22.02
2024,14,313,RB,PHI,12.4,12.4,12.4
2024,14,315,RB,CLE,4.8,4.8,4.8
2024,14,325,WR,CHI,4.9,7.9,10.9
2024,14,327,QB,TB,21.0,21.0,21.0
2024,14,337,RB,TB,1.8,2.3,2.8
2024,14,365,TE,MIN,2.6,3.1,3.6
2024,14,370,QB,ARI,15.96,15.96,15.96
2024,14,373,WR,CLE,12.4,14.9,17.4
2024,14,377,WR,SF,0.0,0.0,0.0
2024,14,399,WR,PIT,3.8,5.3,6.8
2024,14,427,QB,NO,11.96,11.96,11.96
2024,14,429,WR,NO,0.0,0.0,0.0
2024,14,440,TE,SEA,1.8,3.3,4.8
2024,14,443,RB,CHI,1.1,2.6,4.1
2024,14,445,WR,ARI,0.5,1.0,1.5
2024,14,468,WR,PHI,4.3,6.3,8.3
2024,14,471,WR,ATL,7.0,9.5,12.0
2024,14,480,WR,SF,3.5,4.5,5.5
2024,14,482,RB,DET,14.4,16.9,19.4
2024,14,487,TE,BUF,0.5,1.0,1.5
2024,14,499,WR,KC,9.2,11.2,13.2
2024,14,525,WR,BUF,11.7,13.7,15.7
2024,14,536,RB,DAL,14.1,14.6,15.1
2024,14,540,WR,TEN,0.0,0.0,0.0
2024,14,543,WR,CLE,1.8,2.8,3.8
2024,14,557,TE,LA,1.1,1.6,2.1
2024,14,567,TE,CHI,0.0,0.0,0.0
2024,14,600,WR,ATL,14.2,17.2,20.2
2024,14,612,TE,JAX,0.0,0.0,0.0
2024,14,613,TE,CLE,10.2,13.7,17.2
2024,14,625,QB,PHI,24.22,24.22,24.22
2024,14,650,RB,ARI,0.0,0.0,0.0
2024,14,651,RB,MIN,3.7,3.7,3.7
2024,14,653,WR,LAC,0.4,0.9,1.4
2024,14,666,RB,MIN,0.0,0.0,0.0
2024,14,699,WR,NYG,0.0,0.0,0.0
2024,14,738,RB,SF,0.4,0.4,0.4
2024,14,748,WR,LA,4.5,6.0,7.5
2024,14,764,WR,PHI,9.7,11.7,13.7
2024,14,767,RB,PIT,11.3,11.3,11.3
2024,14,785,RB,PHI,3.3,4.3,5.3
2024,14,786,TE,PIT,10.8,12.3,13.8
2024,14,800,WR,LV,0.6,1.1,1.6
2024,14,810,RB,JAX,7.0,9.0,11.0
2024,14,813,WR,CLE,3.4,4.9,6.4
2024,14,822,WR,LAC,7.8,10.8,13.8
2024,14,869,QB,BUF,51.88,51.88,51.88
2024,14,880,RB,KC,6.1,7.1,8.1
2024,14,889,WR,NO,0.5,1.0,1.5
2024,14,913,RB,MIN,0.0,0.0,0.0
2024,14,917,RB,ATL,12.3,12.3,12.3
2024,14,928,WR,CLE,1.2,1.7,2.2
2024,14,958,RB,CAR,0.0,0.0,0.0
2024,14,967,RB,LV,8.9,9.9,10.9
2024,14,986,TE,LAC,5.4,6.9,8.4
2024,14,1024,TE,LAC,0.0,0.5,1.0
2024,14,1028,QB,NYG,12.98,12.98,12.98
2024,14,1061,WR,PIT,0.4,0.9,1.4
2024,14,1063,RB,LA,21.7,22.7,23.7
2024,14,1068,TE,NYJ,0.0,0.0,0.0
2024,14,1076,RB,CLE,0.9,1.9,2.9
2024,14,1079,TE,NYG,4.5,7.0,9.5
2024,14,1097,RB,CLE,4.7,6.2,7.7
2024,14,1110,RB,BUF,2.9,3.9,4.9
2024,14,1111,WR,LA,0.0,0.0,0.0
2024,14,1121,WR,KC,4.6,7.1,9.6
2024,14,1131,QB,CHI,0.24,0.24,0.24
2024,14,1151,WR,NYJ,0.0,0.0,0.0
2024,14,1152,WR,KC,0.0,0.0,0.0
2024,14,1179,TE,DAL,2.2,3.2,4.2
2024,14,1186,TE,TEN,3.1,4.1,5.1
2024,14,1198,RB,JAX,12.2,12.7,13.2
2024,14,1200,RB,NO,9.2,9.2,9.2
2024,14,1205,WR,ARI,11.7,12.7,13.7
2024,14,1242,RB,ARI,1.5,3.5,5.5
2024,14,1245,TE,MIA,1.4,1.9,2.4
2024,14,1248,TE,DAL,0.0,0.0,0.0
2024,14,1270,RB,DAL,0.5,1.0,1.5
2024,14,1274,WR,TB,0.0,0.0,0.0
2024,14,1311,QB,CIN,24.56,24.56,24.56
2024,14,1344,WR,MIN,31.3,35.3,39.3
2024,14,1347,WR,TB,0.0,0.0,0.0
2024,14,1354,TE,GB,10.1,11.6,13.1
2024,14,1370,WR,LA,29.8,35.8,41.8
2024,14,1382,TE,LV,6.8,10.3,13.8
2024,14,1395,QB,TEN,7.02,7.02,7.02
2024,14,1439,RB,LV,-0.2,0.3,0.8
2024,14,1459,WR,CAR,3.9,4.9,5.9
2024,14,1471,RB,JAX,0.0,0.0,0.0
2024,14,1472,RB,SF,24.8,25.8,26.8
2024,14,1483,RB,NYG,14.3,16.8,19.3
2024,14,1502,WR,DAL,0.0,0.0,0.0
2024,14,1562,WR,LV,0.0,0.0,0.0
2024,14,1613,WR,CIN,4.1,6.1,8.1
2024,14,1621,TE,TEN,0.0,0.0,0.0
2024,14,1625,WR,TEN,1.6,2.1,2.6
2024,14,1649,TE,ARI,1.4,1.9,2.4
2024,14,1663,RB,LA,3.4,3.4,3.4
2024,14,1672,WR,LA,0.0,0.0,0.0
2024,14,1699,TE,SEA,1.3,1.8,2.3
2024,14,1708,WR,SF,21.0,24.5,28.0
2024,14,1726,WR,ARI,4.9,6.9,8.9
2024,14,1728,RB,MIA,1.3,2.3,3.3
2024,14,1749,WR,JAX,8.6,12.6,16.6
2024,14,1760,QB,CHI,16.06,16.06,16.06
2024,14,1763,RB,ARI,1.9,2.4,2.9
2024,14,1768,RB,BUF,0.0,0.0,0.0
2024,14,1813,TE,KC,2.6,4.6,6.6
2024,14,1833,WR,MIA,0.0,0.0,0.0
2024,14,1873,WR,LAC,0.1,1.1,2.1
2024,14,1905,QB,LV,8.76,8.76,8.76
2024,14,1934,RB,TB,22.9,23.9,24.9
2024,14,1945,TE,CLE,0.0,0.0,0.0
2024,14,1970,TE,ATL,1.4,1.9,2.4
2024,14,2028,WR,BUF,16.6,19.1,21.6
2024,14,2060,QB,MIN,34.58,34.58,34.58
2024,14,2195,TE,TB,0.0,0.0,0.0
2024,14,2227,RB,DET,13.3,16.3,19.3
2024,14,2279,WR,NYG,7.9,10.4,12.9
2024,14,2282,WR,TEN,5.9,9.4,12.9
2024,14,2284,TE,NO,4.0,5.0,6.0
2024,14,2290,WR,GB,0.0,0.0,0.0
2024,14,2459,WR,PHI,0.0,0.0,0.0
2024,14,2515,RB,GB,0.3,0.3,0.3
2024,14,2534,QB,LA,20.8,20.8,20.8
2024,14,2557,WR,SEA,0.0,0.0,0.0
2024,14,2568,RB,CHI,0.3,0.3,0.3
2024,14,2575,TE,MIN,4.5,6.5,8.5
2024,14,2587,RB,SEA,-0.1,0.4,0.9
2024,14,2606,RB,CHI,4.0,4.5,5.0
2024,14,2608,QB,SEA,13.32,13.32,13.32
2024,14,2613,QB,MIA,21.54,21.54,21.54
2024,14,2614,RB,NYG,0.8,0.8,0.8
2024,14,2665,RB,MIA,1.1,1.6,2.1
2024,14,2677,WR,CHI,16.2,18.2,20.2
2024,14,2700,WR,TEN,1.9,2.4,2.9
2024,14,2720,TE,GB,0.2,0.7,1.2
2024,14,2730,WR,CIN,31.1,38.1,45.1
2024,14,2756,WR,DET,8.0,10.5,13.0
2024,14,2772,WR,GB,4.9,6.9,8.9
2024,14,2791,TE,CIN,2.4,3.9,5.4
2024,14,2794,WR,MIA,0.0,0.0,0.0
2024,14,2795,TE,SF,15.1,18.1,21.1
2024,14,2807,WR,CHI,3.0,4.5,6.0
2024,14,2808,TE,TEN,0.4,0.9,1.4
2024,14,2843,TE,CAR,6.3,6.8,7.3
2024,14,2848,QB,NO,-0.1,-0.1,-0.1
2024,14,2853,RB,NYJ,8.1,10.1,12.1
2024,14,2862,WR,NYJ,11.4,14.9,18.4
2024,14,2887,TE,NO,1.0,1.5,2.0
2024,14,2929,WR,LA,15.2,17.7,20.2
2024,14,2955,TE,LA,0.0,0.0,0.0
2024,14,2976,WR,JAX,0.1,1.6,3.1
2024,14,2978,WR,CHI,0.0,0.0,0.0
2024,14,3009,RB,PIT,0.1,0.6,1.1
2024,14,3031,RB,SF,8.5,8.5,8.5
2024,14,3070,RB,TEN,12.4,13.4,14.4
2024,14,3078,WR,CLE,0.0,0.0,0.0
2024,14,3081,WR,MIA,18.1,23.1,28.1
2024,14,3082,WR,TB,6.9,8.9,10.9
2024,14,3116,WR,LV,0.7,1.7,2.7
2024,14,3122,WR,PIT,3.6,5.1,6.6
2024,14,3127,TE,TB,7.0,8.5,10.0
2024,14,3133,TE,ARI,7.0,10.5,14.0
2024,14,3159,QB,PIT,16.02,16.02,16.02
2024,14,3161,TE,DET,0.0,0.0,0.0
2024,14,3166,TE,DAL,0.0,0.0,0.0
2024,14,3196,RB,LAC,3.4,3.4,3.4
2024,14,3222,RB,CIN,1.1,1.6,2.1
2024,14,3247,WR,SEA,14.6,17.1,19.6
2024,14,3251,RB,NYJ,12.7,14.2,15.7
2024,14,3253,WR,MIA,9.9,14.4,18.9
2024,14,3259,TE,JAX,3.3,5.3,7.3
2024,14,3263,RB,DAL,0.6,1.1,1.6
2024,14,3289,WR,DET,5.3,7.8,10.3
2024,14,3302,WR,DAL,6.3,6.8,7.3
2024,14,3365,WR,DAL,0.0,0.0,0.0
2024,14,3379,WR,ARI,1.3,1.8,2.3
2024,14,3388,RB,NYJ,0.0,0.0,0.0
2024,14,3393,WR,BUF,0.0,0.0,0.0
2024,14,3428,TE,CIN,1.3,2.3,3.3
2024,14,3435,WR,PIT,0.0,0.0,0.0
2024,14,3442,QB,GB,14.54,14.54,14.54
2024,14,3443,WR,TEN,0.7,1.2,1.7
2024,14,3459,RB,TEN,2.3,2.8,3.3
2024,14,3505,QB,LV,4.34,4.34,4.34
2024,14,3517,WR,CHI,0.6,1.1,1.6
2024,14,3541,QB,ATL,9.76,9.76,9.76
2024,14,3547,WR,NYJ,1.8,2.3,2.8
2024,14,3550,TE,DAL,3.2,4.7,6.2
2024,14,3562,RB,CAR,-0.3,-0.3,-0.3
2024,14,3594,QB,KC,14.1,14.1,14.1
2024,14,3604,TE,ATL,1.1,1.6,2.1
2024,14,3615,WR,CIN,0.0,0.0,0.0
2024,14,3620,TE,PHI,7.6,9.1,10.6
2024,14,3648,WR,DAL,0.0,0.0,0.0
2024,14,3651,QB,LAC,13.72,13.72,13.72
2024,14,3672,TE,DET,5.4,7.9,10.4
2024,14,3700,WR,DET,0.0,0.0,0.0
2024,14,3701,QB,SF,-2.0,-2.0,-2.0
2024,14,3782,WR,TB,17.9,19.9,21.9
2024,14,3785,WR,CAR,2.5,3.5,4.5
2024,14,3796,WR,SEA,0.0,0.0,0.0
2024,14,3802,TE,JAX,2.1,2.6,3.1
2024,14,3808,RB,ARI,18.2,20.2,22.2
2024,14,3843,WR,GB,11.4,13.4,15.4
2024,14,3861,WR,MIN,0.0,0.0,0.0
2024,14,3862,RB,CIN,18.3,21.3,24.3
2024,14,3874,WR,LV,6.7,10.2,13.7
2024,14,3892,WR,MIN,25.2,28.7,32.2
2024,14,3925,TE,CAR,0.0,0.0,0.0
2024,14,3934,WR,SF,0.5,1.0,1.5
2024,14,3939,TE,MIA,0.0,0.0,0.0
2024,14,3945,WR,LAC,10.8,13.3,15.8
2024,14,3965,QB,CAR,12.54,12.54,12.54
2024,14,4017,WR,TB,0.0,0.0,0.0
2024,14,4021,WR,NYG,3.8,5.8,7.8
2024,14,4024,WR,PIT,7.0,7.5,8.0
2024,14,4046,WR,NYG,0.0,0.0,0.0
2024,14,4048,RB,CAR,16.7,18.7,20.7
2024,14,4053,WR,ATL,10.1,14.1,18.1
2024,14,4060,WR,TB,6.3,8.3,10.3
2024,14,4094,TE,PIT,0.0,0.0,0.0
2024,14,4103,RB,PHI,0.0,0.0,0.0
2024,14,4152,RB,GB,0.7,0.7,0.7
2024,14,4192,TE,KC,4.5,7.0,9.5
2024,14,4196,WR,NYG,2.7,3.7,4.7
2024,14,4201,RB,NO,1.5,2.5,3.5
2024,14,4204,QB,MIN,-0.2,-0.2,-0.2
2024,14,4210,RB,ATL,0.0,0.0,0.0
2024,14,4237,RB,MIA,12.9,15.9,18.9
2024,14,4247,TE,TEN,0.8,2.3,3.8
2024,14,4255,WR,NO,5.1,7.1,9.1
2024,14,4261,WR,NYG,0.0,0.0,0.0
2024,14,4271,QB,JAX,5.1,5.1,5.1
2024,14,4305,WR,PHI,0.5,1.0,1.5
2024,14,4306,TE,PHI,0.0,0.0,0.0
2024,14,4354,TE,CIN,1.9,2.4,2.9
2024,14,4360,TE,KC,0.0,0.0,0.0
2024,14,4368,TE,NO,11.0,13.0,15.0
2024,14,4379,WR,SEA,4.9,6.9,8.9
2024,14,4474,WR,CIN,2.3,3.3,4.3
2024,14,4490,RB,TB,4.7,4.7,4.7
2024,14,4503,TE,PIT,-0.1,0.4,0.9
2024,14,4529,WR,CAR,10.2,14.7,19.2
2024,14,4542,WR,DAL,3.1,3.6,4.1
2024,14,4561,QB,SF,22.1,22.1,22.1
2024,14,4570,TE,NYJ,0.0,0.0,0.0
2024,14,4589,RB,PIT,7.2,8.2,9.2
2024,14,4602,RB,BUF,11.5,12.5,13.5
2024,14,4605,RB,KC,2.9,3.4,3.9
2024,14,4614,RB,GB,24.6,24.6,24.6
2024,14,4617,RB,SEA,31.3,34.8,38.3
2024,14,4638,RB,SEA,4.5,5.5,6.5
2024,15,17,WR,DEN,0.9,1.9,2.9
2024,15,28,QB,NYJ,28.06,28.06,28.06
2024,15,51,TE,LV,3.5,5.0,6.5
2024,15,64,WR,BAL,2.6,3.1,3.6
2024,15,66,WR,NYJ,31.8,36.3,40.8
2024,15,69,QB,CLE,-0.36,-0.36,-0.36
2024,15,81,QB,LAC,0.16,0.16,0.16
2024,15,93,WR,SEA,2.2,2.7,3.2
2024,15,137,WR,LA,0.0,0.0,0.0
2024,15,150,WR,CAR,0.0,0.0,0.0
2024,15,155,TE,MIN,0.0,0.0,0.0
2024,15,164,RB,MIN,16.6,17.6,18.6
2024,15,166,WR,BUF,0.1,0.6,1.1
2024,15,184,TE,SF,0.0,0.0,0.0
2024,15,187,RB,KC,3.4,3.9,4.4
2024,15,191,QB,DAL,21.06,21.06,21.06
2024,15,202,TE,MIA,10.8,15.3,19.8
2024,15,203,RB,NO,13.0,15.0,17.0
2024,15,217,RB,ATL,13.5,14.0,14.5
2024,15,218,WR,KC,6.7,7.2,7.7
2024,15,224,RB,LAC,2.3,2.3,2.3
2024,15,237,TE,ATL,0.0,0.0,0.0
2024,15,240,WR,MIA,0.6,1.1,1.6
2024,15,243,WR,JAX,5.4,6.9,8.4
2024,15,244,RB,WAS,0.4,0.9,1.4
2024,15,258,RB,HOU,3.5,3.5,3.5
2024,15,260,TE,HOU,1.3,2.3,3.3
2024,15,265,TE,CLE,3.0,4.5,6.0
2024,15,270,WR,DEN,9.2,10.7,12.2
2024,15,272,WR,NO,4.84,4.84,4.84
2024,15,282,QB,BAL,-0.1,-0.1,-0.1
2024,15,293,WR,DET,9.0,11.0,13.0
2024,15,303,WR,DAL,17.6,22.1,26.6
2024,15,305,WR,LAC,1.6,2.6,3.6
2024,15,306,QB,DET,41.06,41.06,41.06
2024,15,312,QB,TEN,15.76,15.76,15.76
2024,15,313,RB,PHI,7.4,8.4,9.4
2024,15,315,RB,CLE,4.1,4.1,4.1
2024,15,324,TE,BAL,8.4,9.4,10.4
2024,15,325,WR,CHI,7.0,11.0,15.0
2024,15,327,QB,TB,28.02,28.02,28.02
2024,15,336,RB,LV,2.4,3.4,4.4
2024,15,337,RB,TB,11.3,12.3,13.3
2024,15,365,TE,MIN,0.0,0.0,0.0
2024,15,370,QB,ARI,10.06,10.06,10.06
2024,15,373,WR,CLE,10.8,16.3,21.8
2024,15,374,WR,WAS,3.6,5.1,6.6
2024,15,377,WR,SF,0.0,0.0,0.0
2024,15,393,WR,DET,0.0,0.0,0.0
2024,15,399,WR,PIT,0.0,0.0,0.0
2024,15,428,RB,MIA,2.1,3.6,5.1
2024,15,429,WR,NO,2.4,3.4,4.4
2024,15,440,TE,SEA,1.5,3.0,4.5
2024,15,443,RB,CHI,0.7,0.7,0.7
2024,15,445,WR,ARI,6.6,8.1,9.6
2024,15,447,RB,DET,0.0,0.0,0.0
2024,15,468,WR,PHI,17.0,21.0,25.0
2024,15,471,WR,ATL,11.3,12.8,14.3
2024,15,473,WR,WAS,19.3,22.8,26.3
2024,15,480,WR,SF,1.9,3.4,4.9
2024,15,482,RB,DET,3.5,5.5,7.5
2024,15,487,TE,BUF,4.2,5.2,6.2
2024,15,499,WR,KC,3.6,6.1,8.6
2024,15,506,QB,BAL,38.1,38.1,38.1
2024,15,525,WR,BUF,0.7,1.2,1.7
2024,15,529,TE,WAS,0.7,1.2,1.7
2024,15,536,RB,DAL,14.9,14.9,14.9
2024,15,540,WR,TEN,1.1,1.6,2.1
2024,15,543,WR,CLE,0.0,0.0,0.0
2024,15,547,RB,IND,11.1,11.6,12.1
2024,15,557,TE,LA,2.1,3.1,4.1
2024,15,560,RB,BAL,6.7,6.7,6.7
2024,15,561,WR,IND,5.8,8.8,11.8
2024,15,567,TE,CHI,1.4,1.9,2.4
2024,15,600,WR,ATL,0.0,0.0,0.0
2024,15,625,QB,PHI,30.1,30.1,30.1
2024,15,650,RB,ARI,1.5,1.5,1.5
2024,15,651,RB,MIN,8.4,8.4,8.4
2024,15,669,TE,BUF,0.0,0.0,0.0
2024,15,699,WR,NYG,0.0,0.0,0.0
2024,15,748,WR,LA,0.6,1.1,1.6
2024,15,751,RB,NE,8.5,9.0,9.5
2024,15,764,WR,PHI,17.0,22.5,28.0
2024,15,767,RB,PIT,2.1,2.6,3.1
2024,15,785,RB,PHI,6.0,7.5,9.0
2024,15,786,TE,PIT,8.2,9.7,11.2
2024,15,800,WR,LV,0.7,1.2,1.7
2024,15,807,RB,DEN,2.3,3.3,4.3
2024,15,810,RB,JAX,8.5,10.5,12.5
2024,15,813,WR,CLE,-0.1,0.9,1.9
2024,15,818,RB,IND,1.2,2.2,3.2
2024,15,822,WR,LAC,1.0,2.0,3.0
2024,15,824,QB,PIT,0.8,0.8,0.8
2024,15,842,QB,SEA,-0.84,-0.84,-0.84
2024,15,843,RB,IND,0.3,0.3,0.3
2024,15,869,QB,BUF,41.28,41.28,41.28
2024,15,880,RB,KC,4.7,5.2,5.7
2024,15,889,WR,NO,0.8,1.3,1.8
2024,15,890,TE,NYG,0.0,0.0,0.0
2024,15,902,WR,MIN,0.5,1.0,1.5
2024,15,913,RB,MIN,0.4,0.4,0.4
2024,15,917,RB,ATL,4.3,4.3,4.3
2024,15,928,WR,CLE,0.7,1.7,2.7
2024,15,959,RB,NO,0.0,0.0,0.0
2024,15,967,RB,LV,2.5,3.5,4.5
2024,15,972,TE,DEN,0.8,1.8,2.8
2024,15,986,TE,LAC,5.0,7.5,10.0
2024,15,999,WR,HOU,1.7,2.7,3.7
2024,15,1024,TE,LAC,0.7,1.2,1.7
2024,15,1032,RB,WAS,8.7,10.2,11.7
2024,15,1061,WR,PIT,6.5,9.0,11.5
2024,15,1063,RB,LA,11.2,12.2,13.2
2024,15,1068,TE,NYJ,1.2,1.7,2.2
2024,15,1076,RB,CLE,0.0,0.0,0.0
2024,15,1079,TE,NYG,3.5,5.0,6.5
2024,15,1097,RB,CLE,16.4,17.4,18.4
2024,15,1107,RB,NYJ,11.1,12.1,13.1
2024,15,1110,RB,BUF,25.3,25.8,26.3
2024,15,1111,WR,LA,0.0,0.0,0.0
2024,15,1121,WR,KC,13.6,16.6,19.6
2024,15,1131,QB,CHI,0.2,0.2,0.2
2024,15,1141,TE,IND,0.0,0.0,0.0
2024,15,1145,QB,NYG,2.72,2.72,2.72
2024,15,1151,WR,NYJ,0.0,0.0,0.0
2024,15,1152,WR,KC,0.0,0.0,0.0
2024,15,1179,TE,DAL,0.0,0.0,0.0
2024,15,1186,TE,TEN,9.7,12.2,14.7
2024,15,1198,RB,JAX,4.2,4.2,4.2
2024,15,1200,RB,NO,4.6,4.6,4.6
2024,15,1205,WR,ARI,0.9,1.9,2.9
2024,15,1214,WR,NE,7.1,8.6,10.1
2024,15,1218,RB,WAS,0.2,0.2,0.2
2024,15,1221,WR,NE,1.9,2.9,3.9
2024,15,1224,WR,DAL,7.7,8.2,8.7
2024,15,1234,WR,HOU,1.3,1.8,2.3
2024,15,1264,WR,SEA,0.8,1.3,1.8
2024,15,1270,RB,DAL,0.0,0.0,0.0
2024,15,1273,RB,DEN,3.4,4.9,6.4
2024,15,1282,TE,DEN,7.5,8.0,8.5
2024,15,1311,QB,CIN,18.84,18.84,18.84
2024,15,1335,WR,DEN,2.0,4.0,6.0
2024,15,1342,WR,IND,3.2,4.7,6.2
2024,15,1344,WR,MIN,6.3,9.8,13.3
2024,15,1347,WR,TB,0.0,0.0,0.0
2024,15,1352,TE,ARI,0.5,1.0,1.5
2024,15,1354,TE,GB,3.4,4.4,5.4
2024,15,1369,TE,LA,0.0,0.0,0.0
2024,15,1370,WR,LA,10.8,14.3,17.8
2024,15,1381,WR,BAL,5.3,8.3,11.3
2024,15,1382,TE,LV,1.1,1.6,2.1
2024,15,1395,QB,TEN,-2.44,-2.44,-2.44
2024,15,1439,RB,LV,12.6,16.1,19.6
2024,15,1459,WR,CAR,0.9,1.9,2.9
2024,15,1464,WR,WAS,0.0,0.5,1.0
2024,15,1469,RB,DET,0.0,0.0,0.0
2024,15,1472,RB,SF,7.5,9.5,11.5
2024,15,1483,RB,NYG,3.5,4.0,4.5
2024,15,1513,WR,DEN,0.0,0.0,0.0
2024,15,1516,RB,BAL,12.8,15.3,17.8
2024,15,1613,WR,CIN,0.5,1.0,1.5
2024,15,1614,TE,CIN,1.2,2.2,3.2
2024,15,1625,WR,TEN,0.8,1.3,1.8
2024,15,1649,TE,ARI,0.8,1.8,2.8
2024,15,1663,RB,LA,2.0,3.0,4.0
2024,15,1666,QB,DEN,13.5,13.5,13.5
2024,15,1672,WR,LA,0.0,0.0,0.0
2024,15,1699,TE,SEA,0.5,1.0,1.5
2024,15,1708,WR,SF,3.1,4.1,5.1
2024,15,1710,WR,IND,2.3,2.8,3.3
2024,15,1726,WR,ARI,3.2,4.2,5.2
2024,15,1728,RB,MIA,0.3,0.3,0.3
2024,15,1730,QB,NE,17.48,17.48,17.48
2024,15,1742,WR,IND,-1.0,-1.0,-1.0
2024,15,1749,WR,JAX,22.5,27.5,32.5
2024,15,1760,QB,CHI,11.94,11.94,11.94
2024,15,1761,QB,WAS,23.64,23.64,23.64
2024,15,1763,RB,ARI,2.2,2.2,2.2
2024,15,1768,RB,BUF,8.9,9.9,10.9
2024,15,1796,RB,NE,0.0,0.0,0.0
2024,15,1813,TE,KC,8.1,9.1,10.1
2024,15,1833,WR,MIA,5.2,7.7,10.2
2024,15,1873,WR,LAC,0.0,0.0,0.0
2024,15,1934,RB,TB,14.1,15.1,16.1
2024,15,1945,TE,CLE,0.0,0.0,0.0
2024,15,1970,TE,ATL,2.8,4.8,6.8
2024,15,2028,WR,BUF,9.9,12.9,15.9
2024,15,2060,QB,MIN,11.24,11.24,11.24
2024,15,2097,QB,NO,9.4,9.4,9.4
2024,15,2227,RB,DET,23.4,25.9,28.4
2024,15,2244,QB,IND,13.38,13.88,14.38
2024,15,2279,WR,NYG,14.2,19.2,24.2
2024,15,2282,WR,TEN,6.0,7.5,9.0
2024,15,2284,TE,NO,9.9,11.9,13.9
2024,15,2290,WR,GB,6.1,8.6,11.1
2024,15,2459,WR,PHI,0.0,0.0,0.0
2024,15,2515,RB,GB,1.5,2.0,2.5
2024,15,2534,QB,LA,8.2,8.2,8.2
2024,15,2557,WR,SEA,0.0,0.0,0.0
2024,15,2575,TE,MIN,5.2,7.7,10.2
2024,15,2587,RB,SEA,1.0,1.0,1.0
2024,15,2606,RB,CHI,8.9,9.4,9.9
2024,15,2608,QB,SEA,4.46,4.46,4.46
2024,15,2613,QB,MIA,5.84,5.84,5.84
2024,15,2614,RB,NYG,10.1,11.6,13.1
2024,15,2634,WR,LAC,11.8,14.3,16.8
2024,15,2677,WR,CHI,3.9,4.9,5.9
2024,15,2700,WR,TEN,0.9,1.9,2.9
2024,15,2730,WR,CIN,9.4,13.9,18.4
2024,15,2756,WR,DET,9.7,11.2,12.7
2024,15,2772,WR,GB,1.4,2.4,3.4
2024,15,2791,TE,CIN,3.7,5.2,6.7
2024,15,2795,TE,SF,6.1,8.1,10.1
2024,15,2807,WR,CHI,14.2,17.2,20.2
2024,15,2808,TE,TEN,0.7,1.2,1.7
2024,15,2843,TE,CAR,1.5,2.5,3.5
2024,15,2848,QB,NO,0.66,0.66,0.66
2024,15,2853,RB,NYJ,0.5,0.5,0.5
2024,15,2862,WR,NYJ,11.6,13.1,14.6
2024,15,2865,RB,CAR,1.4,1.4,1.4
2024,15,2893,WR,DEN,0.0,0.0,0.0
2024,15,2929,WR,LA,0.0,0.0,0.0
2024,15,2955,TE,LA,1.7,2.7,3.7
2024,15,2970,WR,WAS,2.7,4.2,5.7
2024,15,2976,WR,JAX,4.2,5.7,7.2
2024,15,2977,QB,NYG,6.82,6.82,6.82
2024,15,2999,WR,JAX,0.0,0.0,0.0
2024,15,3009,RB,PIT,0.8,1.3,1.8
2024,15,3056,RB,LV,0.0,0.0,0.0
2024,15,3070,RB,TEN,10.5,10.5,10.5
2024,15,3081,WR,MIA,3.6,4.6,5.6
2024,15,3082,WR,TB,27.9,32.4,36.9
2024,15,3095,QB,ARI,0.22,0.22,0.22
2024,15,3116,WR,LV,1.8,2.8,3.8
2024,15,3122,WR,PIT,1.5,2.0,2.5
2024,15,3124,WR,BAL,8.1,8.6,9.1
2024,15,3127,TE,TB,2.4,3.4,4.4
2024,15,3133,TE,ARI,8.7,13.2,17.7
2024,15,3139,TE,NE,2.5,4.5,6.5
2024,15,3159,QB,PIT,10.42,10.42,10.42
2024,15,3166,TE,DAL,0.2,0.7,1.2
2024,15,3196,RB,LAC,2.2,3.2,4.2
2024,15,3222,RB,CIN,0.4,0.4,0.4
2024,15,3232,TE,NE,0.0,0.0,0.0
2024,15,3247,WR,SEA,8.3,13.3,18.3
2024,15,3251,RB,NYJ,2.6,3.1,3.6
2024,15,3253,WR,MIA,0.0,0.0,0.0
2024,15,3263,RB,DAL,4.1,4.6,5.1
2024,15,3267,WR,HOU,1.2,2.2,3.2
2024,15,3279,TE,BUF,5.3,7.3,9.3
2024,15,3289,WR,DET,25.3,32.3,39.3
2024,15,3302,WR,DAL,3.4,4.9,6.4
2024,15,3307,RB,NE,6.4,7.4,8.4
2024,15,3379,WR,ARI,0.3,0.8,1.3
2024,15,3428,TE,CIN,0.8,1.3,1.8
2024,15,3435,WR,PIT,1.7,2.2,2.7
2024,15,3442,QB,GB,17.56,17.56,17.56
2024,15,3443,WR,TEN,3.9,4.9,5.9
2024,15,3459,RB,TEN,21.2,24.2,27.2
2024,15,3473,WR,ATL,0.0,0.0,0.0
2024,15,3480,RB,BAL,3.2,3.2,3.2
2024,15,3505,QB,LV,11.12,11.12,11.12
2024,15,3541,QB,ATL,6.48,6.48,6.48
2024,15,3547,WR,NYJ,0.0,0.0,0.0
2024,15,3550,TE,DAL,2.3,3.3,4.3
2024,15,3572,TE,WAS,2.5,3.5,4.5
2024,15,3579,WR,MIN,1.2,1.7,2.2
2024,15,3593,TE,BAL,1.7,2.7,3.7
2024,15,3594,QB,KC,15.76,15.76,15.76
2024,15,3604,TE,ATL,0.7,1.7,2.7
2024,15,3606,WR,BAL,20.0,21.5,23.0
2024,15,3615,WR,CIN,0.0,0.0,0.0
2024,15,3620,TE,PHI,2.2,2.7,3.2
2024,15,3630,WR,WAS,3.0,4.5,6.0
2024,15,3648,WR,DAL,7.1,7.6,8.1
2024,15,3651,QB,LAC,13.8,13.8,13.8
2024,15,3659,WR,NE,4.4,5.9,7.4
2024,15,3672,TE,DET,11.1,14.6,18.1
2024,15,3704,WR,CLE,0.0,0.0,0.0
2024,15,3735,RB,HOU,5.6,8.1,10.6
2024,15,3782,WR,TB,13.5,16.0,18.5
2024,15,3785,WR,CAR,1.9,2.9,3.9
2024,15,3790,WR,GB,16.0,17.5,19.0
2024,15,3792,QB,KC,0.8,0.8,0.8
2024,15,3796,WR,SEA,0.0,0.0,0.0
2024,15,3802,TE,JAX,7.3,12.8,18.3
2024,15,3808,RB,ARI,25.8,28.3,30.8
2024,15,3812,QB,CLE,0.32,0.32,0.32
2024,15,3835,WR,BUF,6.4,6.9,7.4
2024,15,3843,WR,GB,5.6,7.1,8.6
2024,15,3861,WR,MIN,0.6,1.1,1.6
2024,15,3862,RB,CIN,23.3,24.8,26.3
2024,15,3870,WR,BAL,0.8,1.3,1.8
2024,15,3874,WR,LV,5.9,8.4,10.9
2024,15,3890,TE,NE,3.8,5.3,6.8
2024,15,3892,WR,MIN,13.3,16.8,20.3
2024,15,3925,TE,CAR,0.0,0.0,0.0
2024,15,3934,WR,SF,1.6,2.1,2.6
2024,15,3939,TE,MIA,0.8,1.3,1.8
2024,15,3945,WR,LAC,10.5,13.0,15.5
2024,15,3965,QB,CAR,15.96,15.96,15.96
2024,15,4004,TE,IND,4.7,6.2,7.7
2024,15,4017,WR,TB,0.1,0.6,1.1
2024,15,4021,WR,NYG,3.8,5.8,7.8
2024,15,4024,WR,PIT,0.0,0.5,1.0
2024,15,4048,RB,CAR,4.9,6.9,8.9
2024,15,4053,WR,ATL,1.4,1.9,2.4
2024,15,4060,WR,TB,1.6,2.1,2.6
2024,15,4089,TE,SF,0.0,0.0,0.0
2024,15,4114,WR,CHI,0.5,1.0,1.5
2024,15,4145,WR,MIA,-0.2,0.3,0.8
2024,15,4152,RB,GB,0.9,0.9,0.9
2024,15,4158,QB,HOU,13.64,13.64,13.64
2024,15,4164,WR,IND,0.0,0.0,0.0
2024,15,4181,WR,HOU,4.1,5.1,6.1
2024,15,4192,TE,KC,2.7,4.7,6.7
2024,15,4196,WR,NYG,1.6,2.1,2.6
2024,15,4201,RB,NO,0.0,0.0,0.0
2024,15,4210,RB,ATL,0.0,0.0,0.0
2024,15,4216,TE,DEN,8.0,9.0,10.0
2024,15,4237,RB,MIA,7.6,11.1,14.6
2024,15,4247,TE,TEN,5.9,9.9,13.9
2024,15,4255,WR,NO,6.8,7.8,8.8
2024,15,4271,QB,JAX,18.66,18.66,18.66
2024,15,4305,WR,PHI,0.0,0.0,0.0
2024,15,4335,WR,KC,0.0,0.0,0.0
2024,15,4338,WR,NE,0.0,0.0,0.0
2024,15,4354,TE,CIN,0.9,1.4,1.9
2024,15,4368,TE,NO,1.2,2.2,3.2
2024,15,4371,WR,CIN,0.0,0.0,0.0
2024,15,4379,WR,SEA,2.8,4.3,5.8
2024,15,4388,TE,WAS,0.6,1.1,1.6
2024,15,4449,WR,NYG,0.0,0.0,0.0
2024,15,4474,WR,CIN,14.8,17.3,19.8
2024,15,4490,RB,TB,1.7,1.7,1.7
2024,15,4493,WR,HOU,13.7,15.7,17.7
2024,15,4529,WR,CAR,5.1,7.6,10.1
2024,15,4542,WR,DAL,2.7,2.7,2.7
2024,15,4561,QB,SF,3.98,3.98,3.98
2024,15,4581,WR,CAR,17.0,19.0,21.0
2024,15,4589,RB,PIT,1.5,2.0,2.5
2024,15,4602,RB,BUF,12.3,14.8,17.3
2024,15,4605,RB,KC,4.9,5.4,5.9
2024,15,4614,RB,GB,19.6,21.6,23.6
2024,15,4617,RB,SEA,12.6,13.1,13.6
2024,15,4638,RB,SEA,0.9,0.9,0.9
2024,15,4642,RB,DEN,1.8,2.3,2.8
2024,16,17,WR,DEN,2.5,3.5,4.5
2024,16,28,QB,NYJ,14.84,14.84,14.84
2024,16,30,RB,SF,2.6,3.1,3.6
2024,16,51,TE,LV,9.9,15.4,20.9
2024,16,53,WR,DET,0.0,0.0,0.0
2024,16,66,WR,NYJ,12.8,16.3,19.8
2024,16,67,WR,BUF,1.0,1.5,2.0
2024,16,93,WR,SEA,1.9,2.9,3.9
2024,16,137,WR,LA,0.0,0.0,0.0
2024,16,139,WR,NE,0.0,0.0,0.0
2024,16,150,WR,CAR,0.9,0.9,0.9
2024,16,164,RB,MIN,9.3,10.8,12.3
2024,16,168,TE,LA,7.1,7.6,8.1
2024,16,184,TE,SF,6.2,6.7,7.2
2024,16,187,RB,KC,5.0,6.5,8.0
2024,16,191,QB,DAL,15.28,15.28,15.28
2024,16,193,TE,SEA,1.7,2.2,2.7
2024,16,202,TE,MIA,6.2,9.2,12.2
2024,16,216,TE,NYJ,5.9,8.4,10.9
2024,16,217,RB,ATL,22.3,23.3,24.3
2024,16,218,WR,KC,0.0,0.0,0.0
2024,16,224,RB,LAC,19.1,19.6,20.1
2024,16,237,TE,ATL,0.0,0.0,0.0
2024,16,240,WR,MIA,0.6,1.1,1.6
2024,16,243,WR,JAX,5.4,8.4,11.4
2024,16,244,RB,WAS,1.8,3.8,5.8
2024,16,258,RB,HOU,0.0,0.0,0.0
2024,16,260,TE,HOU,10.5,13.0,15.5
2024,16,265,TE,CLE,0.8,1.3,1.8
2024,16,270,WR,DEN,5.0,7.5,10.0
2024,16,272,WR,NO,1.3,1.8,2.3
2024,16,293,WR,DET,0.0,0.0,0.0
2024,16,303,WR,DAL,10.5,14.0,17.5
2024,16,306,QB,DET,25.34,25.34,25.34
2024,16,312,QB,TEN,12.38,12.38,12.38
2024,16,313,RB,PHI,27.0,27.0,27.0
2024,16,324,TE,BAL,9.8,11.8,13.8
2024,16,325,WR,CHI,7.0,10.5,14.0
2024,16,327,QB,TB,22.32,22.32,22.32
2024,16,334,WR,IND,0.0,0.0,0.0
2024,16,336,RB,LV,11.6,13.6,15.6
2024,16,337,RB,TB,15.2,16.7,18.2
2024,16,365,TE,MIN,0.0,0.0,0.0
2024,16,370,QB,ARI,22.38,22.38,22.38
2024,16,373,WR,CLE,2.0,3.0,4.0
2024,16,374,WR,WAS,19.0,21.5,24.0
2024,16,377,WR,SF,0.0,0.0,0.0
2024,16,428,RB,MIA,4.6,5.6,6.6
2024,16,429,WR,NO,3.1,4.1,5.1
2024,16,440,TE,SEA,5.0,6.5,8.0
2024,16,445,WR,ARI,2.7,3.2,3.7
2024,16,447,RB,DET,2.3,2.8,3.3
2024,16,453,WR,KC,4.5,7.0,9.5
2024,16,468,WR,PHI,15.7,19.7,23.7
2024,16,471,WR,ATL,5.9,8.4,10.9
2024,16,473,WR,WAS,12.0,14.5,17.0
2024,16,480,WR,SF,18.1,21.6,25.1
2024,16,487,TE,BUF,2.2,3.2,4.2
2024,16,499,WR,KC,3.7,5.7,7.7
2024,16,506,QB,BAL,20.48,20.48,20.48
2024,16,525,WR,BUF,2.5,3.5,4.5
2024,16,536,RB,DAL,5.1,6.6,8.1
2024,16,540,WR,TEN,0.6,1.1,1.6
2024,16,543,WR,CLE,0.0,0.0,0.0
2024,16,547,RB,IND,39.8,39.8,39.8
2024,16,557,TE,LA,0.0,0.0,0.0
2024,16,560,RB,BAL,18.9,19.9,20.9
2024,16,561,WR,IND,1.9,2.9,3.9
2024,16,567,TE,CHI,6.9,7.9,8.9
2024,16,600,WR,ATL,8.2,10.7,13.2
2024,16,612,TE,JAX,0.4,0.9,1.4
2024,16,613,TE,CLE,6.6,10.6,14.6
2024,16,625,QB,PHI,4.54,4.54,4.54
2024,16,640,WR,ATL,1.7,2.2,2.7
2024,16,650,RB,ARI,6.1,6.6,7.1
2024,16,651,RB,MIN,0.3,0.3,0.3
2024,16,663,WR,JAX,0.0,0.0,0.0
2024,16,666,RB,MIN,0.9,1.4,1.9
2024,16,669,TE,BUF,0.0,0.0,0.0
2024,16,699,WR,NYG,0.0,0.0,0.0
2024,16,748,WR,LA,1.2,1.7,2.2
2024,16,751,RB,NE,13.3,13.8,14.3
2024,16,764,WR,PHI,5.1,8.1,11.1
2024,16,767,RB,PIT,4.2,4.2,4.2
2024,16,769,TE,JAX,0.8,1.8,2.8
2024,16,777,RB,ARI,4.8,7.3,9.8
2024,16,785,RB,PHI,1.3,1.8,2.3
2024,16,786,TE,PIT,1.6,3.1,4.6
2024,16,800,WR,LV,0.0,0.0,0.0
2024,16,807,RB,DEN,5.3,8.8,12.3
2024,16,810,RB,JAX,3.7,4.7,5.7
2024,16,813,WR,CLE,2.1,3.1,4.1
2024,16,818,RB,IND,2.5,2.5,2.5
2024,16,822,WR,LAC,4.1,5.6,7.1
2024,16,843,RB,IND,2.2,2.2,2.2
2024,16,869,QB,BUF,11.16,11.16,11.16
2024,16,875,TE,KC,0.0,0.0,0.0
2024,16,880,RB,KC,2.5,3.0,3.5
2024,16,889,WR,NO,1.7,2.2,2.7
2024,16,902,WR,MIN,0.5,1.0,1.5
2024,16,913,RB,MIN,0.0,0.0,0.0
2024,16,914,RB,PIT,0.3,0.8,1.3
2024,16,917,RB,ATL,3.1,3.6,4.1
2024,16,920,TE,IND,0.0,0.0,0.0
2024,16,928,WR,CLE,0.0,0.0,0.0
2024,16,958,RB,CAR,1.3,1.3,1.3
2024,16,959,RB,NO,0.0,0.0,0.0
2024,16,972,TE,DEN,2.1,3.6,5.1
2024,16,986,TE,LAC,3.7,5.2,6.7
2024,16,1004,RB,TEN,0.0,0.0,0.0
2024,16,1014,TE,IND,1.5,2.0,2.5
2024,16,1016,RB,LAC,9.9,10.9,11.9
2024,16,1024,TE,LAC,1.0,1.5,2.0
2024,16,1028,QB,NYG,8.5,8.5,8.5
2024,16,1032,RB,WAS,4.1,5.1,6.1
2024,16,1061,WR,PIT,6.5,8.5,10.5
2024,16,1063,RB,LA,18.9,19.4,19.9
2024,16,1068,TE,NYJ,1.2,2.2,3.2
2024,16,1076,RB,CLE,0.9,1.9,2.9
2024,16,1079,TE,NYG,0.5,1.0,1.5
2024,16,1095,RB,SEA,5.9,9.9,13.9
2024,16,1097,RB,CLE,19.1,21.6,24.1
2024,16,1106,QB,GB,1.16,1.16,1.16
2024,16,1107,RB,NYJ,9.0,11.5,14.0
2024,16,1110,RB,BUF,24.6,26.1,27.6
2024,16,1121,WR,KC,13.5,17.0,20.5
2024,16,1151,WR,NYJ,0.0,0.0,0.0
2024,16,1152,WR,KC,0.0,0.0,0.0
2024,16,1179,TE,DAL,0.3,0.8,1.3
2024,16,1198,RB,JAX,11.1,11.6,12.1
2024,16,1200,RB,NO,3.1,4.1,5.1
2024,16,1205,WR,ARI,4.4,5.4,6.4
2024,16,1214,WR,NE,3.9,5.9,7.9
2024,16,1218,RB,WAS,0.5,0.5,0.5
2024,16,1221,WR,NE,15.5,18.0,20.5
2024,16,1234,WR,HOU,0.8,1.3,1.8
2024,16,1245,TE,MIA,0.0,0.0,0.0
2024,16,1264,WR,SEA,0.6,1.1,1.6
2024,16,1270,RB,DAL,0.0,0.0,0.0
2024,16,1274,WR,TB,0.6,1.1,1.6
2024,16,1282,TE,DEN,1.8,2.8,3.8
2024,16,1311,QB,CIN,23.98,23.98,23.98
2024,16,1317,TE,LV,0.0,0.0,0.0
2024,16,1335,WR,DEN,6.5,8.0,9.5
2024,16,1342,WR,IND,12.1,13.6,15.1
2024,16,1344,WR,MIN,9.5,12.0,14.5
2024,16,1347,WR,TB,3.1,4.1,5.1
2024,16,1352,TE,ARI,0.0,0.0,0.0
2024,16,1354,TE,GB,6.5,8.0,9.5
2024,16,1370,WR,LA,5.6,9.6,13.6
2024,16,1377,TE,GB,0.0,0.0,0.0
2024,16,1381,WR,BAL,10.3,12.8,15.3
2024,16,1382,TE,LV,0.0,0.0,0.0
2024,16,1439,RB,LV,14.5,17.0,19.5
2024,16,1464,WR,WAS,1.3,1.8,2.3
2024,16,1469,RB,DET,2.0,3.0,4.0
2024,16,1483,RB,NYG,12.9,14.9,16.9
2024,16,1502,WR,DAL,4.1,5.6,7.1
2024,16,1513,WR,DEN,8.1,9.1,10.1
2024,16,1516,RB,BAL,3.0,3.0,3.0
2024,16,1566,RB,DEN,2.3,2.8,3.3
2024,16,1589,WR,NO,0.0,0.0,0.0
2024,16,1613,WR,CIN,11.3,12.8,14.3
2024,16,1621,TE,TEN,0.6,1.1,1.6
2024,16,1663,RB,LA,1.4,1.4,1.4
2024,16,1666,QB,DEN,21.02,21.02,21.02
2024,16,1672,WR,LA,0.0,0.0,0.0
2024,16,1699,TE,SEA,7.3,8.3,9.3
2024,16,1708,WR,SF,5.1,7.1,9.1
2024,16,1710,WR,IND,0.0,0.0,0.0
2024,16,1726,WR,ARI,3.9,5.9,7.9
2024,16,1730,QB,NE,19.44,19.44,19.44
2024,16,1742,WR,IND,3.6,4.1,4.6
2024,16,1749,WR,JAX,19.2,23.7,28.2
2024,16,1760,QB,CHI,24.76,24.76,24.76
2024,16,1761,QB,WAS,34.42,34.42,34.42
2024,16,1765,QB,ATL,6.38,6.38,6.38
2024,16,1768,RB,BUF,2.9,3.4,3.9
2024,16,1813,TE,KC,1.0,1.5,2.0
2024,16,1833,WR,MIA,2.8,4.3,5.8
2024,16,1873,WR,LAC,8.8,9.8,10.8
2024,16,1905,QB,LV,11.48,11.48,11.48
2024,16,1934,RB,TB,6.0,9.5,13.0
2024,16,1970,TE,ATL,0.7,1.2,1.7
2024,16,2028,WR,BUF,2.2,3.2,4.2
2024,16,2060,QB,MIN,22.94,22.94,22.94
2024,16,2097,QB,NO,6.92,6.92,6.92
2024,16,2195,TE,TB,2.9,5.4,7.9
2024,16,2227,RB,DET,21.4,23.4,25.4
2024,16,2244,QB,IND,20.24,20.24,20.24
2024,16,2279,WR,NYG,6.8,10.3,13.8
2024,16,2282,WR,TEN,13.8,15.3,16.8
2024,16,2284,TE,NO,3.3,4.3,5.3
2024,16,2290,WR,GB,8.1,9.6,11.1
2024,16,2515,RB,GB,8.5,9.0,9.5
2024,16,2534,QB,LA,6.0,6.0,6.0
2024,16,2557,WR,SEA,0.0,0.0,0.0
2024,16,2575,TE,MIN,2.7,3.7,4.7
2024,16,2606,RB,CHI,5.3,6.8,8.3
2024,16,2608,QB,SEA,21.36,21.36,21.36
2024,16,2613,QB,MIA,12.5,12.5,12.5
2024,16,2614,RB,NYG,1.2,1.2,1.2
2024,16,2634,WR,LAC,8.7,11.7,14.7
2024,16,2648,QB,CIN,-0.1,-0.1,-0.1
2024,16,2665,RB,MIA,1.2,1.2,1.2
2024,16,2677,WR,CHI,7.7,9.7,11.7
2024,16,2700,WR,TEN,7.7,8.7,9.7
2024,16,2730,WR,CIN,16.4,19.4,22.4
2024,16,2756,WR,DET,21.0,23.5,26.0
2024,16,2772,WR,GB,7.3,8.8,10.3
2024,16,2780,TE,LAC,0.8,1.3,1.8
2024,16,2791,TE,CIN,1.4,2.4,3.4
2024,16,2795,TE,SF,10.6,14.6,18.6
2024,16,2803,RB,BAL,0.0,0.0,0.0
2024,16,2807,WR,CHI,20.1,24.6,29.1
2024,16,2843,TE,CAR,3.2,4.7,6.2
2024,16,2853,RB,NYJ,1.0,1.5,2.0
2024,16,2862,WR,NYJ,5.4,8.4,11.4
2024,16,2865,RB,CAR,0.1,0.1,0.1
2024,16,2929,WR,LA,2.4,3.9,5.4
2024,16,2955,TE,LA,0.0,0.0,0.0
2024,16,2970,WR,WAS,13.5,14.5,15.5
2024,16,2972,RB,JAX,0.8,1.3,1.8
2024,16,2976,WR,JAX,0.3,0.8,1.3
2024,16,2999,WR,JAX,0.0,0.0,0.0
2024,16,3009,RB,PIT,7.2,7.7,8.2
2024,16,3015,RB,BUF,0.0,0.0,0.0
2024,16,3031,RB,SF,2.5,3.0,3.5
2024,16,3070,RB,TEN,4.0,5.0,6.0
2024,16,3077,RB,HOU,0.0,0.0,0.0
2024,16,3081,WR,MIA,8.9,10.4,11.9
2024,16,3082,WR,TB,6.9,9.4,11.9
2024,16,3116,WR,LV,3.3,4.3,5.3
2024,16,3121,WR,CAR,2.3,2.8,3.3
2024,16,3122,WR,PIT,2.4,3.9,5.4
2024,16,3133,TE,ARI,2.0,3.5,5.0
2024,16,3139,TE,NE,9.9,11.9,13.9
2024,16,3159,QB,PIT,17.38,17.38,17.38
2024,16,3166,TE,DAL,0.0,0.0,0.0
2024,16,3196,RB,LAC,2.4,2.4,2.4
2024,16,3247,WR,SEA,16.0,20.0,24.0
2024,16,3251,RB,NYJ,1.2,1.2,1.2
2024,16,3263,RB,DAL,6.1,6.1,6.1
2024,16,3267,WR,HOU,1.9,3.4,4.9
2024,16,3272,RB,CIN,0.0,0.0,0.0
2024,16,3279,TE,BUF,1.5,3.5,5.5
2024,16,3289,WR,DET,13.0,16.0,19.0
2024,16,3302,WR,DAL,4.8,6.3,7.8
2024,16,3307,RB,NE,3.6,4.6,5.6
2024,16,3339,RB,HOU,0.4,0.4,0.4
2024,16,3393,WR,BUF,0.0,0.0,0.0
2024,16,3428,TE,CIN,1.2,1.7,2.2
2024,16,3435,WR,PIT,2.5,3.5,4.5
2024,16,3442,QB,GB,11.48,11.48,11.48
2024,16,3443,WR,TEN,2.0,3.0,4.0
2024,16,3446,RB,MIA,0.4,0.4,0.4
2024,16,3459,RB,TEN,18.6,20.1,21.6
2024,16,3480,RB,BAL,0.2,0.2,0.2
2024,16,3512,RB,LAC,1.0,1.5,2.0
2024,16,3517,WR,CHI,0.0,0.0,0.0
2024,16,3547,WR,NYJ,2.0,3.0,4.0
2024,16,3550,TE,DAL,4.0,7.0,10.0
2024,16,3572,TE,WAS,1.2,1.7,2.2
2024,16,3579,WR,MIN,0.0,0.0,0.0
2024,16,3593,TE,BAL,8.9,10.4,11.9
2024,16,3594,QB,KC,23.7,23.7,23.7
2024,16,3604,TE,ATL,0.0,0.0,0.0
2024,16,3606,WR,BAL,7.4,7.9,8.4
2024,16,3615,WR,CIN,0.0,0.0,0.0
2024,16,3630,WR,WAS,5.6,7.6,9.6
2024,16,3632,RB,NYG,0.2,0.7,1.2
2024,16,3648,WR,DAL,8.0,9.0,10.0
2024,16,3651,QB,LAC,20.16,20.16,20.16
2024,16,3659,WR,NE,1.8,2.8,3.8
2024,16,3672,TE,DET,10.3,12.3,14.3
2024,16,3704,WR,CLE,0.0,0.0,0.0
2024,16,3735,RB,HOU,7.1,7.6,8.1
2024,16,3739,RB,CLE,0.1,0.1,0.1
2024,16,3782,WR,TB,11.7,14.2,16.7
2024,16,3785,WR,CAR,9.9,10.9,11.9
2024,16,3790,WR,GB,2.0,3.0,4.0
2024,16,3796,WR,SEA,0.0,0.0,0.0
2024,16,3802,TE,JAX,2.2,3.2,4.2
2024,16,3808,RB,ARI,22.6,24.6,26.6
2024,16,3812,QB,CLE,7.18,7.18,7.18
2024,16,3814,WR,NE,0.0,0.0,0.0
2024,16,3835,WR,BUF,1.7,2.2,2.7
2024,16,3843,WR,GB,2.3,2.3,2.3
2024,16,3850,RB,DET,2.3,2.8,3.3
2024,16,3861,WR,MIN,0.0,0.0,0.0
2024,16,3862,RB,CIN,10.9,12.4,13.9
2024,16,3863,WR,GB,1.4,1.4,1.4
2024,16,3874,WR,LV,4.1,5.1,6.1
2024,16,3890,TE,NE,5.5,7.5,9.5
2024,16,3892,WR,MIN,26.4,31.4,36.4
2024,16,3934,WR,SF,3.7,5.7,7.7
2024,16,3939,TE,MIA,0.5,1.0,1.5
2024,16,3945,WR,LAC,1.8,3.3,4.8
2024,16,3965,QB,CAR,27.12,27.12,27.12
2024,16,3981,TE,CHI,0.6,1.1,1.6
2024,16,4017,WR,TB,7.7,8.7,9.7
2024,16,4021,WR,NYG,6.2,9.7,13.2
2024,16,4024,WR,PIT,2.7,3.7,4.7
2024,16,4046,WR,NYG,0.9,1.4,1.9
2024,16,4048,RB,CAR,28.5,30.5,32.5
2024,16,4053,WR,ATL,2.7,4.2,5.7
2024,16,4060,WR,TB,3.4,3.9,4.4
2024,16,4089,TE,SF,0.0,0.0,0.0
2024,16,4092,QB,PHI,9.02,9.02,9.02
2024,16,4099,RB,CHI,0.3,0.3,0.3
2024,16,4114,WR,CHI,0.0,0.0,0.0
2024,16,4152,RB,GB,11.6,12.1,12.6
2024,16,4158,QB,HOU,16.06,16.06,16.06
2024,16,4181,WR,HOU,15.8,18.8,21.8
2024,16,4192,TE,KC,3.0,5.5,8.0
2024,16,4195,RB,NO,3.2,5.7,8.2
2024,16,4196,WR,NYG,2.7,3.2,3.7
2024,16,4201,RB,NO,0.8,0.8,0.8
2024,16,4210,RB,ATL,0.0,0.0,0.0
2024,16,4216,TE,DEN,0.5,1.0,1.5
2024,16,4237,RB,MIA,25.0,28.0,31.0
2024,16,4247,TE,TEN,8.1,12.6,17.1
2024,16,4271,QB,JAX,13.88,13.88,13.88
2024,16,4283,RB,DEN,7.9,9.4,10.9
2024,16,4306,TE,PHI,0.0,0.0,0.0
2024,16,4335,WR,KC,0.0,0.0,0.0
2024,16,4368,TE,NO,2.7,3.7,4.7
2024,16,4371,WR,CIN,0.0,0.0,0.0
2024,16,4379,WR,SEA,11.7,13.2,14.7
2024,16,4388,TE,WAS,0.0,0.0,0.0
2024,16,4474,WR,CIN,11.8,15.8,19.8
2024,16,4490,RB,TB,0.0,0.0,0.0
2024,16,4493,WR,HOU,6.0,9.5,13.0
2024,16,4503,TE,PIT,6.1,6.6,7.1
2024,16,4529,WR,CAR,10.3,12.8,15.3
2024,16,4542,WR,DAL,1.8,2.3,2.8
2024,16,4561,QB,SF,21.12,21.12,21.12
2024,16,4570,TE,NYJ,0.0,0.0,0.0
2024,16,4581,WR,CAR,0.8,1.8,2.8
2024,16,4589,RB,PIT,9.2,11.7,14.2
2024,16,4602,RB,BUF,3.0,3.0,3.0
2024,16,4605,RB,KC,13.9,14.9,15.9
2024,16,4614,RB,GB,16.7,18.7,20.7
2024,16,4617,RB,SEA,1.3,2.3,3.3
2024,16,4638,RB,SEA,2.9,3.4,3.9
2024,16,4642,RB,DEN,10.8,10.8,10.8
2024,17,17,WR,DEN,-0.1,0.4,0.9
2024,17,28,QB,NYJ,0.48,0.48,0.48
2024,17,30,RB,SF,6.9,7.4,7.9
2024,17,51,TE,LV,7.6,11.1,14.6
2024,17,53,WR,DET,0.0,0.0,0.0
2024,17,66,WR,NYJ,4.7,7.2,9.7
2024,17,67,WR,BUF,11.6,13.1,14.6
2024,17,81,QB,LAC,0.8,0.8,0.8
2024,17,93,WR,SEA,2.0,3.5,5.0
2024,17,105,WR,SF,1.3,1.8,2.3
2024,17,137,WR,LA,0.0,0.0,0.0
2024,17,139,WR,NE,0.0,0.0,0.0
2024,17,155,TE,MIN,0.7,1.2,1.7
2024,17,164,RB,MIN,7.7,9.7,11.7
2024,17,168,TE,LA,0.9,1.9,2.9
2024,17,184,TE,SF,0.0,0.0,0.0
2024,17,187,RB,KC,2.9,3.9,4.9
2024,17,191,QB,DAL,6.08,6.08,6.08
2024,17,193,TE,SEA,0.4,0.9,1.4
2024,17,202,TE,MIA,8.6,10.1,11.6
2024,17,216,TE,NYJ,11.7,15.7,19.7
2024,17,217,RB,ATL,21.8,23.3,24.8
2024,17,218,WR,KC,1.8,2.8,3.8
2024,17,230,TE,LAC,2.1,3.1,4.1
2024,17,240,WR,MIA,1.6,2.1,2.6
2024,17,243,WR,JAX,9.1,10.6,12.1
2024,17,244,RB,WAS,1.0,2.0,3.0
2024,17,258,RB,HOU,1.8,2.3,2.8
2024,17,260,TE,HOU,2.1,3.1,4.1
2024,17,265,TE,CLE,4.9,7.9,10.9
2024,17,268,WR,BAL,1.6,2.1,2.6
2024,17,270,WR,DEN,11.5,14.0,16.5
2024,17,272,WR,NO,1.7,3.2,4.7
2024,17,282,QB,BAL,0.64,0.64,0.64
2024,17,293,WR,DET,0.0,0.0,0.0
2024,17,305,WR,LAC,0.0,0.0,0.0
2024,17,306,QB,DET,23.82,23.82,23.82
2024,17,311,QB,NE,-0.08,-0.08,-0.08
2024,17,312,QB,TEN,12.02,12.02,12.02
2024,17,313,RB,PHI,16.9,17.9,18.9
2024,17,324,TE,BAL,12.8,13.8,14.8
2024,17,325,WR,CHI,6.2,9.2,12.2
2024,17,327,QB,TB,34.56,34.56,34.56
2024,17,336,RB,LV,3.8,4.3,4.8
2024,17,337,RB,TB,19.0,21.0,23.0
2024,17,370,QB,ARI,16.04,16.04,16.04
2024,17,373,WR,CLE,9.4,15.4,21.4
2024,17,374,WR,WAS,15.3,19.3,23.3
2024,17,377,WR,SF,0.0,0.0,0.0
2024,17,393,WR,DET,2.1,2.6,3.1
2024,17,399,WR,PIT,0.0,0.0,0.0
2024,17,428,RB,MIA,1.9,2.9,3.9
2024,17,429,WR,NO,2.7,4.2,5.7
2024,17,440,TE,SEA,4.3,6.3,8.3
2024,17,445,WR,ARI,1.8,3.3,4.8
2024,17,447,RB,DET,6.6,7.6,8.6
2024,17,453,WR,KC,4.6,6.6,8.6
2024,17,468,WR,PHI,9.6,11.1,12.6
2024,17,471,WR,ATL,10.6,14.1,17.6
2024,17,473,WR,WAS,0.5,1.0,1.5
2024,17,480,WR,SF,8.1,8.6,9.1
2024,17,487,TE,BUF,0.4,0.9,1.4
2024,17,499,WR,KC,0.7,1.7,2.7
2024,17,506,QB,BAL,29.42,29.42,29.42
2024,17,508,QB,MIA,24.2,24.2,24.2
2024,17,525,WR,BUF,3.3,4.3,5.3
2024,17,535,RB,LAC,14.3,14.8,15.3
2024,17,536,RB,DAL,10.8,11.3,11.8
2024,17,540,WR,TEN,0.0,0.0,0.0
2024,17,543,WR,CLE,0.0,0.0,0.0
2024,17,547,RB,IND,25.6,26.6,27.6
2024,17,557,TE,LA,0.0,0.0,0.0
2024,17,560,RB,BAL,22.5,23.5,24.5
2024,17,561,WR,IND,16.9,21.4,25.9
2024,17,567,TE,CHI,0.0,0.0,0.0
2024,17,600,WR,ATL,3.7,4.7,5.7
2024,17,609,WR,WAS,0.0,0.0,0.0
2024,17,612,TE,JAX,0.0,0.0,0.0
2024,17,640,WR,ATL,0.0,0.0,0.0
2024,17,650,RB,ARI,0.5,1.0,1.5
2024,17,651,RB,MIN,9.3,10.3,11.3
2024,17,663,WR,JAX,1.1,1.6,2.1
2024,17,666,RB,MIN,1.5,2.5,3.5
2024,17,669,TE,BUF,0.0,0.0,0.0
2024,17,699,WR,NYG,0.0,0.0,0.0
2024,17,751,RB,NE,0.1,0.1,0.1
2024,17,764,WR,PHI,24.0,27.0,30.0
2024,17,767,RB,PIT,8.1,9.1,10.1
2024,17,777,RB,ARI,8.1,9.1,10.1
2024,17,785,RB,PHI,0.9,1.4,1.9
2024,17,786,TE,PIT,6.0,9.5,13.0
2024,17,800,WR,LV,2.8,3.3,3.8
2024,17,807,RB,DEN,0.0,1.0,2.0
2024,17,810,RB,JAX,7.5,8.0,8.5
2024,17,813,WR,CLE,0.1,0.6,1.1
2024,17,818,RB,IND,1.0,1.5,2.0
2024,17,822,WR,LAC,4.1,6.1,8.1
2024,17,869,QB,BUF,22.98,22.98,22.98
2024,17,880,RB,KC,1.8,1.8,1.8
2024,17,885,WR,PIT,5.0,6.5,8.0
2024,17,889,WR,NO,2.3,2.8,3.3
2024,17,902,WR,MIN,14.1,16.6,19.1
2024,17,913,RB,MIN,0.7,0.7,0.7
2024,17,914,RB,PIT,0.8,1.3,1.8
2024,17,917,RB,ATL,1.9,1.9,1.9
2024,17,928,WR,CLE,0.3,0.8,1.3
2024,17,958,RB,CAR,2.0,2.0,2.0
2024,17,959,RB,NO,0.0,0.0,0.0
2024,17,972,TE,DEN,0.3,0.8,1.3
2024,17,986,TE,LAC,2.3,3.3,4.3
2024,17,999,WR,HOU,4.8,7.3,9.8
2024,17,1004,RB,TEN,1.7,1.7,1.7
2024,17,1011,RB,CAR,0.0,0.0,0.0
2024,17,1014,TE,IND,0.0,0.0,0.0
2024,17,1016,RB,LAC,4.0,4.5,5.0
2024,17,1024,TE,LAC,0.8,1.3,1.8
2024,17,1028,QB,NYG,34.36,34.36,34.36
2024,17,1032,RB,WAS,6.9,7.9,8.9
2024,17,1061,WR,PIT,3.1,5.1,7.1
2024,17,1063,RB,LA,13.2,14.7,16.2
2024,17,1068,TE,NYJ,0.0,0.0,0.0
2024,17,1076,RB,CLE,4.8,6.3,7.8
2024,17,1079,TE,NYG,0.0,0.0,0.0
2024,17,1097,RB,CLE,2.2,2.2,2.2
2024,17,1107,RB,NYJ,5.3,5.8,6.3
2024,17,1110,RB,BUF,11.3,11.3,11.3
2024,17,1111,WR,LA,0.0,0.0,0.0
2024,17,1121,WR,KC,14.9,18.9,22.9
2024,17,1138,QB,PHI,9.96,9.96,9.96
2024,17,1144,WR,GB,6.3,6.8,7.3
2024,17,1151,WR,NYJ,0.0,0.0,0.0
2024,17,1152,WR,KC,0.0,0.0,0.0
2024,17,1157,QB,IND,17.3,17.3,17.3
2024,17,1164,RB,BAL,4.8,5.3,5.8
2024,17,1186,TE,TEN,0.0,0.0,0.0
2024,17,1198,RB,JAX,3.3,3.3,3.3
2024,17,1200,RB,NO,1.9,2.4,2.9
2024,17,1205,WR,ARI,2.9,4.9,6.9
2024,17,1214,WR,NE,10.6,12.6,14.6
2024,17,1218,RB,WAS,8.8,9.3,9.8
2024,17,1221,WR,NE,2.8,4.8,6.8
2024,17,1224,WR,DAL,1.2,1.7,2.2
2024,17,1234,WR,HOU,2.1,3.1,4.1
2024,17,1245,TE,MIA,0.0,0.0,0.0
2024,17,1267,WR,BUF,12.9,13.4,13.9
2024,17,1270,RB,DAL,0.1,0.6,1.1
2024,17,1273,RB,DEN,7.6,8.6,9.6
2024,17,1274,WR,TB,1.1,1.6,2.1
2024,17,1282,TE,DEN,0.7,1.2,1.7
2024,17,1283,WR,WAS,0.0,0.0,0.0
2024,17,1311,QB,CIN,36.98,36.98,36.98
2024,17,1335,WR,DEN,22.2,26.2,30.2
2024,17,1342,WR,IND,2.2,3.7,5.2
2024,17,1344,WR,MIN,12.9,15.9,18.9
2024,17,1347,WR,TB,0.0,0.0,0.0
2024,17,1352,TE,ARI,2.3,3.3,4.3
2024,17,1354,TE,GB,5.3,6.3,7.3
2024,17,1369,TE,LA,0.0,0.0,0.0
2024,17,1370,WR,LA,12.9,17.9,22.9
2024,17,1377,TE,GB,0.4,0.9,1.4
2024,17,1381,WR,BAL,3.1,4.1,5.1
2024,17,1382,TE,LV,1.4,1.9,2.4
2024,17,1439,RB,LV,14.7,16.2,17.7
2024,17,1459,WR,CAR,2.8,5.3,7.8
2024,17,1464,WR,WAS,0.0,0.0,0.0
2024,17,1469,RB,DET,0.0,0.0,0.0
2024,17,1472,RB,SF,9.9,11.9,13.9
2024,17,1483,RB,NYG,7.3,8.3,9.3
2024,17,1485,QB,SF,8.1,8.1,8.1
2024,17,1502,WR,DAL,0.3,0.8,1.3
2024,17,1513,WR,DEN,2.7,3.7,4.7
2024,17,1613,WR,CIN,5.9,7.4,8.9
2024,17,1614,TE,CIN,0.7,1.2,1.7
2024,17,1621,TE,TEN,0.0,0.0,0.0
2024,17,1663,RB,LA,-0.4,-0.4,-0.4
2024,17,1666,QB,DEN,21.86,21.86,21.86
2024,17,1672,WR,LA,0.6,1.1,1.6
2024,17,1708,WR,SF,6.7,10.2,13.7
2024,17,1710,WR,IND,0.0,0.0,0.0
2024,17,1726,WR,ARI,9.6,12.6,15.6
2024,17,1730,QB,NE,11.88,11.88,11.88
2024,17,1742,WR,IND,2.2,3.2,4.2
2024,17,1749,WR,JAX,16.9,20.4,23.9
2024,17,1760,QB,CHI,6.58,6.58,6.58
2024,17,1761,QB,WAS,31.78,31.78,31.78
2024,17,1765,QB,ATL,11.22,11.22,11.22
2024,17,1768,RB,BUF,1.3,1.8,2.3
2024,17,1796,RB,NE,0.0,0.0,0.0
2024,17,1813,TE,KC,0.6,1.1,1.6
2024,17,1833,WR,MIA,3.0,5.0,7.0
2024,17,1873,WR,LAC,8.6,9.6,10.6
2024,17,1905,QB,LV,17.58,17.58,17.58
2024,17,1915,QB,DAL,0.14,0.14,0.14
2024,17,1922,QB,HOU,0.2,0.2,0.2
2024,17,1934,RB,TB,3.4,3.9,4.4
2024,17,1945,TE,CLE,0.8,1.3,1.8
2024,17,1970,TE,ATL,10.4,12.4,14.4
2024,17,2028,WR,BUF,2.5,4.0,5.5
2024,17,2060,QB,MIN,24.78,24.78,24.78
2024,17,2097,QB,NO,13.32,13.32,13.32
2024,17,2152,TE,PHI,0.0,0.0,0.0
2024,17,2195,TE,TB,9.6,10.6,11.6
2024,17,2227,RB,DET,22.3,24.3,26.3
2024,17,2279,WR,NYG,29.1,32.6,36.1
2024,17,2282,WR,TEN,9.1,11.6,14.1
2024,17,2284,TE,NO,10.7,12.2,13.7
2024,17,2290,WR,GB,0.6,1.1,1.6
2024,17,2302,WR,BAL,0.0,0.0,0.0
2024,17,2497,WR,TB,1.1,1.1,1.1
2024,17,2534,QB,LA,9.16,9.16,9.16
2024,17,2553,RB,NO,3.0,4.0,5.0
2024,17,2557,WR,SEA,0.0,0.0,0.0
2024,17,2575,TE,MIN,6.8,9.3,11.8
2024,17,2587,RB,SEA,0.0,0.0,0.0
2024,17,2606,RB,CHI,8.1,10.1,12.1
2024,17,2608,QB,SEA,8.3,8.3,8.3
2024,17,2614,RB,NYG,3.0,3.5,4.0
2024,17,2634,WR,LAC,21.4,25.4,29.4
2024,17,2665,RB,MIA,0.5,0.5,0.5
2024,17,2677,WR,CHI,1.5,2.0,2.5
2024,17,2700,WR,TEN,3.7,5.2,6.7
2024,17,2730,WR,CIN,10.2,14.7,19.2
2024,17,2756,WR,DET,19.5,22.0,24.5
2024,17,2772,WR,GB,4.3,6.3,8.3
2024,17,2791,TE,CIN,8.6,13.6,18.6
2024,17,2794,WR,MIA,0.8,1.3,1.8
2024,17,2795,TE,SF,11.2,15.2,19.2
2024,17,2803,RB,BAL,0.0,0.0,0.0
2024,17,2807,WR,CHI,2.5,5.0,7.5
2024,17,2808,TE,TEN,6.8,7.3,7.8
2024,17,2812,QB,TB,-0.2,-0.2,-0.2
2024,17,2853,RB,NYJ,2.6,2.6,2.6
2024,17,2862,WR,NYJ,12.6,16.1,19.6
2024,17,2865,RB,CAR,1.1,1.1,1.1
2024,17,2929,WR,LA,2.9,3.4,3.9
2024,17,2955,TE,LA,0.0,0.0,0.0
2024,17,2970,WR,WAS,2.5,4.0,5.5
2024,17,2972,RB,JAX,1.1,2.1,3.1
2024,17,2976,WR,JAX,0.4,0.9,1.4
2024,17,3009,RB,PIT,0.2,0.2,0.2
2024,17,3015,RB,BUF,0.3,0.3,0.3
2024,17,3056,RB,LV,0.0,0.0,0.0
2024,17,3081,WR,MIA,10.5,15.0,19.5
2024,17,3082,WR,TB,21.7,25.7,29.7
2024,17,3116,WR,LV,8.9,9.9,10.9
2024,17,3121,WR,CAR,0.8,1.3,1.8
2024,17,3122,WR,PIT,0.0,0.0,0.0
2024,17,3124,WR,BAL,0.0,0.0,0.0
2024,17,3133,TE,ARI,18.3,24.3,30.3
2024,17,3139,TE,NE,0.0,0.0,0.0
2024,17,3159,QB,PIT,17.7,17.7,17.7
2024,17,3196,RB,LAC,2.4,2.4,2.4
2024,17,3222,RB,CIN,2.3,2.3,2.3
2024,17,3247,WR,SEA,3.2,4.7,6.2
2024,17,3251,RB,NYJ,4.3,4.8,5.3
2024,17,3262,TE,NYG,1.2,1.7,2.2
2024,17,3263,RB,DAL,0.2,0.2,0.2
2024,17,3267,WR,HOU,2.1,3.1,4.1
2024,17,3279,TE,BUF,2.4,3.4,4.4
2024,17,3289,WR,DET,12.0,16.0,20.0
2024,17,3302,WR,DAL,5.2,7.2,9.2
2024,17,3307,RB,NE,6.3,6.3,6.3
2024,17,3339,RB,HOU,1.3,1.3,1.3
2024,17,3365,WR,DAL,1.2,1.7,2.2
2024,17,3379,WR,ARI,1.9,2.4,2.9
2024,17,3428,TE,CIN,0.3,0.8,1.3
2024,17,3442,QB,GB,12.0,12.0,12.0
2024,17,3443,WR,TEN,1.4,2.4,3.4
2024,17,3446,RB,MIA,0.0,0.0,0.0
2024,17,3459,RB,TEN,10.3,11.8,13.3
2024,17,3473,WR,ATL,0.9,1.4,1.9
2024,17,3480,RB,BAL,-0.3,-0.3,-0.3
2024,17,3512,RB,LAC,0.0,0.0,0.0
2024,17,3547,WR,NYJ,0.9,1.4,1.9
2024,17,3550,TE,DAL,1.8,3.3,4.8
2024,17,3572,TE,WAS,19.2,22.2,25.2
2024,17,3579,WR,MIN,0.0,0.0,0.0
2024,17,3593,TE,BAL,6.9,7.4,7.9
2024,17,3594,QB,KC,26.0,26.0,26.0
2024,17,3604,TE,ATL,0.6,1.1,1.6
2024,17,3606,WR,BAL,1.2,1.7,2.2
2024,17,3615,WR,CIN,0.0,0.0,0.0
2024,17,3620,TE,PHI,3.4,3.9,4.4
2024,17,3648,WR,DAL,9.0,10.5,12.0
2024,17,3651,QB,LAC,24.44,24.44,24.44
2024,17,3659,WR,NE,2.2,3.2,4.2
2024,17,3672,TE,DET,12.4,15.4,18.4
2024,17,3704,WR,CLE,0.0,0.0,0.0
2024,17,3735,RB,HOU,3.9,4.9,5.9
2024,17,3739,RB,CLE,4.9,4.9,4.9
2024,17,3782,WR,TB,18.0,20.5,23.0
2024,17,3785,WR,CAR,1.7,2.2,2.7
2024,17,3790,WR,GB,5.8,9.3,12.8
2024,17,3796,WR,SEA,0.0,0.0,0.0
2024,17,3802,TE,JAX,0.0,0.0,0.0
2024,17,3806,QB,NYJ,11.92,11.92,11.92
2024,17,3808,RB,ARI,0.8,1.8,2.8
2024,17,3812,QB,CLE,5.8,5.8,5.8
2024,17,3814,WR,NE,0.0,0.0,0.0
2024,17,3835,WR,BUF,8.7,10.2,11.7
2024,17,3846,RB,PHI,0.7,0.7,0.7
2024,17,3850,RB,DET,0.9,0.9,0.9
2024,17,3862,RB,CIN,9.1,11.1,13.1
2024,17,3863,WR,GB,1.8,3.3,4.8
2024,17,3870,WR,BAL,0.2,0.7,1.2
2024,17,3874,WR,LV,12.1,14.6,17.1
2024,17,3890,TE,NE,1.9,3.4,4.9
2024,17,3892,WR,MIN,9.2,13.2,17.2
2024,17,3925,TE,CAR,0.5,1.0,1.5
2024,17,3934,WR,SF,20.7,24.7,28.7
2024,17,3945,WR,LAC,4.8,7.3,9.8
2024,17,3965,QB,CAR,16.92,16.92,16.92
2024,17,3981,TE,CHI,0.0,0.0,0.0
2024,17,4004,TE,IND,3.4,4.9,6.4
2024,17,4017,WR,TB,2.6,3.6,4.6
2024,17,4021,WR,NYG,13.1,15.6,18.1
2024,17,4024,WR,PIT,0.0,0.0,0.0
2024,17,4053,WR,ATL,2.7,3.2,3.7
2024,17,4089,TE,SF,0.0,0.0,0.0
2024,17,4092,QB,PHI,16.02,16.02,16.02
2024,17,4094,TE,PIT,0.8,1.3,1.8
2024,17,4099,RB,CHI,0.5,0.5,0.5
2024,17,4114,WR,CHI,0.0,0.0,0.0
2024,17,4152,RB,GB,8.9,8.9,8.9
2024,17,4158,QB,HOU,6.1,6.1,6.1
2024,17,4164,WR,IND,18.2,21.2,24.2
2024,17,4192,TE,KC,14.4,18.4,22.4
2024,17,4196,WR,NYG,9.2,9.7,10.2
2024,17,4201,RB,NO,2.4,2.9,3.4
2024,17,4210,RB,ATL,0.0,0.0,0.0
2024,17,4214,QB,BUF,6.66,6.66,6.66
2024,17,4216,TE,DEN,0.5,1.0,1.5
2024,17,4223,RB,LV,0.6,0.6,0.6
2024,17,4237,RB,MIA,3.8,4.8,5.8
2024,17,4247,TE,TEN,5.9,8.4,10.9
2024,17,4255,WR,NO,0.0,0.0,0.0
2024,17,4271,QB,JAX,17.16,17.16,17.16
2024,17,4335,WR,KC,12.0,13.0,14.0
2024,17,4338,WR,NE,0.0,0.0,0.0
2024,17,4368,TE,NO,6.6,9.6,12.6
2024,17,4371,WR,CIN,0.0,0.0,0.0
2024,17,4379,WR,SEA,4.2,5.7,7.2
2024,17,4388,TE,WAS,1.4,1.9,2.4
2024,17,4408,TE,TB,5.2,6.7,8.2
2024,17,4422,TE,HOU,0.1,0.6,1.1
2024,17,4474,WR,CIN,31.1,36.6,42.1
2024,17,4490,RB,TB,4.4,4.9,5.4
2024,17,4493,WR,HOU,5.9,7.4,8.9
2024,17,4529,WR,CAR,23.0,25.5,28.0
2024,17,4542,WR,DAL,3.4,3.9,4.4
2024,17,4561,QB,SF,30.28,30.28,30.28
2024,17,4570,TE,NYJ,0.0,0.0,0.0
2024,17,4581,WR,CAR,3.5,4.5,5.5
2024,17,4589,RB,PIT,11.2,13.7,16.2
2024,17,4602,RB,BUF,2.5,3.0,3.5
2024,17,4605,RB,KC,8.0,8.0,8.0
2024,17,4614,RB,GB,12.9,12.9,12.9
2024,17,4617,RB,SEA,7.6,9.1,10.6
2024,17,4638,RB,SEA,4.6,4.6,4.6
2024,17,4642,RB,DEN,3.7,4.2,4.7
2024,18,17,WR,DEN,1.2,2.2,3.2
2024,18,19,TE,CHI,0.0,0.0,0.0
2024,18,28,QB,NYJ,24.96,24.96,24.96
2024,18,30,RB,SF,10.9,11.9,12.9
2024,18,51,TE,LV,11.0,13.0,15.0
2024,18,66,WR,NYJ,14.8,17.8,20.8
2024,18,93,WR,SEA,2.8,3.8,4.8
2024,18,105,WR,SF,5.9,7.9,9.9
2024,18,137,WR,LA,7.2,8.7,10.2
2024,18,139,WR,NE,0.0,0.0,0.0
2024,18,142,WR,DET,1.1,1.6,2.1
2024,18,160,WR,SF,1.1,1.6,2.1
2024,18,164,RB,MIN,7.5,10.0,12.5
2024,18,166,WR,BUF,5.2,8.7,12.2
2024,18,168,TE,LA,10.6,13.1,15.6
2024,18,184,TE,SF,1.7,3.7,5.7
2024,18,187,RB,KC,1.4,1.9,2.4
2024,18,202,TE,MIA,11.6,16.1,20.6
2024,18,216,TE,NYJ,7.6,8.6,9.6
2024,18,217,RB,ATL,29.3,30.3,31.3
2024,18,218,WR,KC,0.4,0.9,1.4
2024,18,230,TE,LAC,10.2,12.7,15.2
2024,18,240,WR,MIA,3.8,5.8,7.8
2024,18,243,WR,JAX,7.5,8.5,9.5
2024,18,258,RB,HOU,2.3,3.3,4.3
2024,18,260,TE,HOU,2.9,4.4,5.9
2024,18,265,TE,CLE,12.0,15.0,18.0
2024,18,270,WR,DEN,15.8,18.3,20.8
2024,18,272,WR,NO,2.2,3.7,5.2
2024,18,293,WR,DET,1.5,2.5,3.5
2024,18,305,WR,LAC,6.6,7.1,7.6
2024,18,306,QB,DET,9.24,9.24,9.24
2024,18,312,QB,TEN,3.3,3.3,3.3
2024,18,324,TE,BAL,11.4,13.4,15.4
2024,18,325,WR,CHI,15.1,19.6,24.1
2024,18,327,QB,TB,21.64,21.64,21.64
2024,18,334,WR,IND,0.0,0.0,0.0
2024,18,336,RB,LV,3.1,5.1,7.1
2024,18,337,RB,TB,14.4,15.4,16.4
2024,18,365,TE,MIN,1.6,2.6,3.6
2024,18,366,RB,CAR,23.6,25.1,26.6
2024,18,370,QB,ARI,27.88,27.88,27.88
2024,18,373,WR,CLE,6.3,9.3,12.3
2024,18,374,WR,WAS,5.1,6.1,7.1
2024,18,377,WR,SF,3.7,4.7,5.7
2024,18,412,QB,DEN,0.7,0.7,0.7
2024,18,428,RB,MIA,0.0,0.0,0.0
2024,18,429,WR,NO,7.6,8.6,9.6
2024,18,440,TE,SEA,12.3,14.8,17.3
2024,18,445,WR,ARI,17.4,19.4,21.4
2024,18,447,RB,DET,3.9,3.9,3.9
2024,18,471,WR,ATL,30.7,35.7,40.7
2024,18,473,WR,WAS,12.2,16.2,20.2
2024,18,506,QB,BAL,22.98,22.98,22.98
2024,18,508,QB,MIA,10.68,10.68,10.68
2024,18,525,WR,BUF,2.5,4.0,5.5
2024,18,535,RB,LAC,7.5,9.0,10.5
2024,18,536,RB,DAL,14.4,15.4,16.4
2024,18,540,WR,TEN,0.0,0.0,0.0
2024,18,543,WR,CLE,0.0,0.0,0.0
2024,18,547,RB,IND,24.0,24.5,25.0
2024,18,557,TE,LA,0.6,1.1,1.6
2024,18,560,RB,BAL,28.1,29.1,30.1
2024,18,561,WR,IND,7.2,10.2,13.2
2024,18,567,TE,CHI,0.3,1.3,2.3
2024,18,605,RB,TEN,0.2,0.2,0.2
2024,18,650,RB,ARI,2.7,3.2,3.7
2024,18,651,RB,MIN,6.9,7.9,8.9
2024,18,663,WR,JAX,0.0,0.0,0.0
2024,18,666,RB,MIN,0.0,0.0,0.0
2024,18,669,TE,BUF,2.0,3.5,5.0
2024,18,699,WR,NYG,0.0,0.0,0.0
2024,18,748,WR,LA,3.7,6.2,8.7
2024,18,767,RB,PIT,11.6,13.6,15.6
2024,18,769,TE,JAX,0.4,0.9,1.4
2024,18,777,RB,ARI,11.9,13.9,15.9
2024,18,785,RB,PHI,2.3,3.3,4.3
2024,18,786,TE,PIT,14.5,18.5,22.5
2024,18,807,RB,DEN,7.8,9.3,10.8
2024,18,808,WR,TEN,10.9,11.4,11.9
2024,18,810,RB,JAX,6.0,7.5,9.0
2024,18,813,WR,CLE,3.6,5.1,6.6
2024,18,818,RB,IND,0.5,1.0,1.5
2024,18,843,RB,IND,0.5,1.0,1.5
2024,18,885,WR,PIT,0.0,0.5,1.0
2024,18,889,WR,NO,1.3,1.8,2.3
2024,18,902,WR,MIN,5.3,6.8,8.3
2024,18,914,RB,PIT,0.0,0.0,0.0
2024,18,917,RB,ATL,6.9,7.9,8.9
2024,18,920,TE,IND,2.1,2.6,3.1
2024,18,954,WR,CLE,0.0,0.0,0.0
2024,18,958,RB,CAR,4.7,4.7,4.7
2024,18,976,TE,KC,2.5,3.5,4.5
2024,18,995,RB,LA,8.2,10.2,12.2
2024,18,999,WR,HOU,2.4,3.4,4.4
2024,18,1004,RB,TEN,1.1,1.1,1.1
2024,18,1014,TE,IND,0.0,0.0,0.0
2024,18,1016,RB,LAC,9.3,9.3,9.3
2024,18,1028,QB,NYG,7.82,7.82,7.82
2024,18,1032,RB,WAS,1.6,2.1,2.6
2024,18,1061,WR,PIT,0.0,0.0,0.0
2024,18,1068,TE,NYJ,0.5,1.0,1.5
2024,18,1079,TE,NYG,0.9,1.9,2.9
2024,18,1083,QB,CLE,7.0,7.0,7.0
2024,18,1106,QB,GB,5.74,5.74,5.74
2024,18,1107,RB,NYJ,13.2,14.7,16.2
2024,18,1110,RB,BUF,8.8,8.8,8.8
2024,18,1111,WR,LA,0.6,0.6,0.6
2024,18,1138,QB,PHI,18.86,18.86,18.86
2024,18,1144,WR,GB,5.3,6.8,8.3
2024,18,1151,WR,NYJ,0.5,0.5,0.5
2024,18,1152,WR,KC,4.8,5.8,6.8
2024,18,1157,QB,IND,14.56,14.56,14.56
2024,18,1164,RB,BAL,1.0,1.0,1.0
2024,18,1179,TE,DAL,1.6,2.6,3.6
2024,18,1186,TE,TEN,2.9,5.4,7.9
2024,18,1198,RB,JAX,10.2,10.7,11.2
2024,18,1214,WR,NE,3.4,4.9,6.4
2024,18,1218,RB,WAS,0.0,0.0,0.0
2024,18,1221,WR,NE,17.7,21.2,24.7
2024,18,1234,WR,HOU,0.5,1.0,1.5
2024,18,1245,TE,MIA,0.0,0.0,0.0
2024,18,1264,WR,SEA,6.4,6.9,7.4
2024,18,1270,RB,DAL,1.5,1.5,1.5
2024,18,1273,RB,DEN,4.8,5.8,6.8
2024,18,1282,TE,DEN,2.5,4.0,5.5
2024,18,1311,QB,CIN,12.98,12.98,12.98
2024,18,1335,WR,DEN,17.1,19.6,22.1
2024,18,1342,WR,IND,9.4,14.4,19.4
2024,18,1344,WR,MIN,0.0,0.5,1.0
2024,18,1347,WR,TB,0.0,0.0,0.0
2024,18,1354,TE,GB,3.6,5.6,7.6
2024,18,1377,TE,GB,1.9,2.4,2.9
2024,18,1381,WR,BAL,2.1,2.6,3.1
2024,18,1382,TE,LV,2.1,4.1,6.1
2024,18,1395,QB,TEN,11.8,11.8,11.8
2024,18,1417,TE,CAR,1.2,1.7,2.2
2024,18,1459,WR,CAR,3.0,4.5,6.0
2024,18,1460,RB,KC,2.7,3.7,4.7
2024,18,1465,QB,NE,21.24,21.24,21.24
2024,18,1472,RB,SF,0.5,0.5,0.5
2024,18,1483,RB,NYG,6.6,7.6,8.6
2024,18,1485,QB,SF,24.74,24.74,24.74
2024,18,1502,WR,DAL,1.4,2.4,3.4
2024,18,1513,WR,DEN,11.0,13.0,15.0
2024,18,1567,WR,ARI,0.0,0.0,0.0
2024,18,1613,WR,CIN,1.2,2.2,3.2
2024,18,1614,TE,CIN,0.9,1.4,1.9
2024,18,1621,TE,TEN,0.0,0.0,0.0
2024,18,1625,WR,TEN,1.5,2.0,2.5
2024,18,1663,RB,LA,2.2,2.7,3.2
2024,18,1666,QB,DEN,33.54,33.54,33.54
2024,18,1672,WR,LA,9.8,11.3,12.8
2024,18,1699,TE,SEA,9.4,11.9,14.4
2024,18,1708,WR,SF,5.2,8.7,12.2
2024,18,1710,WR,IND,0.0,0.0,0.0
2024,18,1726,WR,ARI,12.3,14.8,17.3
2024,18,1728,RB,MIA,-0.4,-0.4,-0.4
2024,18,1730,QB,NE,0.0,0.0,0.0
2024,18,1742,WR,IND,0.0,0.0,0.0
2024,18,1749,WR,JAX,10.3,13.8,17.3
2024,18,1760,QB,CHI,10.92,10.92,10.92
2024,18,1761,QB,WAS,4.22,4.22,4.22
2024,18,1765,QB,ATL,24.98,24.98,24.98
2024,18,1768,RB,BUF,12.5,13.5,14.5
2024,18,1813,TE,KC,-0.3,0.2,0.7
2024,18,1833,WR,MIA,4.8,6.8,8.8
2024,18,1873,WR,LAC,0.4,0.9,1.4
2024,18,1905,QB,LV,15.86,15.86,15.86
2024,18,1915,QB,DAL,12.36,12.36,12.36
2024,18,1922,QB,HOU,6.22,6.22,6.22
2024,18,1945,TE,CLE,0.1,0.6,1.1
2024,18,1970,TE,ATL,1.5,2.5,3.5
2024,18,1997,TE,SF,0.0,0.0,0.0
2024,18,2060,QB,MIN,7.64,7.64,7.64
2024,18,2097,QB,NO,14.7,14.7,14.7
2024,18,2152,TE,PHI,6.7,7.2,7.7
2024,18,2195,TE,TB,7.6,8.6,9.6
2024,18,2227,RB,DET,41.0,43.5,46.0
2024,18,2279,WR,NYG,12.4,14.9,17.4
2024,18,2282,WR,TEN,7.3,8.8,10.3
2024,18,2284,TE,NO,3.1,5.1,7.1
2024,18,2290,WR,GB,5.1,6.1,7.1
2024,18,2302,WR,BAL,0.0,0.0,0.0
2024,18,2411,TE,TB,0.0,0.0,0.0
2024,18,2459,WR,PHI,2.4,3.9,5.4
2024,18,2515,RB,GB,5.9,5.9,5.9
2024,18,2553,RB,NO,4.0,4.5,5.0
2024,18,2557,WR,SEA,0.0,0.0,0.0
2024,18,2575,TE,MIN,0.9,1.9,2.9
2024,18,2606,RB,CHI,12.5,12.5,12.5
2024,18,2608,QB,SEA,26.32,26.32,26.32
2024,18,2614,RB,NYG,1.7,2.2,2.7
2024,18,2634,WR,LAC,9.5,12.0,14.5
2024,18,2665,RB,MIA,-0.4,-0.4,-0.4
2024,18,2677,WR,CHI,1.8,2.8,3.8
2024,18,2700,WR,TEN,5.0,7.0,9.0
2024,18,2730,WR,CIN,15.6,20.6,25.6
2024,18,2756,WR,DET,3.4,6.4,9.4
2024,18,2772,WR,GB,4.9,7.4,9.9
2024,18,2791,TE,CIN,6.8,10.8,14.8
2024,18,2795,TE,SF,2.7,3.7,4.7
2024,18,2803,RB,BAL,1.4,1.9,2.4
2024,18,2807,WR,CHI,0.5,2.0,3.5
2024,18,2808,TE,TEN,2.6,3.6,4.6
2024,18,2843,TE,CAR,9.0,10.0,11.0
2024,18,2853,RB,NYJ,2.3,3.3,4.3
2024,18,2862,WR,NYJ,5.1,7.1,9.1
2024,18,2865,RB,CAR,1.6,2.1,2.6
2024,18,2866,RB,WAS,3.2,4.2,5.2
2024,18,2887,TE,NO,1.1,2.1,3.1
2024,18,2893,WR,DEN,2.6,3.6,4.6
2024,18,2913,QB,LA,19.86,19.86,19.86
2024,18,2917,RB,LA,0.9,1.4,1.9
2024,18,2963,RB,ARI,11.5,11.5,11.5
2024,18,2970,WR,WAS,0.0,0.0,0.0
2024,18,2972,RB,JAX,2.6,3.1,3.6
2024,18,2976,WR,JAX,0.0,0.0,0.0
2024,18,2999,WR,JAX,1.1,1.6,2.1
2024,18,3009,RB,PIT,0.1,0.1,0.1
2024,18,3015,RB,BUF,0.4,0.4,0.4
2024,18,3031,RB,SF,12.1,12.6,13.1
2024,18,3038,WR,HOU,1.2,2.2,3.2
2024,18,3056,RB,LV,0.0,0.0,0.0
2024,18,3070,RB,TEN,6.2,6.2,6.2
2024,18,3081,WR,MIA,2.0,3.0,4.0
2024,18,3082,WR,TB,8.9,13.4,17.9
2024,18,3095,QB,ARI,0.2,0.2,0.2
2024,18,3116,WR,LV,2.4,3.9,5.4
2024,18,3121,WR,CAR,0.0,0.0,0.0
2024,18,3122,WR,PIT,2.5,3.0,3.5
2024,18,3133,TE,ARI,12.5,16.0,19.5
2024,18,3152,TE,CLE,0.0,0.0,0.0
2024,18,3159,QB,PIT,11.52,11.52,11.52
2024,18,3161,TE,DET,0.0,0.0,0.0
2024,18,3222,RB,CIN,8.3,11.8,15.3
2024,18,3232,TE,NE,1.9,2.4,2.9
2024,18,3247,WR,SEA,1.3,3.3,5.3
2024,18,3251,RB,NYJ,4.1,4.1,4.1
2024,18,3253,WR,MIA,5.0,7.0,9.0
2024,18,3262,TE,NYG,1.6,2.1,2.6
2024,18,3267,WR,HOU,3.9,4.9,5.9
2024,18,3272,RB,CIN,0.0,0.0,0.0
2024,18,3289,WR,DET,7.7,10.7,13.7
2024,18,3290,RB,CLE,3.9,4.4,4.9
2024,18,3291,QB,KC,0.5,0.5,0.5
2024,18,3302,WR,DAL,1.0,2.5,4.0
2024,18,3307,RB,NE,6.1,8.1,10.1
2024,18,3339,RB,HOU,23.6,23.6,23.6
2024,18,3365,WR,DAL,2.4,3.4,4.4
2024,18,3379,WR,ARI,4.6,6.6,8.6
2024,18,3428,TE,CIN,1.4,3.4,5.4
2024,18,3435,WR,PIT,0.0,0.0,0.0
2024,18,3442,QB,GB,2.76,2.76,2.76
2024,18,3446,RB,MIA,2.1,3.1,4.1
2024,18,3473,WR,ATL,2.4,2.9,3.4
2024,18,3480,RB,BAL,0.0,0.0,0.0
2024,18,3505,QB,LV,0.44,0.44,0.44
2024,18,3512,RB,LAC,0.0,0.0,0.0
2024,18,3517,WR,CHI,0.0,0.0,0.0
2024,18,3547,WR,NYJ,13.1,14.6,16.1
2024,18,3550,TE,DAL,1.2,2.2,3.2
2024,18,3572,TE,WAS,10.4,12.9,15.4
2024,18,3579,WR,MIN,0.0,0.0,0.0
2024,18,3593,TE,BAL,3.8,5.3,6.8
2024,18,3604,TE,ATL,0.0,0.0,0.0
2024,18,3606,WR,BAL,13.6,16.1,18.6
2024,18,3615,WR,CIN,0.0,0.0,0.0
2024,18,3620,TE,PHI,1.0,2.0,3.0
2024,18,3630,WR,WAS,2.4,3.9,5.4
2024,18,3632,RB,NYG,1.0,1.5,2.0
2024,18,3637,WR,PHI,9.9,11.9,13.9
2024,18,3648,WR,DAL,9.8,11.8,13.8
2024,18,3651,QB,LAC,26.04,26.04,26.04
2024,18,3659,WR,NE,1.2,2.2,3.2
2024,18,3672,TE,DET,6.3,9.8,13.3
2024,18,3704,WR,CLE,0.0,0.0,0.0
2024,18,3735,RB,HOU,2.8,3.3,3.8
2024,18,3739,RB,CLE,3.5,4.0,4.5
2024,18,3782,WR,TB,14.0,16.5,19.0
2024,18,3785,WR,CAR,6.9,7.4,7.9
2024,18,3792,QB,KC,3.92,3.92,3.92
2024,18,3802,TE,JAX,6.0,8.0,10.0
2024,18,3812,QB,CLE,0.82,0.82,0.82
2024,18,3814,WR,NE,1.2,1.7,2.2
2024,18,3835,WR,BUF,4.0,5.0,6.0
2024,18,3843,WR,GB,0.0,0.0,0.0
2024,18,3861,WR,MIN,0.0,0.0,0.0
2024,18,3863,WR,GB,0.1,0.1,0.1
2024,18,3870,WR,BAL,0.0,0.0,0.0
2024,18,3874,WR,LV,18.3,22.8,27.3
2024,18,3890,TE,NE,2.7,4.7,6.7
2024,18,3892,WR,MIN,5.4,6.9,8.4
2024,18,3917,WR,LA,9.5,11.5,13.5
2024,18,3925,TE,CAR,3.5,5.0,6.5
2024,18,3934,WR,SF,12.9,15.9,18.9
2024,18,3939,TE,MIA,0.0,0.0,0.0
2024,18,3945,WR,LAC,18.6,25.1,31.6
2024,18,3965,QB,CAR,36.44,36.44,36.44
2024,18,3981,TE,CHI,0.0,0.0,0.0
2024,18,4004,TE,IND,0.7,1.2,1.7
2024,18,4021,WR,NYG,4.3,9.3,14.3
2024,18,4024,WR,PIT,1.8,3.3,4.8
2024,18,4046,WR,NYG,0.0,0.0,0.0
2024,18,4053,WR,ATL,6.6,8.6,10.6
2024,18,4060,WR,TB,1.1,1.6,2.1
2024,18,4061,RB,NE,2.0,2.0,2.0
2024,18,4089,TE,SF,0.0,0.0,0.0
2024,18,4099,RB,CHI,1.9,4.4,6.9
2024,18,4103,RB,PHI,6.7,8.7,10.7
2024,18,4114,WR,CHI,0.0,0.0,0.0
2024,18,4152,RB,GB,13.1,13.6,14.1
2024,18,4158,QB,HOU,6.0,6.0,6.0
2024,18,4164,WR,IND,11.7,12.7,13.7
2024,18,4188,QB,WAS,26.04,26.04,26.04
2024,18,4195,RB,NO,2.5,4.0,5.5
2024,18,4196,WR,NYG,0.0,0.0,0.0
2024,18,4201,RB,NO,2.2,2.7,3.2
2024,18,4210,RB,ATL,0.0,0.0,0.0
2024,18,4214,QB,BUF,9.24,9.24,9.24
2024,18,4223,RB,LV,0.2,0.7,1.2
2024,18,4237,RB,MIA,18.1,18.1,18.1
2024,18,4255,WR,NO,3.3,4.8,6.3
2024,18,4271,QB,JAX,12.7,12.7,12.7
2024,18,4273,RB,DAL,3.7,3.7,3.7
2024,18,4283,RB,DEN,0.3,0.3,0.3
2024,18,4305,WR,PHI,9.4,12.9,16.4
2024,18,4335,WR,KC,0.5,1.0,1.5
2024,18,4354,TE,CIN,1.1,1.6,2.1
2024,18,4368,TE,NO,8.0,11.0,14.0
2024,18,4379,WR,SEA,11.3,12.8,14.3
2024,18,4388,TE,WAS,0.0,0.0,0.0
2024,18,4408,TE,TB,3.6,4.6,5.6
2024,18,4422,TE,HOU,0.0,0.0,0.0
2024,18,4474,WR,CIN,5.3,7.3,9.3
2024,18,4485,TE,PHI,5.5,7.5,9.5
2024,18,4490,RB,TB,1.6,1.6,1.6
2024,18,4493,WR,HOU,9.8,12.3,14.8
2024,18,4529,WR,CAR,4.4,6.9,9.4
2024,18,4542,WR,DAL,5.8,7.3,8.8
2024,18,4570,TE,NYJ,2.0,3.0,4.0
2024,18,4581,WR,CAR,6.96,10.46,13.96
2024,18,4589,RB,PIT,2.1,2.1,2.1
2024,18,4591,QB,BUF,1.12,1.12,1.12
2024,18,4602,RB,BUF,1.3,1.8,2.3
2024,18,4614,RB,GB,10.6,11.1,11.6
2024,18,4617,RB,SEA,9.1,9.1,9.1
2024,18,4638,RB,SEA,4.9,4.9,4.9
2024,18,4642,RB,DEN,9.4,9.4,9.4
2025,1,17,WR,DEN,4.4,6.4,8.4
2025,1,28,QB,PIT,25.66,25.66,25.66
2025,1,30,RB,SF,3.2,4.2,5.2
2025,1,35,WR,GB,0.1,0.6,1.1
2025,1,51,TE,LV,10.3,12.8,15.3
2025,1,65,RB,PIT,-0.2,-0.2,-0.2
2025,1,66,WR,LA,5.1,7.1,9.1
2025,1,71,WR,NE,5.7,8.7,11.7
2025,1,85,WR,CAR,1.1,2.1,3.1
2025,1,93,WR,TEN,0.0,0.0,0.0
2025,1,142,WR,DET,1.6,2.6,3.6
2025,1,155,TE,JAX,0.0,0.0,0.0
2025,1,164,RB,MIN,12.7,14.2,15.7
2025,1,168,TE,LA,0.0,0.0,0.0
2025,1,184,TE,SEA,0.0,0.0,0.0
2025,1,187,RB,CIN,0.6,1.6,2.6
2025,1,202,TE,PIT,7.5,10.0,12.5
2025,1,203,RB,NO,11.7,12.7,13.7
2025,1,216,TE,LAC,5.2,6.2,7.2
2025,1,217,RB,ATL,18.4,21.4,24.4
2025,1,218,WR,KC,5.5,8.0,10.5
2025,1,230,TE,LAC,1.8,2.3,2.8
2025,1,243,WR,JAX,0.0,0.0,0.0
2025,1,244,RB,WAS,2.5,2.5,2.5
2025,1,258,RB,HOU,2.6,3.6,4.6
2025,1,260,TE,HOU,2.8,4.3,5.8
2025,1,270,WR,DEN,12.1,15.1,18.1
2025,1,303,WR,DAL,11.0,14.5,18.0
2025,1,306,QB,DET,10.9,10.9,10.9
2025,1,313,RB,PHI,14.4,16.4,18.4
2025,1,315,RB,HOU,6.0,6.0,6.0
2025,1,319,RB,JAX,1.1,1.1,1.1
2025,1,324,TE,BAL,0.5,1.0,1.5
2025,1,325,WR,CHI,7.6,9.1,10.6
2025,1,327,QB,TB,22.58,22.58,22.58
2025,1,334,WR,IND,1.5,1.5,1.5
2025,1,337,RB,TB,10.5,12.5,14.5
2025,1,365,TE,MIN,0.5,1.0,1.5
2025,1,366,RB,DAL,5.0,5.5,6.0
2025,1,370,QB,ARI,18.32,18.32,18.32
2025,1,373,WR,CLE,6.6,9.1,11.6
2025,1,374,WR,CHI,4.2,6.2,8.2
2025,1,426,WR,LV,0.0,0.0,0.0
2025,1,440,TE,CIN,8.6,10.6,12.6
2025,1,445,WR,ARI,-0.2,0.3,0.8
2025,1,447,RB,DET,0.0,0.0,0.0
2025,1,453,WR,KC,9.9,14.9,19.9
2025,1,468,WR,PHI,0.8,1.3,1.8
2025,1,471,WR,ATL,5.5,9.5,13.5
2025,1,473,WR,WAS,2.7,3.7,4.7
2025,1,480,WR,WAS,15.6,19.1,22.6
2025,1,482,RB,DET,4.3,6.3,8.3
2025,1,487,TE,BUF,2.0,3.0,4.0
2025,1,490,WR,SEA,0.0,0.0,0.0
2025,1,499,WR,BAL,9.5,10.5,11.5
2025,1,506,QB,BAL,29.36,29.36,29.36
2025,1,525,WR,NE,0.3,0.8,1.3
2025,1,535,RB,DEN,12.8,13.8,14.8
2025,1,536,RB,CAR,1.6,2.6,3.6
2025,1,547,RB,IND,9.8,11.3,12.8
2025,1,557,TE,LA,-0.6,0.4,1.4
2025,1,560,RB,BAL,30.2,30.7,31.2
2025,1,561,WR,IND,14.0,17.0,20.0
2025,1,567,TE,CHI,3.1,3.6,4.1
2025,1,580,RB,PHI,1.0,1.0,1.0
2025,1,613,TE,CLE,3.7,5.2,6.7
2025,1,625,QB,PHI,24.28,24.28,24.28
2025,1,697,QB,TEN,4.48,4.48,4.48
2025,1,748,WR,LA,0.4,0.9,1.4
2025,1,751,RB,NE,2.7,3.7,4.7
2025,1,764,WR,PHI,1.6,3.1,4.6
2025,1,767,RB,LAC,1.0,1.5,2.0
2025,1,769,TE,SF,0.4,0.9,1.4
2025,1,785,RB,PIT,2.3,3.8,5.3
2025,1,786,TE,PIT,2.8,4.3,5.8
2025,1,807,RB,DAL,18.4,19.4,20.4
2025,1,810,RB,JAX,15.6,17.1,18.6
2025,1,813,WR,BUF,1.1,1.6,2.1
2025,1,822,WR,BUF,6.1,8.6,11.1
2025,1,824,QB,NYJ,29.52,29.52,29.52
2025,1,869,QB,BUF,38.76,38.76,38.76
2025,1,880,RB,KC,2.8,3.8,4.8
2025,1,885,WR,DAL,3.0,4.5,6.0
2025,1,902,WR,MIN,2.8,3.3,3.8
2025,1,913,RB,MIN,0.0,0.0,0.0
2025,1,914,RB,PIT,0.0,0.0,0.0
2025,1,917,RB,ATL,2.4,2.4,2.4
2025,1,920,TE,IND,0.0,0.0,0.0
2025,1,955,WR,MIA,2.0,3.0,4.0
2025,1,959,RB,DEN,0.4,0.9,1.4
2025,1,972,TE,DEN,0.6,1.1,1.6
2025,1,992,WR,NO,3.3,6.3,9.3
2025,1,999,WR,PHI,0.0,0.0,0.0
2025,1,1004,RB,TEN,0.2,0.2,0.2
2025,1,1011,RB,NO,0.0,0.0,0.0
2025,1,1014,TE,IND,2.0,2.5,3.0
2025,1,1016,RB,LAC,0.0,0.0,0.0
2025,1,1032,RB,SF,3.7,4.2,4.7
2025,1,1041,RB,LV,0.8,0.8,0.8
2025,1,1061,WR,PIT,13.0,15.0,17.0
2025,1,1063,RB,LA,12.9,13.4,13.9
2025,1,1068,TE,NYJ,1.6,2.6,3.6
2025,1,1079,TE,NYG,1.4,1.9,2.4
2025,1,1095,RB,SEA,2.4,3.9,5.4
2025,1,1097,RB,CLE,0.5,1.0,1.5
2025,1,1107,RB,NYJ,14.5,15.5,16.5
2025,1,1110,RB,BUF,16.2,18.7,21.2
2025,1,1111,WR,LA,3.6,4.1,4.6
2025,1,1121,WR,KC,0.0,0.0,0.0
2025,1,1151,WR,NYJ,0.0,0.0,0.0
2025,1,1152,WR,KC,0.0,0.0,0.0
2025,1,1157,QB,CLE,12.2,12.2,12.2
2025,1,1179,TE,DAL,0.0,0.0,0.0
2025,1,1198,RB,JAX,1.2,1.2,1.2
2025,1,1200,RB,NO,2.4,2.4,2.4
2025,1,1205,WR,ARI,0.5,1.0,1.5
2025,1,1214,WR,NE,6.2,7.2,8.2
2025,1,1221,WR,NE,10.3,13.3,16.3
2025,1,1234,WR,HOU,3.5,4.5,5.5
2025,1,1242,RB,ARI,0.0,0.0,0.0
2025,1,1245,TE,MIA,0.0,0.0,0.0
2025,1,1283,WR,CAR,0.0,0.0,0.0
2025,1,1285,QB,DAL,7.82,7.82,7.82
2025,1,1311,QB,CIN,8.82,8.82,8.82
2025,1,1328,RB,DET,0.0,0.0,0.0
2025,1,1335,WR,DEN,1.2,2.7,4.2
2025,1,1342,WR,IND,1.2,2.2,3.2
2025,1,1352,TE,ARI,0.3,0.8,1.3
2025,1,1354,TE,GB,7.9,8.9,9.9
2025,1,1369,TE,LA,7.3,7.8,8.3
2025,1,1370,WR,LA,13.1,18.1,23.1
2025,1,1377,TE,GB,0.4,0.9,1.4
2025,1,1381,WR,BAL,21.1,24.6,28.1
2025,1,1382,TE,LV,3.8,5.8,7.8
2025,1,1417,TE,ATL,0.0,0.0,0.0
2025,1,1459,WR,CAR,1.0,2.5,4.0
2025,1,1464,WR,WAS,0.0,0.0,0.0
2025,1,1472,RB,SF,0.0,0.0,0.0
2025,1,1483,RB,NYG,3.5,4.5,5.5
2025,1,1490,WR,ATL,3.3,4.8,6.3
2025,1,1513,WR,NO,1.3,1.8,2.3
2025,1,1516,RB,BAL,-1.1,-0.6,-0.1
2025,1,1541,WR,TEN,1.3,2.3,3.3
2025,1,1621,TE,TEN,0.0,0.0,0.0
2025,1,1625,WR,TEN,0.8,1.3,1.8
2025,1,1649,TE,ARI,1.0,1.5,2.0
2025,1,1663,RB,LA,1.6,2.1,2.6
2025,1,1666,QB,DEN,8.84,8.84,8.84
2025,1,1672,WR,LA,0.5,0.5,0.5
2025,1,1699,TE,SEA,0.2,0.7,1.2
2025,1,1708,WR,SF,1.6,2.6,3.6
2025,1,1710,WR,IND,0.0,0.0,0.0
2025,1,1726,WR,ARI,13.1,15.6,18.1
2025,1,1730,QB,NE,14.78,15.28,15.78
2025,1,1742,WR,IND,2.1,3.1,4.1
2025,1,1743,QB,MIN,20.22,20.22,20.22
2025,1,1749,WR,JAX,8.0,8.5,9.0
2025,1,1760,QB,CHI,24.2,24.2,24.2
2025,1,1761,QB,WAS,20.12,20.12,20.12
2025,1,1763,RB,ARI,7.5,8.0,8.5
2025,1,1765,QB,ATL,24.02,24.02,24.02
2025,1,1768,RB,BUF,0.1,0.6,1.1
2025,1,1813,TE,KC,0.3,0.8,1.3
2025,1,1833,WR,MIA,2.9,3.9,4.9
2025,1,1843,RB,KC,0.0,0.0,0.0
2025,1,1846,WR,NE,1.2,1.7,2.2
2025,1,1856,WR,HOU,3.2,4.2,5.2
2025,1,1860,TE,IND,7.9,11.4,14.9
2025,1,1865,WR,WAS,1.1,1.6,2.1
2025,1,1873,WR,LAC,0.3,0.3,0.3
2025,1,1889,WR,MIN,0.0,0.0,0.0
2025,1,1891,RB,MIA,0.3,0.8,1.3
2025,1,1900,RB,NO,0.9,0.9,0.9
2025,1,1909,RB,JAX,1.1,1.6,2.1
2025,1,1921,RB,WAS,14.2,14.2,14.2
2025,1,1934,RB,TB,1.6,2.1,2.6
2025,1,1970,TE,ATL,5.9,9.4,12.9
2025,1,1997,TE,SF,7.5,9.0,10.5
2025,1,2019,RB,IND,0.0,0.0,0.0
2025,1,2023,WR,MIN,0.0,0.0,0.0
2025,1,2028,WR,BUF,6.4,9.4,12.4
2025,1,2030,RB,CLE,6.3,6.3,6.3
2025,1,2060,QB,SEA,7.4,7.4,7.4
2025,1,2070,WR,LV,4.5,5.5,6.5
2025,1,2097,QB,NO,11.46,11.46,11.46
2025,1,2105,RB,LAC,6.1,7.1,8.1
2025,1,2110,WR,CIN,0.0,0.0,0.0
2025,1,2113,TE,CLE,6.6,10.1,13.6
2025,1,2114,WR,JAX,3.3,6.3,9.3
2025,1,2126,WR,GB,1.6,2.6,3.6
2025,1,2130,WR,DET,7.3,7.8,8.3
2025,1,2140,WR,CHI,-0.3,0.2,0.7
2025,1,2188,WR,CLE,0.5,1.0,1.5
2025,1,2195,TE,TB,0.0,0.0,0.0
2025,1,2227,RB,DET,5.0,10.0,15.0
2025,1,2279,WR,NYG,7.1,9.6,12.1
2025,1,2282,WR,TEN,2.7,4.7,6.7
2025,1,2290,WR,GB,10.5,12.0,13.5
2025,1,2400,TE,NO,0.0,0.0,0.0
2025,1,2411,TE,TB,0.0,0.0,0.0
2025,1,2429,WR,KC,0.0,0.0,0.0
2025,1,2497,WR,TB,0.0,0.0,0.0
2025,1,2515,RB,GB,0.3,0.8,1.3
2025,1,2534,QB,LA,13.6,13.6,13.6
2025,1,2575,TE,MIN,1.5,3.0,4.5
2025,1,2580,RB,NE,5.1,8.1,11.1
2025,1,2587,RB,SEA,0.0,0.0,0.0
2025,1,2606,RB,CHI,6.5,8.0,9.5
2025,1,2608,QB,LV,17.48,17.48,17.48
2025,1,2613,QB,MIA,5.26,5.26,5.26
2025,1,2614,RB,NYG,0.9,0.9,0.9
2025,1,2625,QB,MIA,1.58,1.58,1.58
2025,1,2634,WR,LAC,7.4,10.4,13.4
2025,1,2677,WR,CHI,9.7,12.7,15.7
2025,1,2700,WR,MIA,0.7,1.2,1.7
2025,1,2724,RB,SEA,0.0,0.0,0.0
2025,1,2730,WR,CIN,2.6,3.6,4.6
2025,1,2756,WR,DET,2.6,4.6,6.6
2025,1,2757,WR,CLE,11.2,13.7,16.2
2025,1,2772,WR,GB,3.0,4.0,5.0
2025,1,2791,TE,CIN,1.4,1.9,2.4
2025,1,2794,WR,MIA,0.9,1.4,1.9
2025,1,2795,TE,SF,8.5,10.5,12.5
2025,1,2807,WR,LAC,12.8,16.3,19.8
2025,1,2821,RB,MIN,7.5,8.0,8.5
2025,1,2843,TE,CAR,0.2,0.7,1.2
2025,1,2849,TE,NYG,0.5,1.0,1.5
2025,1,2853,RB,NYJ,6.9,6.9,6.9
2025,1,2862,WR,NYJ,15.5,19.0,22.5
2025,1,2866,RB,WAS,5.7,7.2,8.7
2025,1,2870,RB,CIN,0.0,0.0,0.0
2025,1,2883,RB,DEN,1.6,2.6,3.6
2025,1,2901,RB,HOU,0.3,0.3,0.3
2025,1,2929,WR,SEA,1.5,2.5,3.5
2025,1,2945,RB,DEN,6.9,7.4,7.9
2025,1,2955,TE,JAX,6.6,7.1,7.6
2025,1,2976,WR,CHI,0.0,0.0,0.0
2025,1,2978,WR,CLE,0.0,0.0,0.0
2025,1,2999,WR,NYJ,1.8,2.8,3.8
2025,1,3024,RB,CAR,0.4,0.4,0.4
2025,1,3037,WR,NYG,0.0,0.0,0.0
2025,1,3056,RB,LV,0.0,0.0,0.0
2025,1,3070,RB,TEN,8.9,9.4,9.9
2025,1,3081,WR,MIA,4.0,6.0,8.0
2025,1,3082,WR,TB,5.1,7.6,10.1
2025,1,3116,WR,LV,11.4,12.4,13.4
2025,1,3120,WR,NYJ,0.0,0.0,0.0
2025,1,3127,TE,TB,0.0,0.0,0.0
2025,1,3133,TE,ARI,6.1,9.1,12.1
2025,1,3139,TE,NE,6.6,8.6,10.6
2025,1,3147,WR,WAS,3.4,3.9,4.4
2025,1,3159,QB,NYG,11.12,11.12,11.12
2025,1,3166,TE,DAL,0.0,0.0,0.0
2025,1,3189,RB,SF,14.2,18.7,23.2
2025,1,3225,QB,JAX,10.32,10.32,10.32
2025,1,3247,WR,SEA,12.4,16.9,21.4
2025,1,3251,RB,NYJ,1.8,1.8,1.8
2025,1,3253,WR,MIA,3.0,5.0,7.0
2025,1,3258,WR,TEN,0.9,0.9,0.9
2025,1,3259,TE,DEN,2.1,3.6,5.1
2025,1,3279,TE,BUF,10.8,12.8,14.8
2025,1,3289,WR,DET,4.5,6.5,8.5
2025,1,3302,WR,NO,2.6,4.1,5.6
2025,1,3307,RB,NE,0.3,0.3,0.3
2025,1,3339,RB,HOU,0.5,0.5,0.5
2025,1,3364,RB,LV,10.0,11.0,12.0
2025,1,3379,WR,ARI,0.4,0.9,1.4
2025,1,3388,RB,NYJ,0.0,0.0,0.0
2025,1,3399,WR,HOU,0.7,1.2,1.7
2025,1,3428,TE,CIN,0.0,0.0,0.0
2025,1,3435,WR,PIT,8.2,8.7,9.2
2025,1,3442,QB,GB,15.92,15.92,15.92
2025,1,3446,RB,MIA,0.1,0.6,1.1
2025,1,3473,WR,ATL,0.0,0.0,0.0
2025,1,3480,RB,BAL,0.5,0.5,0.5
2025,1,3482,RB,CHI,1.1,1.6,2.1
2025,1,3507,TE,GB,0.2,0.7,1.2
2025,1,3550,TE,DAL,2.3,4.8,7.3
2025,1,3572,TE,WAS,8.6,10.1,11.6
2025,1,3578,WR,SEA,0.0,0.0,0.0
2025,1,3580,RB,CLE,9.3,13.3,17.3
2025,1,3594,QB,KC,26.02,26.02,26.02
2025,1,3605,TE,TEN,1.6,2.1,2.6
2025,1,3606,WR,BAL,1.0,2.0,3.0
2025,1,3630,WR,JAX,5.8,7.3,8.8
2025,1,3648,WR,DAL,0.0,0.5,1.0
2025,1,3651,QB,LAC,27.92,27.92,27.92
2025,1,3662,TE,NYJ,2.0,2.5,3.0
2025,1,3664,RB,NYG,0.9,1.9,2.9
2025,1,3672,TE,DET,7.9,10.9,13.9
2025,1,3704,WR,CLE,0.6,1.1,1.6
2025,1,3721,WR,BAL,0.0,0.0,0.0
2025,1,3785,WR,CAR,0.0,0.0,0.0
2025,1,3790,WR,GB,6.8,7.8,8.8
2025,1,3802,TE,JAX,5.9,7.9,9.9
2025,1,3808,RB,ARI,10.4,12.4,14.4
2025,1,3835,WR,BUF,17.2,21.2,25.2
2025,1,3837,TE,LV,0.0,0.0,0.0
2025,1,3855,WR,LAC,1.1,1.6,2.1
2025,1,3861,WR,DEN,0.3,0.8,1.3
2025,1,3862,RB,CIN,11.1,12.1,13.1
2025,1,3863,WR,GB,0.0,0.0,0.0
2025,1,3864,TE,SEA,0.7,1.2,1.7
2025,1,3870,WR,BAL,0.0,0.0,0.0
2025,1,3871,TE,CHI,1.2,2.2,3.2
2025,1,3874,WR,LV,9.7,13.7,17.7
2025,1,3889,TE,WAS,0.0,0.0,0.0
2025,1,3890,TE,NE,1.0,1.5,2.0
2025,1,3892,WR,MIN,10.8,12.8,14.8
2025,1,3917,WR,NYJ,3.1,4.1,5.1
2025,1,3925,TE,CAR,2.7,3.7,4.7
2025,1,3934,WR,SF,10.8,12.8,14.8
2025,1,3942,WR,TB,19.6,21.6,23.6
2025,1,3945,WR,LAC,19.9,22.4,24.9
2025,1,3965,QB,CAR,10.16,10.16,10.16
2025,1,3993,WR,NO,5.4,8.9,12.4
2025,1,4004,TE,PHI,0.1,0.6,1.1
2025,1,4017,WR,TB,0.0,0.0,0.0
2025,1,4021,WR,NYG,5.5,8.5,11.5
2025,1,4048,RB,CAR,14.9,16.4,17.9
2025,1,4053,WR,ATL,5.1,6.6,8.1
2025,1,4060,WR,TB,3.9,5.4,6.9
2025,1,4103,RB,PHI,2.6,2.6,2.6
2025,1,4152,RB,GB,0.4,0.4,0.4
2025,1,4158,QB,HOU,8.72,8.72,8.72
2025,1,4164,WR,IND,3.6,4.1,4.6
2025,1,4192,TE,KC,10.7,11.7,12.7
2025,1,4196,WR,NYG,0.0,0.0,0.0
2025,1,4213,QB,SEA,0.1,0.1,0.1
2025,1,4216,TE,DEN,0.5,1.0,1.5
2025,1,4237,RB,MIA,13.5,15.0,16.5
2025,1,4247,TE,TEN,1.9,3.4,4.9
2025,1,4248,WR,LAC,0.0,0.0,0.0
2025,1,4305,WR,PHI,5.9,7.4,8.9
2025,1,4316,TE,BUF,2.9,3.4,3.9
2025,1,4335,WR,HOU,2.7,3.7,4.7
2025,1,4368,TE,NO,7.6,11.6,15.6
2025,1,4369,WR,TB,0.0,0.0,0.0
2025,1,4379,WR,PIT,8.3,10.3,12.3
2025,1,4422,TE,HOU,2.2,4.2,6.2
2025,1,4424,WR,KC,4.1,5.1,6.1
2025,1,4447,WR,WAS,2.7,3.7,4.7
2025,1,4450,QB,IND,29.48,29.48,29.48
2025,1,4474,WR,CIN,3.3,4.8,6.3
2025,1,4485,TE,PHI,4.4,7.9,11.4
2025,1,4490,RB,TB,0.2,0.2,0.2
2025,1,4493,WR,HOU,2.5,4.0,5.5
2025,1,4502,WR,SF,0.0,0.0,0.0
2025,1,4529,WR,MIN,0.0,0.0,0.0
2025,1,4542,WR,DAL,2.7,3.7,4.7
2025,1,4551,WR,LV,2.3,2.8,3.3
2025,1,4561,QB,SF,16.78,16.78,16.78
2025,1,4573,WR,CAR,6.8,9.3,11.8
2025,1,4589,RB,PIT,11.9,12.9,13.9
2025,1,4595,WR,ATL,0.0,0.0,0.0
2025,1,4597,RB,IND,4.1,4.1,4.1
2025,1,4602,RB,BUF,2.4,2.4,2.4
2025,1,4605,RB,KC,2.6,3.6,4.6
2025,1,4614,RB,GB,13.0,13.5,14.0
2025,1,4617,RB,SEA,10.7,10.7,10.7
2025,2,17,WR,DEN,16.0,20.0,24.0
2025,2,28,QB,PIT,8.42,8.42,8.42
2025,2,30,RB,SF,0.5,1.0,1.5
2025,2,35,WR,GB,2.4,2.4,2.4
2025,2,51,TE,LV,3.8,6.3,8.8
2025,2,65,RB,PIT,0.1,0.1,0.1
2025,2,66,WR,LA,16.6,19.6,22.6
2025,2,71,WR,NE,3.2,5.2,7.2
2025,2,85,WR,CAR,16.8,20.3,23.8
2025,2,93,WR,TEN,0.9,1.9,2.9
2025,2,142,WR,DET,2.3,2.8,3.3
2025,2,164,RB,MIN,2.3,2.3,2.3
2025,2,168,TE,LA,3.7,5.7,7.7
2025,2,184,TE,SEA,0.0,0.0,0.0
2025,2,187,RB,CIN,0.0,0.0,0.0
2025,2,191,QB,BAL,-0.4,-0.4,-0.4
2025,2,202,TE,PIT,2.7,4.7,6.7
2025,2,203,RB,NO,12.0,15.0,18.0
2025,2,217,RB,ATL,16.8,18.3,19.8
2025,2,218,WR,KC,0.5,1.0,1.5
2025,2,230,TE,LAC,0.7,1.2,1.7
2025,2,243,WR,JAX,7.6,10.1,12.6
2025,2,258,RB,HOU,0.0,0.0,0.0
2025,2,260,TE,HOU,2.9,4.4,5.9
2025,2,270,WR,DEN,0.6,1.1,1.6
2025,2,293,WR,JAX,0.0,0.0,0.0
2025,2,303,WR,DAL,11.2,15.7,20.2
2025,2,306,QB,DET,33.96,33.96,33.96
2025,2,311,QB,ARI,0.2,0.2,0.2
2025,2,312,QB,PIT,0.48,0.48,0.48
2025,2,313,RB,PHI,15.4,16.4,17.4
2025,2,315,RB,HOU,13.2,14.2,15.2
2025,2,319,RB,JAX,13.4,14.4,15.4
2025,2,324,TE,BAL,0.4,0.9,1.4
2025,2,325,WR,CHI,4.6,7.1,9.6
2025,2,327,QB,TB,19.9,19.9,19.9
2025,2,334,WR,IND,0.0,0.0,0.0
2025,2,337,RB,TB,12.1,15.1,18.1
2025,2,366,RB,DAL,7.9,8.9,9.9
2025,2,370,QB,ARI,14.0,14.0,14.0
2025,2,373,WR,CLE,5.1,7.1,9.1
2025,2,374,WR,CHI,2.1,3.1,4.1
2025,2,440,TE,CIN,2.8,4.3,5.8
2025,2,445,WR,ARI,1.1,1.6,2.1
2025,2,447,RB,DET,0.4,0.4,0.4
2025,2,453,WR,KC,3.0,5.5,8.0
2025,2,468,WR,PHI,2.7,5.2,7.7
2025,2,471,WR,ATL,4.9,6.4,7.9
2025,2,473,WR,WAS,4.8,7.3,9.8
2025,2,480,WR,WAS,10.4,13.9,17.4
2025,2,482,RB,DET,12.1,12.6,13.1
2025,2,485,RB,HOU,0.0,0.0,0.0
2025,2,487,TE,BUF,1.9,2.9,3.9
2025,2,499,WR,BAL,12.4,13.4,14.4
2025,2,506,QB,BAL,26.3,26.3,26.3
2025,2,525,WR,NE,6.8,7.3,7.8
2025,2,529,TE,WAS,0.7,1.2,1.7
2025,2,535,RB,DEN,14.5,15.0,15.5
2025,2,536,RB,CAR,1.9,2.4,2.9
2025,2,547,RB,IND,27.5,28.5,29.5
2025,2,560,RB,BAL,2.3,2.3,2.3
2025,2,561,WR,IND,4.0,6.0,8.0
2025,2,567,TE,CHI,2.9,3.9,4.9
2025,2,577,TE,HOU,0.0,0.0,0.0
2025,2,580,RB,PHI,1.9,1.9,1.9
2025,2,600,WR,ATL,2.0,3.0,4.0
2025,2,612,TE,ARI,0.0,0.0,0.0
2025,2,613,TE,CLE,4.0,6.0,8.0
2025,2,625,QB,PHI,11.54,11.54,11.54
2025,2,669,TE,JAX,0.0,0.0,0.0
2025,2,697,QB,TEN,11.8,11.8,11.8
2025,2,748,WR,LA,0.0,0.0,0.0
2025,2,751,RB,NE,14.2,16.7,19.2
2025,2,764,WR,PHI,5.3,7.3,9.3
2025,2,767,RB,LAC,4.8,5.8,6.8
2025,2,769,TE,SF,7.5,8.5,9.5
2025,2,785,RB,PIT,3.6,5.1,6.6
2025,2,786,TE,PIT,3.1,4.6,6.1
2025,2,807,RB,DAL,19.0,22.0,25.0
2025,2,810,RB,JAX,14.9,15.9,16.9
2025,2,813,WR,BUF,9.7,10.2,10.7
2025,2,822,WR,BUF,4.7,5.7,6.7
2025,2,824,QB,NYJ,5.98,5.98,5.98
2025,2,868,RB,ARI,0.0,0.0,0.0
2025,2,869,QB,BUF,11.82,11.82,11.82
2025,2,880,RB,KC,2.9,3.4,3.9
2025,2,885,WR,DAL,12.8,15.3,17.8
2025,2,902,WR,MIN,3.1,4.6,6.1
2025,2,914,RB,PIT,0.6,1.1,1.6
2025,2,917,RB,ATL,14.0,14.5,15.0
2025,2,920,TE,IND,0.0,0.0,0.0
2025,2,946,TE,BAL,0.0,0.0,0.0
2025,2,992,WR,NO,11.2,13.2,15.2
2025,2,999,WR,PHI,0.0,0.5,1.0
2025,2,1014,TE,IND,0.8,1.3,1.8
2025,2,1016,RB,LAC,0.0,0.0,0.0
2025,2,1032,RB,SF,1.9,2.4,2.9
2025,2,1041,RB,LV,1.3,2.3,3.3
2025,2,1061,WR,PIT,2.2,2.7,3.2
2025,2,1063,RB,LA,8.0,9.0,10.0
2025,2,1068,TE,NYJ,6.5,7.0,7.5
2025,2,1079,TE,NYG,0.0,0.0,0.0
2025,2,1095,RB,SEA,17.8,18.3,18.8
2025,2,1097,RB,CLE,5.4,7.9,10.4
2025,2,1107,RB,NYJ,3.8,4.8,5.8
2025,2,1110,RB,BUF,25.5,26.0,26.5
2025,2,1111,WR,LA,0.0,0.0,0.0
2025,2,1131,QB,CHI,1.78,1.78,1.78
2025,2,1144,WR,GB,3.7,4.2,4.7
2025,2,1152,WR,KC,2.1,2.6,3.1
2025,2,1157,QB,CLE,10.76,10.76,10.76
2025,2,1179,TE,DAL,0.0,0.0,0.0
2025,2,1200,RB,NO,1.0,1.5,2.0
2025,2,1205,WR,ARI,7.1,7.6,8.1
2025,2,1214,WR,NE,0.8,1.3,1.8
2025,2,1221,WR,NE,7.6,8.1,8.6
2025,2,1234,WR,HOU,2.9,3.9,4.9
2025,2,1267,WR,BUF,0.0,0.0,0.0
2025,2,1270,RB,DAL,0.0,0.0,0.0
2025,2,1283,WR,CAR,4.8,6.3,7.8
2025,2,1285,QB,DAL,22.14,22.14,22.14
2025,2,1311,QB,CIN,7.04,7.04,7.04
2025,2,1328,RB,DET,0.0,0.0,0.0
2025,2,1335,WR,DEN,8.4,9.4,10.4
2025,2,1342,WR,IND,5.1,8.1,11.1
2025,2,1352,TE,ARI,4.5,5.5,6.5
2025,2,1354,TE,GB,18.4,21.4,24.4
2025,2,1369,TE,LA,6.8,7.3,7.8
2025,2,1370,WR,LA,19.6,23.6,27.6
2025,2,1377,TE,GB,3.2,4.2,5.2
2025,2,1381,WR,BAL,7.9,11.4,14.9
2025,2,1382,TE,LV,0.9,1.9,2.9
2025,2,1459,WR,CAR,-0.2,0.3,0.8
2025,2,1464,WR,WAS,1.9,2.4,2.9
2025,2,1472,RB,SF,0.0,0.0,0.0
2025,2,1483,RB,NYG,5.1,7.1,9.1
2025,2,1502,WR,DAL,0.0,0.0,0.0
2025,2,1513,WR,NO,6.3,6.8,7.3
2025,2,1516,RB,BAL,2.5,4.0,5.5
2025,2,1541,WR,TEN,11.6,13.6,15.6
2025,2,1613,WR,CIN,1.2,1.7,2.2
2025,2,1625,WR,TEN,0.0,0.0,0.0
2025,2,1663,RB,LA,10.4,10.4,10.4
2025,2,1666,QB,DEN,20.24,20.24,20.24
2025,2,1672,WR,LA,4.2,5.2,6.2
2025,2,1699,TE,SEA,8.8,9.8,10.8
2025,2,1708,WR,SF,14.9,17.4,19.9
2025,2,1710,WR,IND,0.0,0.0,0.0
2025,2,1726,WR,ARI,2.7,3.7,4.7
2025,2,1730,QB,NE,26.3,26.3,26.3
2025,2,1742,WR,IND,2.0,3.0,4.0
2025,2,1743,QB,MIN,4.82,4.82,4.82
2025,2,1749,WR,JAX,4.9,6.9,8.9
2025,2,1760,QB,CHI,16.98,16.98,16.98
2025,2,1761,QB,WAS,17.7,17.7,17.7
2025,2,1763,RB,ARI,4.4,6.4,8.4
2025,2,1765,QB,ATL,5.3,5.3,5.3
2025,2,1768,RB,BUF,2.4,2.4,2.4
2025,2,1813,TE,KC,0.1,0.6,1.1
2025,2,1833,WR,MIA,2.5,3.0,3.5
2025,2,1843,RB,KC,0.2,0.2,0.2
2025,2,1856,WR,HOU,2.8,3.3,3.8
2025,2,1860,TE,IND,7.9,9.9,11.9
2025,2,1865,WR,WAS,0.2,0.7,1.2
2025,2,1866,TE,CAR,0.9,1.4,1.9
2025,2,1873,WR,LAC,0.0,0.0,0.0
2025,2,1891,RB,MIA,1.3,1.8,2.3
2025,2,1909,RB,JAX,1.3,1.3,1.3
2025,2,1921,RB,WAS,1.7,1.7,1.7
2025,2,1934,RB,TB,12.6,13.6,14.6
2025,2,1970,TE,ATL,3.7,5.7,7.7
2025,2,1996,WR,NYG,0.0,0.0,0.0
2025,2,1997,TE,SF,3.1,5.1,7.1
2025,2,2023,WR,MIN,0.0,0.0,0.0
2025,2,2028,WR,BUF,1.2,1.7,2.2
2025,2,2060,QB,SEA,15.8,15.8,15.8
2025,2,2070,WR,LV,2.0,2.5,3.0
2025,2,2097,QB,NO,21.68,21.68,21.68
2025,2,2105,RB,LAC,2.5,3.0,3.5
2025,2,2106,RB,SEA,0.0,0.0,0.0
2025,2,2110,WR,CIN,0.0,0.0,0.0
2025,2,2113,TE,CLE,4.8,7.3,9.8
2025,2,2114,WR,JAX,2.2,3.7,5.2
2025,2,2126,WR,GB,1.5,1.5,1.5
2025,2,2130,WR,DET,2.9,3.4,3.9
2025,2,2140,WR,CHI,0.5,1.0,1.5
2025,2,2188,WR,CLE,1.5,2.0,2.5
2025,2,2195,TE,TB,0.0,0.0,0.0
2025,2,2227,RB,DET,16.4,17.9,19.4
2025,2,2279,WR,NYG,28.7,33.2,37.7
2025,2,2282,WR,TEN,5.7,7.2,8.7
2025,2,2497,WR,TB,0.0,0.0,0.0
2025,2,2515,RB,GB,2.7,4.2,5.7
2025,2,2534,QB,LA,17.32,17.32,17.32
2025,2,2575,TE,MIN,1.2,1.7,2.2
2025,2,2580,RB,NE,4.0,5.0,6.0
2025,2,2587,RB,SEA,0.0,0.0,0.0
2025,2,2606,RB,CHI,12.9,14.4,15.9
2025,2,2608,QB,LV,3.2,3.2,3.2
2025,2,2613,QB,MIA,18.6,18.6,18.6
2025,2,2614,RB,NYG,0.0,0.5,1.0
2025,2,2634,WR,LAC,4.8,7.3,9.8
2025,2,2648,QB,CIN,17.74,17.74,17.74
2025,2,2677,WR,CHI,24.8,28.3,31.8
2025,2,2700,WR,MIA,1.8,2.8,3.8
2025,2,2724,RB,SEA,0.0,0.0,0.0
2025,2,2730,WR,CIN,22.5,29.5,36.5
2025,2,2756,WR,DET,16.8,17.8,18.8
2025,2,2757,WR,CLE,8.2,9.2,10.2
2025,2,2772,WR,GB,4.4,6.4,8.4
2025,2,2791,TE,CIN,1.8,3.3,4.8
2025,2,2794,WR,MIA,0.8,1.3,1.8
2025,2,2807,WR,LAC,12.1,14.6,17.1
2025,2,2821,RB,MIN,3.8,4.8,5.8
2025,2,2843,TE,CAR,2.0,3.5,5.0
2025,2,2849,TE,NYG,3.4,5.4,7.4
2025,2,2853,RB,NYJ,1.1,1.1,1.1
2025,2,2862,WR,NYJ,5.0,7.0,9.0
2025,2,2866,RB,WAS,2.4,3.4,4.4
2025,2,2870,RB,CIN,0.0,0.0,0.0
2025,2,2883,RB,DEN,2.2,3.2,4.2
2025,2,2901,RB,HOU,5.1,5.6,6.1
2025,2,2929,WR,SEA,9.0,12.5,16.0
2025,2,2945,RB,DEN,2.4,2.9,3.4
2025,2,2976,WR,CHI,0.0,0.0,0.0
2025,2,2978,WR,CLE,0.0,0.0,0.0
2025,2,3015,RB,BUF,0.0,0.0,0.0
2025,2,3024,RB,CAR,0.2,0.7,1.2
2025,2,3037,WR,NYG,0.0,0.0,0.0
2025,2,3056,RB,LV,1.7,2.7,3.7
2025,2,3070,RB,TEN,9.2,9.2,9.2
2025,2,3081,WR,MIA,10.9,13.9,16.9
2025,2,3082,WR,TB,5.6,8.1,10.6
2025,2,3116,WR,LV,1.9,3.4,4.9
2025,2,3120,WR,NYJ,-0.2,0.3,0.8
2025,2,3124,WR,BAL,14.6,15.6,16.6
2025,2,3127,TE,TB,2.5,4.0,5.5
2025,2,3133,TE,ARI,7.8,10.8,13.8
2025,2,3139,TE,NE,0.9,1.4,1.9
2025,2,3159,QB,NYG,30.3,30.3,30.3
2025,2,3161,TE,DET,8.8,10.3,11.8
2025,2,3166,TE,DAL,0.3,0.8,1.3
2025,2,3167,RB,CLE,7.1,8.6,10.1
2025,2,3189,RB,SF,16.7,19.7,22.7
2025,2,3225,QB,JAX,19.24,19.24,19.24
2025,2,3226,QB,NYG,-0.3,-0.3,-0.3
2025,2,3247,WR,SEA,10.3,14.3,18.3
2025,2,3251,RB,NYJ,0.6,1.1,1.6
2025,2,3253,WR,MIA,12.8,15.3,17.8
2025,2,3258,WR,TEN,0.8,1.8,2.8
2025,2,3259,TE,DEN,1.2,1.7,2.2
2025,2,3279,TE,BUF,3.7,5.7,7.7
2025,2,3289,WR,DET,30.2,34.7,39.2
2025,2,3302,WR,NO,2.6,3.6,4.6
2025,2,3307,RB,NE,2.8,3.3,3.8
2025,2,3364,RB,LV,4.4,5.9,7.4
2025,2,3399,WR,HOU,0.0,0.0,0.0
2025,2,3418,TE,MIN,0.0,0.0,0.0
2025,2,3428,TE,CIN,0.7,1.2,1.7
2025,2,3435,WR,PIT,0.0,0.0,0.0
2025,2,3442,QB,GB,20.88,20.88,20.88
2025,2,3446,RB,MIA,1.3,2.3,3.3
2025,2,3480,RB,BAL,0.0,0.0,0.0
2025,2,3482,RB,CHI,3.6,4.1,4.6
2025,2,3507,TE,GB,0.0,0.0,0.0
2025,2,3550,TE,DAL,7.8,12.3,16.8
2025,2,3572,TE,WAS,12.4,15.4,18.4
2025,2,3578,WR,SEA,9.2,10.2,11.2
2025,2,3580,RB,CLE,7.9,9.4,10.9
2025,2,3594,QB,KC,22.08,22.08,22.08
2025,2,3605,TE,TEN,0.9,1.9,2.9
2025,2,3606,WR,BAL,1.5,2.5,3.5
2025,2,3615,WR,NYJ,0.0,0.0,0.0
2025,2,3620,TE,PHI,0.6,1.1,1.6
2025,2,3630,WR,JAX,12.6,15.1,17.6
2025,2,3648,WR,DAL,1.6,2.6,3.6
2025,2,3651,QB,LAC,20.78,20.78,20.78
2025,2,3659,WR,SF,3.2,4.7,6.2
2025,2,3662,TE,NYJ,0.5,1.0,1.5
2025,2,3664,RB,NYG,11.9,12.9,13.9
2025,2,3672,TE,DET,2.6,4.1,5.6
2025,2,3704,WR,CLE,0.5,1.0,1.5
2025,2,3721,WR,BAL,0.0,0.0,0.0
2025,2,3728,TE,LV,0.0,0.0,0.0
2025,2,3790,WR,GB,8.8,10.3,11.8
2025,2,3796,WR,SEA,0.0,0.0,0.0
2025,2,3802,TE,JAX,1.7,3.2,4.7
2025,2,3806,QB,NYJ,8.34,8.34,8.34
2025,2,3808,RB,ARI,11.2,11.7,12.2
2025,2,3835,WR,BUF,2.6,4.1,5.6
2025,2,3844,QB,CLE,4.76,4.76,4.76
2025,2,3855,WR,LAC,3.4,4.4,5.4
2025,2,3861,WR,DEN,0.3,0.8,1.3
2025,2,3862,RB,CIN,6.5,7.5,8.5
2025,2,3864,TE,SEA,3.1,4.1,5.1
2025,2,3870,WR,BAL,8.5,9.5,10.5
2025,2,3871,TE,CHI,0.0,0.0,0.0
2025,2,3874,WR,LV,6.8,9.8,12.8
2025,2,3890,TE,NE,3.8,5.3,6.8
2025,2,3892,WR,MIN,8.1,9.6,11.1
2025,2,3917,WR,NYJ,0.0,0.0,0.0
2025,2,3925,TE,CAR,5.4,8.9,12.4
2025,2,3934,WR,SF,5.2,7.2,9.2
2025,2,3942,WR,TB,8.9,10.9,12.9
2025,2,3945,WR,LAC,12.9,14.4,15.9
2025,2,3965,QB,CAR,23.32,23.32,23.32
2025,2,3993,WR,NO,5.4,8.4,11.4
2025,2,4004,TE,PHI,0.5,1.0,1.5
2025,2,4017,WR,TB,8.0,8.5,9.0
2025,2,4021,WR,NYG,20.2,24.2,28.2
2025,2,4024,WR,TEN,1.0,2.0,3.0
2025,2,4048,RB,CAR,13.7,16.2,18.7
2025,2,4053,WR,ATL,0.0,0.0,0.0
2025,2,4060,WR,TB,3.4,5.4,7.4
2025,2,4089,TE,SF,0.0,0.0,0.0
2025,2,4094,TE,PIT,0.0,0.0,0.0
2025,2,4099,RB,CHI,0.0,0.0,0.0
2025,2,4152,RB,GB,0.0,0.0,0.0
2025,2,4158,QB,HOU,14.98,14.98,14.98
2025,2,4164,WR,IND,6.8,8.8,10.8
2025,2,4192,TE,KC,6.1,8.1,10.1
2025,2,4195,RB,TEN,0.0,0.0,0.0
2025,2,4196,WR,NYG,6.1,7.1,8.1
2025,2,4214,QB,BUF,0.98,0.98,0.98
2025,2,4216,TE,DEN,7.0,8.5,10.0
2025,2,4237,RB,MIA,18.2,22.2,26.2
2025,2,4247,TE,TEN,3.5,5.5,7.5
2025,2,4248,WR,LAC,0.0,0.0,0.0
2025,2,4255,WR,SF,0.0,0.0,0.0
2025,2,4271,QB,SF,23.76,23.76,23.76
2025,2,4305,WR,PHI,0.4,0.9,1.4
2025,2,4316,TE,BUF,0.5,1.0,1.5
2025,2,4335,WR,HOU,0.3,0.8,1.3
2025,2,4363,WR,CIN,7.3,7.8,8.3
2025,2,4368,TE,NO,10.9,13.4,15.9
2025,2,4379,WR,PIT,8.0,9.5,11.0
2025,2,4424,WR,KC,11.9,12.9,13.9
2025,2,4447,WR,WAS,0.9,1.4,1.9
2025,2,4450,QB,IND,22.84,22.84,22.84
2025,2,4474,WR,CIN,11.6,13.1,14.6
2025,2,4490,RB,TB,0.0,0.0,0.0
2025,2,4493,WR,HOU,11.2,12.7,14.2
2025,2,4496,WR,PIT,0.7,1.2,1.7
2025,2,4502,WR,SF,0.0,0.0,0.0
2025,2,4529,WR,MIN,2.6,3.6,4.6
2025,2,4542,WR,DAL,11.3,13.3,15.3
2025,2,4571,WR,DEN,1.8,2.8,3.8
2025,2,4573,WR,CAR,10.0,13.0,16.0
2025,2,4589,RB,PIT,13.4,15.4,17.4
2025,2,4597,RB,IND,0.0,0.0,0.0
2025,2,4602,RB,BUF,0.6,0.6,0.6
2025,2,4605,RB,KC,3.4,3.9,4.4
2025,2,4614,RB,GB,14.4,14.4,14.4
2025,2,4617,RB,SEA,1.0,1.0,1.0
2025,3,17,WR,DEN,0.8,1.8,2.8
2025,3,28,QB,PIT,11.66,11.66,11.66
2025,3,30,RB,SF,6.1,6.6,7.1
2025,3,35,WR,GB,-0.1,-0.1,-0.1
2025,3,51,TE,LV,3.8,5.8,7.8
2025,3,66,WR,LA,11.6,13.1,14.6
2025,3,71,WR,NE,2.3,3.8,5.3
2025,3,85,WR,CAR,0.6,1.6,2.6
2025,3,93,WR,TEN,3.7,5.7,7.7
2025,3,142,WR,DET,0.4,0.9,1.4
2025,3,155,TE,JAX,0.7,1.2,1.7
2025,3,168,TE,LA,0.0,0.0,0.0
2025,3,184,TE,SEA,1.2,1.7,2.2
2025,3,187,RB,CIN,2.1,2.1,2.1
2025,3,202,TE,PIT,2.3,3.8,5.3
2025,3,203,RB,NO,5.6,6.1,6.6
2025,3,216,TE,LAC,0.0,0.0,0.0
2025,3,217,RB,ATL,11.1,13.6,16.1
2025,3,218,WR,KC,5.5,7.5,9.5
2025,3,243,WR,JAX,3.4,5.4,7.4
2025,3,244,RB,WAS,13.8,13.8,13.8
2025,3,258,RB,HOU,0.0,0.0,0.0
2025,3,260,TE,HOU,3.9,6.4,8.9
2025,3,270,WR,DEN,17.8,20.8,23.8
2025,3,293,WR,JAX,1.6,2.1,2.6
2025,3,306,QB,DET,12.68,12.68,12.68
2025,3,313,RB,PHI,5.5,7.5,9.5
2025,3,315,RB,HOU,4.0,5.5,7.0
2025,3,319,RB,JAX,8.1,8.1,8.1
2025,3,323,WR,HOU,2.5,4.0,5.5
2025,3,324,TE,BAL,21.1,24.1,27.1
2025,3,325,WR,CHI,8.8,10.8,12.8
2025,3,327,QB,TB,17.72,17.72,17.72
2025,3,334,WR,IND,0.0,0.0,0.0
2025,3,337,RB,TB,9.9,11.9,13.9
2025,3,365,TE,MIN,7.2,7.7,8.2
2025,3,366,RB,DAL,5.3,6.8,8.3
2025,3,370,QB,ARI,14.06,14.06,14.06
2025,3,373,WR,CLE,1.7,2.2,2.7
2025,3,374,WR,CHI,3.6,5.1,6.6
2025,3,413,WR,ATL,0.9,1.4,1.9
2025,3,440,TE,CIN,2.6,5.1,7.6
2025,3,445,WR,ARI,0.8,1.8,2.8
2025,3,453,WR,KC,4.2,6.2,8.2
2025,3,468,WR,PHI,16.9,19.9,22.9
2025,3,471,WR,ATL,5.5,8.0,10.5
2025,3,473,WR,WAS,7.4,8.9,10.4
2025,3,480,WR,WAS,2.9,3.9,4.9
2025,3,482,RB,DET,28.4,28.9,29.4
2025,3,485,RB,HOU,0.0,0.0,0.0
2025,3,499,WR,BAL,1.3,1.8,2.3
2025,3,506,QB,BAL,27.02,27.02,27.02
2025,3,525,WR,NE,2.7,4.7,6.7
2025,3,535,RB,DEN,14.3,14.8,15.3
2025,3,536,RB,CAR,9.8,10.3,10.8
2025,3,547,RB,IND,29.8,31.3,32.8
2025,3,560,RB,BAL,11.7,12.2,12.7
2025,3,561,WR,IND,13.3,16.3,19.3
2025,3,567,TE,CHI,7.0,7.5,8.0
2025,3,600,WR,ATL,4.4,6.4,8.4
2025,3,613,TE,CLE,4.0,6.5,9.0
2025,3,625,QB,PHI,31.04,31.04,31.04
2025,3,651,RB,MIN,1.9,1.9,1.9
2025,3,696,WR,ARI,0.0,0.0,0.0
2025,3,697,QB,TEN,11.96,11.96,11.96
2025,3,748,WR,LA,0.0,0.0,0.0
2025,3,751,RB,NE,5.6,7.1,8.6
2025,3,764,WR,PHI,12.0,16.0,20.0
2025,3,767,RB,LAC,2.8,2.8,2.8
2025,3,785,RB,PIT,8.6,9.1,9.6
2025,3,786,TE,PIT,0.6,1.1,1.6
2025,3,807,RB,DAL,9.2,11.7,14.2
2025,3,810,RB,JAX,11.6,11.6,11.6
2025,3,813,WR,BUF,4.1,5.1,6.1
2025,3,822,WR,BUF,0.5,1.0,1.5
2025,3,843,RB,IND,0.6,0.6,0.6
2025,3,869,QB,BUF,23.02,23.02,23.02
2025,3,880,RB,KC,4.8,5.3,5.8
2025,3,885,WR,DAL,12.8,15.3,17.8
2025,3,889,WR,NO,0.0,0.0,0.0
2025,3,902,WR,MIN,3.7,5.2,6.7
2025,3,917,RB,ATL,0.4,0.9,1.4
2025,3,954,WR,CLE,0.0,0.0,0.0
2025,3,955,WR,MIA,1.3,1.8,2.3
2025,3,972,TE,DEN,0.9,1.4,1.9
2025,3,992,WR,NO,4.2,6.2,8.2
2025,3,999,WR,PHI,0.8,1.3,1.8
2025,3,1004,RB,TEN,2.6,2.6,2.6
2025,3,1011,RB,NO,0.0,0.0,0.0
2025,3,1016,RB,LAC,0.0,0.0,0.0
2025,3,1024,TE,LAC,0.0,0.0,0.0
2025,3,1028,QB,SEA,0.5,0.5,0.5
2025,3,1032,RB,SF,2.2,2.2,2.2
2025,3,1041,RB,LV,2.3,2.8,3.3
2025,3,1061,WR,PIT,9.4,10.9,12.4
2025,3,1063,RB,LA,17.2,18.2,19.2
2025,3,1079,TE,NYG,0.6,1.1,1.6
2025,3,1094,TE,BAL,2.2,3.2,4.2
2025,3,1095,RB,SEA,17.0,17.5,18.0
2025,3,1097,RB,CLE,1.0,3.0,5.0
2025,3,1107,RB,NYJ,5.2,7.2,9.2
2025,3,1110,RB,BUF,17.8,19.3,20.8
2025,3,1111,WR,LA,0.0,0.0,0.0
2025,3,1144,WR,GB,0.0,0.0,0.0
2025,3,1152,WR,KC,1.1,1.1,1.1
2025,3,1157,QB,CLE,3.68,3.68,3.68
2025,3,1179,TE,DAL,0.5,1.0,1.5
2025,3,1198,RB,PHI,0.0,0.0,0.0
2025,3,1200,RB,NO,3.6,4.6,5.6
2025,3,1205,WR,ARI,0.5,1.0,1.5
2025,3,1214,WR,NE,0.7,1.7,2.7
2025,3,1218,RB,WAS,3.9,3.9,3.9
2025,3,1221,WR,NE,2.8,3.8,4.8
2025,3,1234,WR,HOU,1.6,3.1,4.6
2025,3,1242,RB,ARI,0.0,0.0,0.0
2025,3,1245,TE,MIA,0.4,0.9,1.4
2025,3,1267,WR,BUF,2.4,3.4,4.4
2025,3,1283,WR,CAR,1.5,2.5,3.5
2025,3,1285,QB,DAL,10.04,10.04,10.04
2025,3,1328,RB,DET,0.0,0.0,0.0
2025,3,1335,WR,DEN,0.4,0.9,1.4
2025,3,1342,WR,IND,3.4,4.4,5.4
2025,3,1352,TE,ARI,0.7,1.2,1.7
2025,3,1354,TE,GB,2.9,4.4,5.9
2025,3,1369,TE,LA,0.3,0.8,1.3
2025,3,1370,WR,LA,11.8,17.3,22.8
2025,3,1381,WR,BAL,1.3,2.3,3.3
2025,3,1382,TE,LV,0.0,0.0,0.0
2025,3,1464,WR,WAS,11.6,13.1,14.6
2025,3,1465,QB,DAL,-0.36,-0.36,-0.36
2025,3,1469,RB,DET,0.0,0.0,0.0
2025,3,1472,RB,SF,0.0,0.0,0.0
2025,3,1483,RB,NYG,3.6,4.6,5.6
2025,3,1502,WR,DAL,2.1,3.1,4.1
2025,3,1516,RB,BAL,4.5,6.0,7.5
2025,3,1536,QB,CIN,0.0,0.0,0.0
2025,3,1541,WR,TEN,9.8,11.8,13.8
2025,3,1614,TE,CIN,0.6,1.1,1.6
2025,3,1649,TE,ARI,0.8,1.8,2.8
2025,3,1663,RB,LA,5.3,5.3,5.3
2025,3,1666,QB,DEN,13.42,13.42,13.42
2025,3,1672,WR,LA,1.4,2.4,3.4
2025,3,1699,TE,SEA,2.3,2.8,3.3
2025,3,1710,WR,IND,0.0,0.0,0.0
2025,3,1726,WR,ARI,4.4,5.9,7.4
2025,3,1730,QB,NE,21.22,21.22,21.22
2025,3,1742,WR,IND,0.0,0.0,0.0
2025,3,1749,WR,JAX,5.5,6.5,7.5
2025,3,1760,QB,CHI,29.12,29.12,29.12
2025,3,1763,RB,ARI,5.1,6.6,8.1
2025,3,1765,QB,ATL,3.78,3.78,3.78
2025,3,1768,RB,BUF,0.0,0.0,0.0
2025,3,1813,TE,KC,1.7,3.2,4.7
2025,3,1833,WR,MIA,3.2,4.7,6.2
2025,3,1843,RB,KC,1.3,1.3,1.3
2025,3,1846,WR,NE,0.8,1.3,1.8
2025,3,1856,WR,HOU,0.5,1.0,1.5
2025,3,1860,TE,IND,3.8,5.3,6.8
2025,3,1865,WR,WAS,-0.2,0.3,0.8
2025,3,1866,TE,CAR,0.9,1.4,1.9
2025,3,1869,RB,MIN,5.0,5.5,6.0
2025,3,1873,WR,LAC,0.2,0.2,0.2
2025,3,1885,TE,LAC,4.6,7.1,9.6
2025,3,1889,WR,MIN,0.9,1.4,1.9
2025,3,1891,RB,MIA,9.8,9.8,9.8
2025,3,1909,RB,JAX,0.9,1.4,1.9
2025,3,1921,RB,WAS,9.1,9.6,10.1
2025,3,1934,RB,TB,1.4,1.9,2.4
2025,3,1945,TE,CLE,0.0,0.0,0.0
2025,3,1970,TE,ATL,3.9,5.9,7.9
2025,3,1997,TE,SF,2.1,3.1,4.1
2025,3,2023,WR,MIN,0.0,0.0,0.0
2025,3,2028,WR,BUF,10.5,12.5,14.5
2025,3,2060,QB,SEA,16.72,16.72,16.72
2025,3,2064,RB,ATL,4.6,4.6,4.6
2025,3,2070,WR,LV,2.9,3.9,4.9
2025,3,2097,QB,NO,11.72,11.72,11.72
2025,3,2105,RB,LAC,18.9,21.9,24.9
2025,3,2110,WR,CIN,0.0,0.0,0.0
2025,3,2113,TE,CLE,2.5,4.0,5.5
2025,3,2114,WR,JAX,2.1,2.6,3.1
2025,3,2126,WR,GB,6.1,8.1,10.1
2025,3,2130,WR,DET,0.0,0.0,0.0
2025,3,2140,WR,CHI,16.8,18.3,19.8
2025,3,2188,WR,CLE,1.6,2.6,3.6
2025,3,2227,RB,DET,21.9,24.4,26.9
2025,3,2244,QB,IND,-0.1,-0.1,-0.1
2025,3,2279,WR,NYG,1.3,2.3,3.3
2025,3,2282,WR,TEN,2.7,3.2,3.7
2025,3,2400,TE,NO,8.1,9.1,10.1
2025,3,2411,TE,TB,0.0,0.0,0.0
2025,3,2497,WR,TB,0.0,0.0,0.0
2025,3,2515,RB,GB,0.0,0.0,0.0
2025,3,2534,QB,LA,13.84,13.84,13.84
2025,3,2536,RB,SEA,2.0,2.0,2.0
2025,3,2575,TE,MIN,10.9,13.4,15.9
2025,3,2580,RB,NE,4.7,6.2,7.7
2025,3,2587,RB,SEA,4.2,5.2,6.2
2025,3,2606,RB,CHI,7.8,9.3,10.8
2025,3,2608,QB,LV,24.06,24.06,24.06
2025,3,2613,QB,MIA,12.84,12.84,12.84
2025,3,2614,RB,NYG,1.1,1.1,1.1
2025,3,2634,WR,LAC,4.1,6.1,8.1
2025,3,2648,QB,CIN,5.9,5.9,5.9
2025,3,2677,WR,CHI,12.2,13.7,15.2
2025,3,2700,WR,MIA,0.0,0.0,0.0
2025,3,2724,RB,SEA,0.0,0.0,0.0
2025,3,2730,WR,CIN,5.9,8.4,10.9
2025,3,2756,WR,DET,4.3,5.3,6.3
2025,3,2757,WR,CLE,2.6,4.1,5.6
2025,3,2772,WR,GB,2.1,3.1,4.1
2025,3,2775,WR,CAR,0.0,0.0,0.0
2025,3,2791,TE,CIN,0.6,1.1,1.6
2025,3,2794,WR,MIA,0.0,0.0,0.0
2025,3,2807,WR,LAC,12.5,16.0,19.5
2025,3,2821,RB,MIN,23.6,23.6,23.6
2025,3,2843,TE,CAR,1.6,2.6,3.6
2025,3,2849,TE,NYG,1.0,1.5,2.0
2025,3,2853,RB,NYJ,4.7,5.7,6.7
2025,3,2862,WR,NYJ,14.4,19.4,24.4
2025,3,2870,RB,CIN,1.7,1.7,1.7
2025,3,2883,RB,DEN,0.0,0.0,0.0
2025,3,2901,RB,HOU,3.6,4.1,4.6
2025,3,2929,WR,SEA,3.1,4.1,5.1
2025,3,2945,RB,DEN,1.6,3.1,4.6
2025,3,2955,TE,JAX,1.2,2.2,3.2
2025,3,2976,WR,CHI,0.0,0.0,0.0
2025,3,2978,WR,CLE,0.0,0.0,0.0
2025,3,3024,RB,CAR,0.0,0.0,0.0
2025,3,3037,WR,NYG,0.0,0.0,0.0
2025,3,3056,RB,LV,0.2,0.2,0.2
2025,3,3070,RB,TEN,11.9,12.9,13.9
2025,3,3077,RB,NYJ,0.0,0.0,0.0
2025,3,3081,WR,MIA,10.9,13.4,15.9
2025,3,3082,WR,TB,9.3,11.3,13.3
2025,3,3116,WR,LV,32.9,36.9,40.9
2025,3,3120,WR,NYJ,0.2,1.2,2.2
2025,3,3124,WR,BAL,3.4,3.9,4.4
2025,3,3133,TE,ARI,10.3,12.8,15.3
2025,3,3139,TE,NE,21.0,25.0,29.0
2025,3,3147,WR,WAS,2.5,3.5,4.5
2025,3,3159,QB,NYG,5.1,5.1,5.1
2025,3,3166,TE,DAL,0.0,0.0,0.0
2025,3,3167,RB,CLE,15.5,16.0,16.5
2025,3,3189,RB,SF,14.0,19.0,24.0
2025,3,3225,QB,JAX,7.78,7.78,7.78
2025,3,3226,QB,NYG,0.3,0.3,0.3
2025,3,3247,WR,SEA,15.6,18.1,20.6
2025,3,3251,RB,NYJ,0.0,0.0,0.0
2025,3,3253,WR,MIA,9.9,12.4,14.9
2025,3,3258,WR,TEN,0.5,2.0,3.5
2025,3,3262,TE,NYG,0.7,1.2,1.7
2025,3,3279,TE,BUF,12.6,15.1,17.6
2025,3,3289,WR,DET,13.7,17.2,20.7
2025,3,3302,WR,NO,2.4,3.9,5.4
2025,3,3307,RB,NE,2.8,2.8,2.8
2025,3,3364,RB,LV,6.3,6.3,6.3
2025,3,3379,WR,ARI,2.5,3.5,4.5
2025,3,3399,WR,HOU,0.4,0.9,1.4
2025,3,3418,TE,MIN,0.0,0.0,0.0
2025,3,3428,TE,CIN,8.0,9.0,10.0
2025,3,3435,WR,PIT,0.0,0.0,0.0
2025,3,3442,QB,GB,11.12,11.12,11.12
2025,3,3480,RB,BAL,0.0,0.0,0.0
2025,3,3482,RB,CHI,2.0,2.5,3.0
2025,3,3507,TE,GB,7.2,8.2,9.2
2025,3,3541,QB,ATL,1.16,1.16,1.16
2025,3,3547,WR,NYJ,7.3,8.3,9.3
2025,3,3550,TE,DAL,8.2,14.7,21.2
2025,3,3572,TE,WAS,3.8,5.3,6.8
2025,3,3578,WR,SEA,9.2,10.7,12.2
2025,3,3580,RB,CLE,0.2,0.2,0.2
2025,3,3594,QB,KC,13.16,13.16,13.16
2025,3,3604,TE,ATL,-0.5,0.0,0.5
2025,3,3605,TE,TEN,2.7,4.2,5.7
2025,3,3606,WR,BAL,12.3,14.8,17.3
2025,3,3615,WR,NYJ,0.0,0.0,0.0
2025,3,3620,TE,PHI,0.0,0.0,0.0
2025,3,3630,WR,JAX,0.7,1.7,2.7
2025,3,3648,WR,DAL,2.4,3.9,5.4
2025,3,3651,QB,LAC,14.6,14.6,14.6
2025,3,3659,WR,SF,3.8,5.8,7.8
2025,3,3662,TE,NYJ,1.8,3.8,5.8
2025,3,3664,RB,NYG,18.1,21.1,24.1
2025,3,3672,TE,DET,3.3,5.3,7.3
2025,3,3684,QB,MIN,1.16,1.16,1.16
2025,3,3704,WR,CLE,0.7,1.7,2.7
2025,3,3721,WR,BAL,0.0,0.0,0.0
2025,3,3785,WR,CAR,0.5,1.0,1.5
2025,3,3790,WR,GB,2.5,3.5,4.5
2025,3,3792,QB,MIN,15.32,15.32,15.32
2025,3,3796,WR,SEA,1.2,1.7,2.2
2025,3,3802,TE,JAX,6.1,9.1,12.1
2025,3,3803,QB,NO,0.0,0.0,0.0
2025,3,3806,QB,NYJ,18.68,18.68,18.68
2025,3,3808,RB,ARI,3.7,5.2,6.7
2025,3,3835,WR,BUF,2.0,3.5,5.0
2025,3,3855,WR,LAC,0.0,0.0,0.0
2025,3,3862,RB,CIN,2.0,4.0,6.0
2025,3,3864,TE,SEA,0.0,0.0,0.0
2025,3,3870,WR,BAL,0.0,0.0,0.0
2025,3,3871,TE,CHI,3.1,3.6,4.1
2025,3,3874,WR,LV,6.3,7.8,9.3
2025,3,3889,TE,WAS,0.0,0.0,0.0
2025,3,3890,TE,NE,2.8,3.8,4.8
2025,3,3892,WR,MIN,7.5,10.0,12.5
2025,3,3917,WR,NYJ,3.2,4.2,5.2
2025,3,3925,TE,CAR,1.1,2.1,3.1
2025,3,3934,WR,SF,11.7,15.7,19.7
2025,3,3942,WR,TB,8.5,11.5,14.5
2025,3,3945,WR,LAC,8.9,11.9,14.9
2025,3,3965,QB,CAR,11.64,11.64,11.64
2025,3,3993,WR,NO,5.7,10.7,15.7
2025,3,4004,TE,PHI,0.0,0.0,0.0
2025,3,4017,WR,TB,0.0,0.0,0.0
2025,3,4021,WR,NYG,2.6,3.1,3.6
2025,3,4024,WR,TEN,0.8,1.3,1.8
2025,3,4048,RB,CAR,7.6,8.6,9.6
2025,3,4053,WR,ATL,2.0,3.0,4.0
2025,3,4060,WR,TB,8.0,10.0,12.0
2025,3,4089,TE,SF,0.0,0.0,0.0
2025,3,4099,RB,CHI,0.0,0.0,0.0
2025,3,4152,RB,GB,2.5,2.5,2.5
2025,3,4158,QB,HOU,10.36,10.36,10.36
2025,3,4164,WR,IND,6.7,8.7,10.7
2025,3,4188,QB,WAS,22.28,22.28,22.28
2025,3,4192,TE,KC,2.6,4.6,6.6
2025,3,4196,WR,NYG,3.0,5.0,7.0
2025,3,4213,QB,SEA,0.3,0.3,0.3
2025,3,4216,TE,DEN,0.0,0.0,0.0
2025,3,4237,RB,MIA,9.1,12.6,16.1
2025,3,4247,TE,TEN,6.6,9.1,11.6
2025,3,4255,WR,SF,0.9,1.4,1.9
2025,3,4271,QB,SF,13.26,13.26,13.26
2025,3,4280,QB,CAR,-0.1,-0.1,-0.1
2025,3,4305,WR,PHI,0.7,1.2,1.7
2025,3,4316,TE,BUF,6.5,7.0,7.5
2025,3,4363,WR,CIN,0.0,0.0,0.0
2025,3,4368,TE,NO,5.1,8.1,11.1
2025,3,4369,WR,TB,0.0,0.0,0.0
2025,3,4379,WR,PIT,9.2,10.7,12.2
2025,3,4424,WR,KC,13.1,15.6,18.1
2025,3,4450,QB,IND,15.82,15.82,15.82
2025,3,4474,WR,CIN,1.5,2.0,2.5
2025,3,4485,TE,PHI,9.3,9.8,10.3
2025,3,4490,RB,TB,0.0,0.0,0.0
2025,3,4493,WR,HOU,16.4,20.4,24.4
2025,3,4502,WR,SF,1.0,1.5,2.0
2025,3,4529,WR,MIN,0.0,0.0,0.0
2025,3,4542,WR,DAL,6.8,7.8,8.8
2025,3,4551,WR,LV,1.0,1.5,2.0
2025,3,4573,WR,CAR,4.8,6.3,7.8
2025,3,4589,RB,PIT,8.1,10.6,13.1
2025,3,4597,RB,IND,0.3,0.3,0.3
2025,3,4602,RB,BUF,2.1,2.6,3.1
2025,3,4605,RB,KC,10.4,10.9,11.4
2025,3,4614,RB,GB,7.4,9.9,12.4
2025,4,17,WR,DEN,5.5,7.5,9.5
2025,4,28,QB,PIT,12.8,12.8,12.8
2025,4,30,RB,SF,3.2,4.7,6.2
2025,4,35,WR,GB,2.3,3.8,5.3
2025,4,51,TE,LV,4.6,7.1,9.6
2025,4,65,RB,PIT,2.2,2.2,2.2
2025,4,66,WR,LA,11.6,13.6,15.6
2025,4,71,WR,NE,10.1,13.1,16.1
2025,4,85,WR,CAR,1.0,2.0,3.0
2025,4,93,WR,TEN,0.0,0.0,0.0
2025,4,137,WR,SF,2.0,2.5,3.0
2025,4,142,WR,DET,1.3,2.3,3.3
2025,4,155,TE,JAX,0.0,0.0,0.0
2025,4,166,WR,BUF,0.9,1.4,1.9
2025,4,168,TE,LA,2.5,3.5,4.5
2025,4,174,TE,KC,0.0,0.0,0.0
2025,4,184,TE,SEA,0.0,0.0,0.0
2025,4,187,RB,CIN,0.4,0.4,0.4
2025,4,191,QB,BAL,2.08,2.08,2.08
2025,4,202,TE,PIT,0.6,1.6,2.6
2025,4,203,RB,NO,7.2,9.2,11.2
2025,4,213,WR,TB,2.6,4.1,5.6
2025,4,216,TE,LAC,0.3,0.8,1.3
2025,4,217,RB,ATL,24.1,26.1,28.1
2025,4,218,WR,KC,9.6,11.6,13.6
2025,4,243,WR,JAX,-0.1,-0.1,-0.1
2025,4,244,RB,WAS,0.3,0.8,1.3
2025,4,260,TE,HOU,3.0,5.5,8.0
2025,4,270,WR,DEN,14.1,16.6,19.1
2025,4,293,WR,JAX,-0.1,0.4,0.9
2025,4,297,QB,DET,-0.2,-0.2,-0.2
2025,4,306,QB,DET,12.72,12.72,12.72
2025,4,313,RB,PHI,13.4,15.4,17.4
2025,4,315,RB,HOU,6.2,7.2,8.2
2025,4,319,RB,JAX,2.2,2.7,3.2
2025,4,323,WR,HOU,2.0,3.5,5.0
2025,4,324,TE,BAL,3.0,6.5,10.0
2025,4,325,WR,CHI,3.8,5.8,7.8
2025,4,327,QB,TB,18.86,18.86,18.86
2025,4,334,WR,IND,1.8,2.3,2.8
2025,4,337,RB,TB,22.5,25.0,27.5
2025,4,365,TE,MIN,0.0,0.0,0.0
2025,4,366,RB,DAL,2.5,3.5,4.5
2025,4,370,QB,ARI,16.1,16.1,16.1
2025,4,373,WR,CLE,4.8,6.3,7.8
2025,4,374,WR,CHI,4.1,6.6,9.1
2025,4,394,QB,KC,-0.3,-0.3,-0.3
2025,4,399,WR,PIT,0.0,0.0,0.0
2025,4,428,RB,LV,7.3,7.8,8.3
2025,4,445,WR,ARI,3.9,5.9,7.9
2025,4,447,RB,DET,0.0,0.0,0.0
2025,4,453,WR,KC,9.8,11.3,12.8
2025,4,468,WR,PHI,0.7,1.7,2.7
2025,4,471,WR,ATL,17.0,21.0,25.0
2025,4,480,WR,WAS,14.1,17.1,20.1
2025,4,482,RB,DET,1.2,1.2,1.2
2025,4,487,TE,BUF,0.0,0.0,0.0
2025,4,499,WR,BAL,0.0,0.0,0.0
2025,4,506,QB,BAL,12.68,12.68,12.68
2025,4,525,WR,NE,6.4,6.9,7.4
2025,4,529,TE,WAS,0.0,0.0,0.0
2025,4,535,RB,DEN,10.5,11.0,11.5
2025,4,536,RB,CAR,3.0,3.5,4.0
2025,4,547,RB,IND,9.6,12.1,14.6
2025,4,557,TE,LA,1.7,2.7,3.7
2025,4,560,RB,BAL,5.8,6.8,7.8
2025,4,561,WR,IND,10.1,12.6,15.1
2025,4,567,TE,CHI,4.6,6.1,7.6
2025,4,580,RB,PHI,1.7,1.7,1.7
2025,4,600,WR,ATL,1.5,2.0,2.5
2025,4,613,TE,CLE,1.1,2.1,3.1
2025,4,625,QB,PHI,19.4,19.4,19.4
2025,4,669,TE,JAX,0.0,0.0,0.0
2025,4,696,WR,ARI,0.0,0.0,0.0
2025,4,697,QB,TEN,4.52,4.52,4.52
2025,4,748,WR,LA,14.8,15.3,15.8
2025,4,751,RB,NE,4.1,4.6,5.1
2025,4,764,WR,PHI,2.9,3.9,4.9
2025,4,769,TE,SF,2.0,3.0,4.0
2025,4,777,RB,ARI,0.1,0.1,0.1
2025,4,785,RB,PIT,25.4,28.4,31.4
2025,4,807,RB,DAL,16.0,17.5,19.0
2025,4,808,WR,WAS,1.4,1.9,2.4
2025,4,810,RB,JAX,18.5,19.0,19.5
2025,4,813,WR,BUF,0.0,0.0,0.0
2025,4,818,RB,PIT,0.0,0.0,0.0
2025,4,822,WR,BUF,2.5,3.5,4.5
2025,4,824,QB,NYJ,27.14,27.14,27.14
2025,4,843,RB,IND,0.0,0.5,1.0
2025,4,868,RB,ARI,0.0,0.0,0.0
2025,4,869,QB,BUF,24.86,24.86,24.86
2025,4,880,RB,KC,10.8,11.8,12.8
2025,4,885,WR,DAL,25.4,29.4,33.4
2025,4,902,WR,MIN,6.2,6.7,7.2
2025,4,914,RB,PIT,0.2,0.2,0.2
2025,4,917,RB,ATL,11.1,11.1,11.1
2025,4,920,TE,IND,0.0,0.0,0.0
2025,4,924,TE,CAR,1.7,2.7,3.7
2025,4,955,WR,MIA,0.0,0.0,0.0
2025,4,959,RB,DEN,0.4,0.4,0.4
2025,4,992,WR,NO,5.2,7.2,9.2
2025,4,999,WR,PHI,1.0,2.0,3.0
2025,4,1004,RB,TEN,0.0,0.0,0.0
2025,4,1011,RB,NO,0.0,0.0,0.0
2025,4,1016,RB,LAC,0.0,0.0,0.0
2025,4,1024,TE,LAC,0.0,0.0,0.0
2025,4,1032,RB,SF,2.1,2.1,2.1
2025,4,1061,WR,PIT,1.3,2.3,3.3
2025,4,1063,RB,LA,9.4,10.9,12.4
2025,4,1068,TE,NYJ,2.3,2.8,3.3
2025,4,1079,TE,NYG,1.3,1.8,2.3
2025,4,1095,RB,SEA,11.0,11.5,12.0
2025,4,1097,RB,CLE,0.3,0.8,1.3
2025,4,1107,RB,NYJ,11.1,13.6,16.1
2025,4,1110,RB,BUF,19.5,21.0,22.5
2025,4,1111,WR,LA,0.0,0.0,0.0
2025,4,1121,WR,KC,12.1,14.6,17.1
2025,4,1144,WR,GB,0.9,1.4,1.9
2025,4,1152,WR,KC,0.0,0.0,0.0
2025,4,1157,QB,CLE,3.26,3.26,3.26
2025,4,1179,TE,DAL,0.8,1.8,2.8
2025,4,1198,RB,PHI,0.0,0.0,0.0
2025,4,1200,RB,NO,12.5,12.5,12.5
2025,4,1205,WR,ARI,1.5,3.0,4.5
2025,4,1218,RB,WAS,5.9,5.9,5.9
2025,4,1221,WR,NE,1.8,2.3,2.8
2025,4,1234,WR,HOU,1.7,2.7,3.7
2025,4,1242,RB,ARI,8.1,9.1,10.1
2025,4,1245,TE,MIA,1.9,2.4,2.9
2025,4,1264,WR,SEA,1.7,2.2,2.7
2025,4,1267,WR,BUF,0.0,0.0,0.0
2025,4,1270,RB,DAL,0.6,0.6,0.6
2025,4,1282,TE,DEN,0.5,1.5,2.5
2025,4,1283,WR,CAR,3.6,5.1,6.6
2025,4,1285,QB,DAL,30.96,30.96,30.96
2025,4,1328,RB,DET,1.1,1.1,1.1
2025,4,1335,WR,DEN,14.5,17.5,20.5
2025,4,1342,WR,IND,2.4,4.4,6.4
2025,4,1344,WR,MIN,11.4,13.4,15.4
2025,4,1352,TE,ARI,0.0,0.0,0.0
2025,4,1354,TE,GB,5.6,8.1,10.6
2025,4,1369,TE,LA,0.0,0.5,1.0
2025,4,1370,WR,LA,23.0,29.5,36.0
2025,4,1377,TE,GB,0.6,1.1,1.6
2025,4,1381,WR,BAL,7.4,10.9,14.4
2025,4,1417,TE,ATL,0.0,0.0,0.0
2025,4,1464,WR,WAS,8.1,9.1,10.1
2025,4,1485,QB,NE,-0.2,-0.2,-0.2
2025,4,1490,WR,ATL,1.9,2.4,2.9
2025,4,1502,WR,DAL,2.6,3.6,4.6
2025,4,1516,RB,BAL,23.7,26.2,28.7
2025,4,1541,WR,TEN,4.4,5.4,6.4
2025,4,1567,WR,ARI,0.0,0.0,0.0
2025,4,1613,WR,CIN,2.7,3.2,3.7
2025,4,1663,RB,LA,1.6,2.6,3.6
2025,4,1666,QB,DEN,25.74,25.74,25.74
2025,4,1672,WR,LA,0.7,1.2,1.7
2025,4,1699,TE,SEA,9.2,10.7,12.2
2025,4,1708,WR,SF,2.4,3.4,4.4
2025,4,1710,WR,IND,0.0,0.0,0.0
2025,4,1726,WR,ARI,12.6,15.6,18.6
2025,4,1730,QB,NE,23.22,23.22,23.22
2025,4,1742,WR,IND,9.6,11.1,12.6
2025,4,1749,WR,JAX,5.6,8.1,10.6
2025,4,1760,QB,CHI,11.78,11.78,11.78
2025,4,1763,RB,ARI,5.4,7.9,10.4
2025,4,1765,QB,ATL,18.72,18.72,18.72
2025,4,1768,RB,BUF,0.3,0.3,0.3
2025,4,1813,TE,KC,0.1,0.6,1.1
2025,4,1833,WR,MIA,2.1,3.1,4.1
2025,4,1843,RB,KC,3.6,5.1,6.6
2025,4,1846,WR,NE,-0.2,-0.2,-0.2
2025,4,1856,WR,HOU,8.4,8.9,9.4
2025,4,1860,TE,IND,13.3,15.8,18.3
2025,4,1865,WR,WAS,1.8,2.8,3.8
2025,4,1866,TE,CAR,8.3,9.8,11.3
2025,4,1869,RB,MIN,10.4,13.4,16.4
2025,4,1885,TE,LAC,1.6,2.6,3.6
2025,4,1889,WR,MIN,0.0,0.0,0.0
2025,4,1891,RB,MIA,1.0,1.0,1.0
2025,4,1909,RB,JAX,0.7,1.2,1.7
2025,4,1921,RB,WAS,5.7,6.7,7.7
2025,4,1934,RB,TB,4.6,6.6,8.6
2025,4,1945,TE,CLE,0.0,0.0,0.0
2025,4,1970,TE,ATL,13.0,15.5,18.0
2025,4,1997,TE,SF,11.8,13.3,14.8
2025,4,2023,WR,MIN,0.0,0.0,0.0
2025,4,2028,WR,BUF,12.9,15.4,17.9
2025,4,2060,QB,SEA,16.08,16.08,16.08
2025,4,2070,WR,LV,0.0,0.0,0.0
2025,4,2097,QB,NO,13.94,13.94,13.94
2025,4,2105,RB,LAC,22.5,25.0,27.5
2025,4,2110,WR,CIN,0.0,0.0,0.0
2025,4,2113,TE,CLE,2.5,3.5,4.5
2025,4,2114,WR,JAX,4.2,5.7,7.2
2025,4,2126,WR,GB,6.3,8.8,11.3
2025,4,2140,WR,CHI,-0.4,0.6,1.6
2025,4,2188,WR,CLE,5.8,7.3,8.8
2025,4,2195,TE,TB,0.0,0.0,0.0
2025,4,2227,RB,DET,15.7,16.7,17.7
2025,4,2279,WR,NYG,2.0,3.0,4.0
2025,4,2282,WR,TEN,3.0,4.0,5.0
2025,4,2400,TE,NO,0.7,1.2,1.7
2025,4,2497,WR,TB,0.0,0.0,0.0
2025,4,2515,RB,GB,0.1,0.6,1.1
2025,4,2534,QB,LA,27.4,27.4,27.4
2025,4,2575,TE,MIN,3.9,5.9,7.9
2025,4,2580,RB,NE,10.6,11.6,12.6
2025,4,2587,RB,SEA,0.0,0.0,0.0
2025,4,2606,RB,CHI,12.0,14.0,16.0
2025,4,2608,QB,LV,9.78,9.78,9.78
2025,4,2613,QB,MIA,15.68,15.68,15.68
2025,4,2614,RB,NYG,2.8,2.8,2.8
2025,4,2634,WR,LAC,1.1,1.6,2.1
2025,4,2648,QB,CIN,5.4,5.4,5.4
2025,4,2677,WR,CHI,12.9,14.9,16.9
2025,4,2700,WR,MIA,0.1,0.6,1.1
2025,4,2730,WR,CIN,2.3,4.8,7.3
2025,4,2756,WR,DET,3.7,4.7,5.7
2025,4,2757,WR,CLE,0.6,1.1,1.6
2025,4,2772,WR,GB,1.9,2.9,3.9
2025,4,2791,TE,CIN,0.8,1.3,1.8
2025,4,2805,TE,PHI,0.0,0.0,0.0
2025,4,2807,WR,LAC,3.7,6.2,8.7
2025,4,2821,RB,MIN,7.2,8.7,10.2
2025,4,2843,TE,CAR,10.2,12.7,15.2
2025,4,2849,TE,NYG,7.7,9.2,10.7
2025,4,2853,RB,NYJ,2.6,2.6,2.6
2025,4,2862,WR,NYJ,14.2,17.2,20.2
2025,4,2870,RB,CIN,0.0,0.0,0.0
2025,4,2883,RB,DEN,1.1,1.6,2.1
2025,4,2901,RB,HOU,23.9,25.9,27.9
2025,4,2929,WR,SEA,2.6,4.6,6.6
2025,4,2945,RB,DEN,15.8,17.8,19.8
2025,4,2955,TE,JAX,8.3,9.8,11.3
2025,4,2976,WR,CHI,0.0,0.0,0.0
2025,4,2978,WR,CLE,0.0,0.0,0.0
2025,4,2999,WR,NYJ,0.0,0.0,0.0
2025,4,3024,RB,CAR,3.3,3.3,3.3
2025,4,3037,WR,NYG,0.0,0.0,0.0
2025,4,3056,RB,LV,0.0,0.0,0.0
2025,4,3070,RB,TEN,7.6,9.1,10.6
2025,4,3081,WR,MIA,6.7,9.7,12.7
2025,4,3116,WR,LV,2.2,3.2,4.2
2025,4,3124,WR,BAL,0.0,0.0,0.0
2025,4,3127,TE,TB,0.9,2.4,3.9
2025,4,3133,TE,ARI,5.2,8.7,12.2
2025,4,3139,TE,NE,9.9,10.9,11.9
2025,4,3147,WR,WAS,0.9,0.9,0.9
2025,4,3159,QB,NYG,0.32,0.32,0.32
2025,4,3161,TE,DET,0.0,0.0,0.0
2025,4,3167,RB,CLE,17.5,19.5,21.5
2025,4,3189,RB,SF,20.1,23.1,26.1
2025,4,3196,RB,LAC,0.0,0.0,0.0
2025,4,3225,QB,JAX,11.66,11.66,11.66
2025,4,3226,QB,NYG,19.84,19.84,19.84
2025,4,3247,WR,SEA,9.0,11.0,13.0
2025,4,3251,RB,NYJ,2.7,3.7,4.7
2025,4,3253,WR,MIA,4.8,6.3,7.8
2025,4,3257,WR,CHI,0.0,0.0,0.0
2025,4,3258,WR,TEN,-0.4,-0.4,-0.4
2025,4,3259,TE,DEN,2.9,4.9,6.9
2025,4,3262,TE,NYG,0.0,0.0,0.0
2025,4,3279,TE,BUF,8.8,9.3,9.8
2025,4,3289,WR,DET,19.0,22.5,26.0
2025,4,3302,WR,NO,2.2,3.7,5.2
2025,4,3307,RB,NE,8.7,8.7,8.7
2025,4,3364,RB,LV,33.5,34.5,35.5
2025,4,3399,WR,HOU,0.0,0.5,1.0
2025,4,3435,WR,PIT,0.0,0.0,0.0
2025,4,3442,QB,GB,28.28,28.28,28.28
2025,4,3480,RB,BAL,0.0,0.0,0.0
2025,4,3482,RB,CHI,1.8,1.8,1.8
2025,4,3512,RB,LAC,0.1,0.6,1.1
2025,4,3547,WR,NYJ,0.8,1.3,1.8
2025,4,3550,TE,DAL,10.0,13.5,17.0
2025,4,3572,TE,WAS,2.1,3.1,4.1
2025,4,3578,WR,SEA,1.0,1.5,2.0
2025,4,3580,RB,CLE,-0.2,-0.2,-0.2
2025,4,3594,QB,KC,27.3,27.3,27.3
2025,4,3605,TE,TEN,1.2,1.7,2.2
2025,4,3606,WR,BAL,2.4,2.9,3.4
2025,4,3615,WR,NYJ,0.0,0.0,0.0
2025,4,3620,TE,PHI,1.6,2.1,2.6
2025,4,3648,WR,DAL,6.1,8.1,10.1
2025,4,3651,QB,LAC,10.52,10.52,10.52
2025,4,3659,WR,SF,1.7,2.2,2.7
2025,4,3662,TE,NYJ,6.5,9.0,11.5
2025,4,3664,RB,NYG,9.0,10.0,11.0
2025,4,3672,TE,DET,3.9,5.4,6.9
2025,4,3728,TE,LV,0.0,0.0,0.0
2025,4,3785,WR,CAR,1.2,1.2,1.2
2025,4,3790,WR,GB,23.8,26.8,29.8
2025,4,3792,QB,MIN,19.2,19.2,19.2
2025,4,3796,WR,SEA,0.0,0.0,0.0
2025,4,3802,TE,JAX,4.5,7.5,10.5
2025,4,3835,WR,BUF,4.5,6.0,7.5
2025,4,3837,TE,LV,0.0,0.0,0.0
2025,4,3844,QB,CLE,0.0,0.0,0.0
2025,4,3855,WR,LAC,0.0,0.0,0.0
2025,4,3862,RB,CIN,7.1,8.6,10.1
2025,4,3863,WR,GB,0.0,0.0,0.0
2025,4,3864,TE,SEA,4.4,5.4,6.4
2025,4,3870,WR,BAL,1.4,1.9,2.4
2025,4,3874,WR,LV,3.0,5.0,7.0
2025,4,3889,TE,WAS,0.0,0.0,0.0
2025,4,3890,TE,NE,2.4,2.9,3.4
2025,4,3892,WR,MIN,12.6,17.6,22.6
2025,4,3934,WR,SF,4.6,6.6,8.6
2025,4,3942,WR,TB,16.1,18.1,20.1
2025,4,3945,WR,LAC,15.8,19.8,23.8
2025,4,3965,QB,CAR,10.3,10.3,10.3
2025,4,3993,WR,NO,6.0,7.5,9.0
2025,4,4004,TE,PHI,0.0,0.0,0.0
2025,4,4021,WR,NYG,1.4,2.9,4.4
2025,4,4024,WR,TEN,0.6,1.1,1.6
2025,4,4048,RB,CAR,6.9,8.4,9.9
2025,4,4053,WR,ATL,-0.7,-0.2,0.3
2025,4,4060,WR,TB,2.0,3.0,4.0
2025,4,4089,TE,SF,0.0,0.0,0.0
2025,4,4094,TE,PIT,2.0,3.5,5.0
2025,4,4099,RB,CHI,0.0,0.0,0.0
2025,4,4103,RB,PHI,0.0,0.0,0.0
2025,4,4152,RB,GB,8.1,9.6,11.1
2025,4,4158,QB,HOU,18.42,18.42,18.42
2025,4,4188,QB,WAS,14.24,14.24,14.24
2025,4,4192,TE,KC,4.8,7.3,9.8
2025,4,4196,WR,NYG,4.4,5.9,7.4
2025,4,4216,TE,DEN,3.2,4.2,5.2
2025,4,4222,TE,MIA,14.7,16.2,17.7
2025,4,4237,RB,MIA,16.1,16.6,17.1
2025,4,4247,TE,TEN,0.4,0.9,1.4
2025,4,4248,WR,LAC,0.0,0.0,0.0
2025,4,4280,QB,CAR,6.32,6.32,6.32
2025,4,4305,WR,PHI,0.0,0.0,0.0
2025,4,4316,TE,BUF,1.5,2.0,2.5
2025,4,4363,WR,CIN,0.9,1.4,1.9
2025,4,4368,TE,NO,2.8,4.3,5.8
2025,4,4369,WR,TB,1.3,1.8,2.3
2025,4,4379,WR,PIT,18.6,21.1,23.6
2025,4,4408,TE,TB,0.0,0.0,0.0
2025,4,4424,WR,KC,7.1,7.6,8.1
2025,4,4450,QB,IND,10.38,10.38,10.38
2025,4,4474,WR,CIN,3.2,4.7,6.2
2025,4,4485,TE,PHI,15.7,17.7,19.7
2025,4,4490,RB,TB,0.0,0.0,0.0
2025,4,4493,WR,HOU,7.9,9.9,11.9
2025,4,4502,WR,SF,0.0,0.0,0.0
2025,4,4529,WR,MIN,1.1,2.1,3.1
2025,4,4542,WR,DAL,3.4,4.9,6.4
2025,4,4551,WR,LV,0.0,0.0,0.0
2025,4,4561,QB,SF,17.66,17.66,17.66
2025,4,4571,WR,DEN,0.0,0.0,0.0
2025,4,4573,WR,CAR,6.2,8.2,10.2
2025,4,4595,WR,ATL,0.0,0.0,0.0
2025,4,4602,RB,BUF,0.0,0.0,0.0
2025,4,4605,RB,KC,4.7,5.2,5.7
2025,4,4614,RB,GB,27.7,29.7,31.7
2025,4,4617,RB,SEA,10.4,11.4,12.4
2025,4,4641,WR,KC,0.0,0.0,0.0
2025,5,17,WR,DEN,3.5,5.0,6.5
2025,5,30,RB,SF,2.0,3.5,5.0
2025,5,66,WR,LA,8.8,11.3,13.8
2025,5,71,WR,NE,14.6,19.6,24.6
2025,5,85,WR,CAR,0.7,1.2,1.7
2025,5,93,WR,TEN,0.6,1.1,1.6
2025,5,137,WR,SF,3.9,5.4,6.9
2025,5,142,WR,DET,0.0,0.0,0.0
2025,5,155,TE,JAX,0.7,1.2,1.7
2025,5,166,WR,BUF,8.6,9.6,10.6
2025,5,187,RB,CIN,2.9,3.9,4.9
2025,5,191,QB,BAL,1.16,1.16,1.16
2025,5,203,RB,NO,5.5,7.5,9.5
2025,5,213,WR,TB,2.6,4.1,5.6
2025,5,216,TE,LAC,3.0,4.0,5.0
2025,5,218,WR,KC,1.7,2.7,3.7
2025,5,243,WR,JAX,7.6,8.6,9.6
2025,5,244,RB,WAS,1.8,2.3,2.8
2025,5,258,RB,HOU,0.0,0.0,0.0
2025,5,260,TE,HOU,6.0,8.5,11.0
2025,5,270,WR,DEN,9.9,13.9,17.9
2025,5,293,WR,JAX,0.0,0.0,0.0
2025,5,306,QB,DET,22.12,22.12,22.12
2025,5,311,QB,ARI,0.0,0.0,0.0
2025,5,313,RB,PHI,14.8,16.3,17.8
2025,5,315,RB,HOU,12.1,12.1,12.1
2025,5,319,RB,JAX,1.1,1.6,2.1
2025,5,323,WR,HOU,6.4,8.4,10.4
2025,5,324,TE,BAL,2.2,3.2,4.2
2025,5,327,QB,TB,24.66,24.66,24.66
2025,5,334,WR,IND,5.5,6.5,7.5
2025,5,344,WR,SF,0.0,0.0,0.0
2025,5,365,TE,MIN,9.5,10.5,11.5
2025,5,370,QB,ARI,17.3,17.3,17.3
2025,5,373,WR,CLE,1.5,2.5,3.5
2025,5,426,WR,LV,0.9,1.4,1.9
2025,5,428,RB,LV,2.2,2.2,2.2
2025,5,445,WR,ARI,1.2,2.2,3.2
2025,5,447,RB,DET,0.0,0.0,0.0
2025,5,453,WR,KC,4.8,6.8,8.8
2025,5,468,WR,PHI,4.3,6.8,9.3
2025,5,480,WR,WAS,15.6,19.6,23.6
2025,5,482,RB,DET,17.22,17.72,18.22
2025,5,487,TE,BUF,1.5,2.5,3.5
2025,5,499,WR,BAL,4.6,5.6,6.6
2025,5,535,RB,DEN,14.4,14.9,15.4
2025,5,536,RB,CAR,29.4,30.9,32.4
2025,5,547,RB,IND,26.6,28.1,29.6
2025,5,557,TE,LA,0.0,0.0,0.0
2025,5,560,RB,BAL,9.3,9.3,9.3
2025,5,561,WR,IND,9.9,12.4,14.9
2025,5,577,TE,HOU,0.5,1.0,1.5
2025,5,580,RB,PHI,1.2,1.2,1.2
2025,5,613,TE,CLE,12.7,15.7,18.7
2025,5,625,QB,PHI,19.5,19.5,19.5
2025,5,650,RB,CAR,0.0,0.0,0.0
2025,5,651,RB,MIN,5.28,5.28,5.28
2025,5,666,RB,MIN,0.0,0.0,0.0
2025,5,669,TE,JAX,0.0,0.0,0.0
2025,5,696,WR,ARI,0.0,0.0,0.0
2025,5,697,QB,TEN,8.0,8.0,8.0
2025,5,748,WR,LA,7.2,8.2,9.2
2025,5,751,RB,NE,14.7,15.7,16.7
2025,5,764,WR,PHI,11.4,15.4,19.4
2025,5,769,TE,SF,0.8,1.3,1.8
2025,5,777,RB,ARI,13.3,15.8,18.3
2025,5,807,RB,DAL,25.9,26.4,26.9
2025,5,808,WR,WAS,0.9,1.4,1.9
2025,5,810,RB,JAX,5.8,7.3,8.8
2025,5,822,WR,BUF,3.6,4.6,5.6
2025,5,824,QB,NYJ,21.92,21.92,21.92
2025,5,868,RB,ARI,8.4,8.9,9.4
2025,5,869,QB,BUF,21.42,21.42,21.42
2025,5,880,RB,KC,5.6,7.1,8.6
2025,5,885,WR,DAL,11.7,12.7,13.7
2025,5,902,WR,MIN,4.2,5.7,7.2
2025,5,924,TE,CAR,1.1,1.6,2.1
2025,5,946,TE,BAL,0.3,0.8,1.3
2025,5,955,WR,MIA,1.6,2.6,3.6
2025,5,959,RB,DEN,0.8,0.8,0.8
2025,5,992,WR,NO,17.4,19.4,21.4
2025,5,1004,RB,TEN,0.3,0.3,0.3
2025,5,1011,RB,NO,0.0,0.0,0.0
2025,5,1016,RB,LAC,1.5,2.0,2.5
2025,5,1032,RB,SF,1.2,1.2,1.2
2025,5,1063,RB,LA,25.1,29.1,33.1
2025,5,1068,TE,NYJ,2.8,4.8,6.8
2025,5,1079,TE,NYG,5.2,7.2,9.2
2025,5,1094,TE,BAL,1.0,1.5,2.0
2025,5,1095,RB,SEA,8.6,9.1,9.6
2025,5,1097,RB,CLE,3.8,4.8,5.8
2025,5,1107,RB,NYJ,15.5,17.5,19.5
2025,5,1110,RB,BUF,4.9,4.9,4.9
2025,5,1111,WR,LA,0.0,0.0,0.0
2025,5,1121,WR,KC,5.1,8.1,11.1
2025,5,1148,TE,ARI,0.0,0.0,0.0
2025,5,1152,WR,KC,0.0,0.0,0.0
2025,5,1164,RB,BAL,1.3,1.8,2.3
2025,5,1179,TE,DAL,0.3,0.8,1.3
2025,5,1198,RB,PHI,0.0,0.0,0.0
2025,5,1200,RB,NO,4.9,5.4,5.9
2025,5,1205,WR,ARI,1.6,2.6,3.6
2025,5,1214,WR,NE,1.7,2.7,3.7
2025,5,1218,RB,WAS,0.7,0.7,0.7
2025,5,1221,WR,NE,4.3,5.8,7.3
2025,5,1224,WR,DAL,0.0,0.0,0.0
2025,5,1234,WR,HOU,13.8,15.3,16.8
2025,5,1242,RB,ARI,8.1,8.1,8.1
2025,5,1245,TE,MIA,2.2,4.2,6.2
2025,5,1264,WR,SEA,0.0,0.0,0.0
2025,5,1267,WR,BUF,0.0,0.0,0.0
2025,5,1268,WR,DAL,0.0,0.0,0.0
2025,5,1270,RB,DAL,1.0,1.5,2.0
2025,5,1282,TE,DEN,0.0,0.0,0.0
2025,5,1283,WR,CAR,0.9,1.4,1.9
2025,5,1285,QB,DAL,28.28,28.28,28.28
2025,5,1328,RB,DET,0.0,0.0,0.0
2025,5,1335,WR,DEN,1.9,2.9,3.9
2025,5,1342,WR,IND,5.4,8.4,11.4
2025,5,1344,WR,MIN,10.1,12.6,15.1
2025,5,1352,TE,ARI,1.0,2.0,3.0
2025,5,1369,TE,LA,2.4,3.4,4.4
2025,5,1370,WR,LA,14.5,19.5,24.5
2025,5,1381,WR,BAL,7.2,9.7,12.2
2025,5,1439,RB,IND,6.6,6.6,6.6
2025,5,1459,WR,CAR,9.1,10.1,11.1
2025,5,1464,WR,WAS,5.0,5.5,6.0
2025,5,1472,RB,SF,0.0,0.0,0.0
2025,5,1502,WR,DAL,12.4,15.4,18.4
2025,5,1513,WR,NO,1.3,2.3,3.3
2025,5,1516,RB,BAL,1.2,1.7,2.2
2025,5,1541,WR,TEN,1.8,2.8,3.8
2025,5,1613,WR,CIN,8.2,10.7,13.2
2025,5,1649,TE,ARI,0.0,0.0,0.0
2025,5,1663,RB,LA,1.3,1.3,1.3
2025,5,1666,QB,DEN,15.88,15.88,15.88
2025,5,1672,WR,LA,3.3,4.3,5.3
2025,5,1699,TE,SEA,17.3,20.8,24.3
2025,5,1710,WR,IND,0.0,0.0,0.0
2025,5,1726,WR,ARI,9.8,11.8,13.8
2025,5,1730,QB,NE,12.12,12.12,12.12
2025,5,1742,WR,IND,0.0,0.0,0.0
2025,5,1749,WR,JAX,8.0,10.0,12.0
2025,5,1761,QB,WAS,17.14,17.14,17.14
2025,5,1768,RB,BUF,0.1,0.1,0.1
2025,5,1833,WR,MIA,0.0,2.0,4.0
2025,5,1843,RB,KC,3.6,5.1,6.6
2025,5,1856,WR,HOU,3.2,5.2,7.2
2025,5,1860,TE,IND,10.4,12.4,14.4
2025,5,1865,WR,WAS,1.6,2.1,2.6
2025,5,1866,TE,CAR,6.4,6.9,7.4
2025,5,1869,RB,MIN,1.8,1.8,1.8
2025,5,1885,TE,LAC,1.4,1.9,2.4
2025,5,1889,WR,MIN,0.0,0.0,0.0
2025,5,1891,RB,MIA,-0.2,-0.2,-0.2
2025,5,1898,WR,CAR,3.1,4.1,5.1
2025,5,1909,RB,JAX,0.0,0.0,0.0
2025,5,1915,QB,LAC,2.86,2.86,2.86
2025,5,1921,RB,WAS,27.0,28.0,29.0
2025,5,1922,QB,HOU,1.22,1.22,1.22
2025,5,1934,RB,TB,19.1,21.1,23.1
2025,5,1996,WR,NYG,0.7,1.2,1.7
2025,5,1997,TE,SF,10.1,13.6,17.1
2025,5,2023,WR,MIN,0.0,0.0,0.0
2025,5,2028,WR,BUF,5.0,8.0,11.0
2025,5,2040,RB,DAL,0.7,0.7,0.7
2025,5,2060,QB,SEA,27.64,27.64,27.64
2025,5,2070,WR,LV,0.0,0.0,0.0
2025,5,2097,QB,NO,15.1,15.6,16.1
2025,5,2105,RB,LAC,7.0,10.0,13.0
2025,5,2110,WR,CIN,0.0,0.0,0.0
2025,5,2113,TE,CLE,7.3,9.3,11.3
2025,5,2114,WR,JAX,6.4,7.9,9.4
2025,5,2130,WR,DET,7.2,7.7,8.2
2025,5,2142,TE,LA,2.1,2.6,3.1
2025,5,2188,WR,CLE,2.9,3.9,4.9
2025,5,2195,TE,TB,0.0,0.0,0.0
2025,5,2221,WR,CLE,1.1,1.1,1.1
2025,5,2227,RB,DET,14.7,15.7,16.7
2025,5,2244,QB,IND,1.26,1.76,2.26
2025,5,2282,WR,TEN,13.1,15.6,18.1
2025,5,2429,WR,KC,0.0,0.0,0.0
2025,5,2497,WR,TB,0.2,0.2,0.2
2025,5,2534,QB,LA,27.56,27.56,27.56
2025,5,2575,TE,MIN,3.8,6.8,9.8
2025,5,2580,RB,NE,2.7,3.7,4.7
2025,5,2587,RB,SEA,0.0,0.0,0.0
2025,5,2608,QB,LV,5.92,5.92,5.92
2025,5,2613,QB,MIA,22.74,22.74,22.74
2025,5,2614,RB,NYG,2.4,2.9,3.4
2025,5,2634,WR,LAC,9.9,12.4,14.9
2025,5,2648,QB,CIN,19.14,19.14,19.14
2025,5,2730,WR,CIN,23.0,26.0,29.0
2025,5,2756,WR,DET,1.0,1.5,2.0
2025,5,2791,TE,CIN,1.5,2.5,3.5
2025,5,2794,WR,MIA,0.0,0.0,0.0
2025,5,2805,TE,PHI,0.0,0.0,0.0
2025,5,2807,WR,LAC,5.8,8.3,10.8
2025,5,2821,RB,MIN,11.6,13.1,14.6
2025,5,2843,TE,CAR,0.7,1.2,1.7
2025,5,2849,TE,NYG,15.3,18.3,21.3
2025,5,2862,WR,NYJ,13.1,16.1,19.1
2025,5,2883,RB,DEN,1.6,2.1,2.6
2025,5,2901,RB,HOU,2.4,2.4,2.4
2025,5,2919,RB,HOU,1.5,1.5,1.5
2025,5,2929,WR,SEA,5.9,8.9,11.9
2025,5,2945,RB,DEN,3.0,4.5,6.0
2025,5,2955,TE,JAX,0.3,0.8,1.3
2025,5,2999,WR,NYJ,2.9,4.4,5.9
2025,5,3004,TE,NO,0.66,0.66,0.66
2025,5,3015,RB,BUF,0.0,0.0,0.0
2025,5,3024,RB,CAR,2.9,3.4,3.9
2025,5,3037,WR,NYG,0.0,0.0,0.0
2025,5,3056,RB,LV,0.0,0.0,0.0
2025,5,3070,RB,TEN,13.8,15.3,16.8
2025,5,3077,RB,NYJ,6.1,6.6,7.1
2025,5,3116,WR,LV,7.1,9.1,11.1
2025,5,3120,WR,NYJ,1.4,1.9,2.4
2025,5,3124,WR,BAL,0.0,0.0,0.0
2025,5,3127,TE,TB,8.1,10.1,12.1
2025,5,3133,TE,ARI,4.1,6.6,9.1
2025,5,3139,TE,NE,4.6,5.6,6.6
2025,5,3142,TE,LV,3.6,6.1,8.6
2025,5,3147,WR,WAS,0.0,0.0,0.0
2025,5,3149,WR,CLE,0.0,0.0,0.0
2025,5,3152,TE,HOU,2.3,3.3,4.3
2025,5,3161,TE,DET,6.9,7.9,8.9
2025,5,3166,TE,DAL,0.0,0.0,0.0
2025,5,3167,RB,CLE,12.8,13.3,13.8
2025,5,3189,RB,SF,19.9,23.9,27.9
2025,5,3196,RB,LAC,1.9,2.4,2.9
2025,5,3222,RB,NYJ,0.0,0.0,0.0
2025,5,3225,QB,JAX,28.24,28.24,28.24
2025,5,3226,QB,NYG,17.58,17.58,17.58
2025,5,3247,WR,SEA,19.2,23.2,27.2
2025,5,3251,RB,NYJ,3.3,4.8,6.3
2025,5,3253,WR,MIA,17.0,20.0,23.0
2025,5,3258,WR,TEN,1.7,2.7,3.7
2025,5,3259,TE,DEN,9.3,11.3,13.3
2025,5,3279,TE,BUF,10.8,13.8,16.8
2025,5,3289,WR,DET,10.0,14.0,18.0
2025,5,3302,WR,NO,0.5,1.0,1.5
2025,5,3307,RB,NE,2.6,3.1,3.6
2025,5,3339,RB,HOU,2.1,2.1,2.1
2025,5,3364,RB,LV,10.9,13.4,15.9
2025,5,3379,WR,ARI,0.8,1.8,2.8
2025,5,3399,WR,HOU,7.8,8.8,9.8
2025,5,3428,TE,CIN,-0.1,0.4,0.9
2025,5,3446,RB,MIA,0.0,0.0,0.0
2025,5,3459,RB,TEN,1.4,1.4,1.4
2025,5,3480,RB,BAL,0.0,0.0,0.0
2025,5,3547,WR,NYJ,0.3,0.8,1.3
2025,5,3550,TE,DAL,16.9,20.4,23.9
2025,5,3572,TE,WAS,0.0,0.0,0.0
2025,5,3578,WR,SEA,9.9,11.4,12.9
2025,5,3580,RB,CLE,0.2,0.7,1.2
2025,5,3593,TE,BAL,1.2,1.7,2.2
2025,5,3594,QB,KC,26.72,26.72,26.72
2025,5,3605,TE,TEN,3.4,5.4,7.4
2025,5,3606,WR,BAL,0.0,0.0,0.0
2025,5,3620,TE,PHI,1.8,2.8,3.8
2025,5,3630,WR,JAX,1.5,2.5,3.5
2025,5,3648,WR,DAL,0.0,0.0,0.0
2025,5,3651,QB,LAC,14.64,14.64,14.64
2025,5,3659,WR,SF,14.2,19.2,24.2
2025,5,3662,TE,NYJ,6.7,11.2,15.7
2025,5,3664,RB,NYG,10.4,13.4,16.4
2025,5,3672,TE,DET,15.2,17.7,20.2
2025,5,3684,QB,MIN,-0.1,-0.1,-0.1
2025,5,3704,WR,CLE,2.2,2.7,3.2
2025,5,3721,WR,BAL,0.0,0.0,0.0
2025,5,3728,TE,LV,2.0,3.5,5.0
2025,5,3792,QB,MIN,14.74,14.74,14.74
2025,5,3796,WR,SEA,3.6,4.1,4.6
2025,5,3802,TE,JAX,2.2,2.7,3.2
2025,5,3835,WR,BUF,8.3,10.3,12.3
2025,5,3844,QB,CLE,16.1,16.1,16.1
2025,5,3861,WR,DEN,1.5,2.0,2.5
2025,5,3862,RB,CIN,4.8,8.3,11.8
2025,5,3864,TE,SEA,1.0,1.5,2.0
2025,5,3874,WR,LV,3.2,5.2,7.2
2025,5,3889,TE,WAS,0.0,0.0,0.0
2025,5,3892,WR,MIN,12.3,15.8,19.3
2025,5,3942,WR,TB,22.3,25.8,29.3
2025,5,3945,WR,LAC,4.9,6.9,8.9
2025,5,3965,QB,CAR,14.02,14.02,14.02
2025,5,3993,WR,NO,5.9,9.4,12.9
2025,5,4004,TE,PHI,0.0,0.0,0.0
2025,5,4021,WR,NYG,3.2,5.7,8.2
2025,5,4046,WR,NYG,0.0,0.0,0.0
2025,5,4060,WR,TB,7.9,9.9,11.9
2025,5,4089,TE,SF,0.0,0.0,0.0
2025,5,4103,RB,PHI,0.4,0.9,1.4
2025,5,4158,QB,HOU,28.76,28.76,28.76
2025,5,4192,TE,KC,12.1,15.6,19.1
2025,5,4196,WR,NYG,3.1,4.6,6.1
2025,5,4210,RB,NYJ,0.0,0.0,0.0
2025,5,4213,QB,SEA,0.0,0.0,0.0
2025,5,4216,TE,DEN,1.1,1.6,2.1
2025,5,4222,TE,MIA,13.8,16.3,18.8
2025,5,4237,RB,MIA,10.6,13.6,16.6
2025,5,4247,TE,TEN,4.8,6.8,8.8
2025,5,4248,WR,LAC,0.0,0.0,0.0
2025,5,4255,WR,SF,0.9,1.4,1.9
2025,5,4271,QB,SF,22.18,22.18,22.18
2025,5,4286,RB,TB,0.0,0.0,0.0
2025,5,4305,WR,PHI,2.4,2.9,3.4
2025,5,4368,TE,NO,1.7,2.7,3.7
2025,5,4369,WR,TB,5.9,7.9,9.9
2025,5,4388,TE,WAS,0.9,1.4,1.9
2025,5,4424,WR,KC,9.0,10.5,12.0
2025,5,4450,QB,IND,16.68,16.68,16.68
2025,5,4474,WR,CIN,8.2,9.7,11.2
2025,5,4485,TE,PHI,7.9,9.4,10.9
2025,5,4490,RB,TB,-0.1,1.4,2.9
2025,5,4493,WR,HOU,12.0,14.0,16.0
2025,5,4502,WR,SF,0.1,0.1,0.1
2025,5,4551,WR,LV,2.7,4.2,5.7
2025,5,4571,WR,DEN,0.0,0.0,0.0
2025,5,4573,WR,CAR,7.3,10.3,13.3
2025,5,4597,RB,IND,2.2,2.2,2.2
2025,5,4602,RB,BUF,1.0,1.0,1.0
2025,5,4605,RB,KC,17.7,18.2,18.7
2025,5,4617,RB,SEA,10.8,11.3,11.8
2025,6,17,WR,DEN,2.1,3.6,5.1
2025,6,28,QB,PIT,17.5,17.5,17.5
2025,6,30,RB,SF,0.9,1.4,1.9
2025,6,35,WR,GB,0.3,0.3,0.3
2025,6,65,RB,PIT,1.5,1.5,1.5
2025,6,66,WR,LA,3.9,5.9,7.9
2025,6,71,WR,NE,2.8,4.3,5.8
2025,6,85,WR,CAR,0.7,1.2,1.7
2025,6,93,WR,TEN,0.0,0.5,1.0
2025,6,137,WR,SF,4.4,5.4,6.4
2025,6,142,WR,DET,0.0,0.0,0.0
2025,6,150,WR,ATL,0.0,0.0,0.0
2025,6,155,TE,JAX,1.4,1.9,2.4
2025,6,168,TE,LA,10.0,12.0,14.0
2025,6,184,TE,SEA,0.0,0.0,0.0
2025,6,187,RB,CIN,3.2,4.2,5.2
2025,6,191,QB,BAL,0.88,0.88,0.88
2025,6,202,TE,PIT,2.8,4.3,5.8
2025,6,203,RB,NO,7.6,10.1,12.6
2025,6,217,RB,ATL,29.8,32.8,35.8
2025,6,218,WR,KC,5.7,7.2,8.7
2025,6,230,TE,LAC,1.8,2.8,3.8
2025,6,243,WR,JAX,2.9,3.9,4.9
2025,6,244,RB,WAS,3.5,5.0,6.5
2025,6,270,WR,DEN,1.7,2.2,2.7
2025,6,293,WR,JAX,8.6,9.1,9.6
2025,6,306,QB,DET,16.82,16.82,16.82
2025,6,311,QB,ARI,20.7,20.7,20.7
2025,6,312,QB,PIT,0.0,0.0,0.0
2025,6,313,RB,PHI,6.7,7.7,8.7
2025,6,319,RB,JAX,2.8,3.8,4.8
2025,6,324,TE,BAL,2.6,4.6,6.6
2025,6,325,WR,CHI,5.2,6.7,8.2
2025,6,327,QB,TB,19.64,19.64,19.64
2025,6,334,WR,IND,0.0,0.0,0.0
2025,6,373,WR,CLE,4.3,6.8,9.3
2025,6,374,WR,CHI,2.8,3.8,4.8
2025,6,426,WR,LV,0.0,0.0,0.0
2025,6,428,RB,LV,-0.4,-0.4,-0.4
2025,6,440,TE,CIN,2.7,4.7,6.7
2025,6,445,WR,ARI,6.9,8.4,9.9
2025,6,447,RB,DET,0.0,0.0,0.0
2025,6,453,WR,KC,16.5,18.5,20.5
2025,6,468,WR,PHI,8.0,11.0,14.0
2025,6,471,WR,ATL,21.8,26.8,31.8
2025,6,480,WR,WAS,1.4,3.4,5.4
2025,6,482,RB,DET,6.1,7.1,8.1
2025,6,487,TE,BUF,7.9,8.4,8.9
2025,6,499,WR,BAL,2.0,3.0,4.0
2025,6,508,QB,BAL,6.62,6.62,6.62
2025,6,525,WR,NE,2.8,3.8,4.8
2025,6,535,RB,DEN,4.0,4.0,4.0
2025,6,536,RB,CAR,29.9,31.9,33.9
2025,6,547,RB,IND,19.7,21.7,23.7
2025,6,560,RB,BAL,13.0,13.5,14.0
2025,6,561,WR,IND,2.0,3.0,4.0
2025,6,567,TE,CHI,0.0,0.5,1.0
2025,6,580,RB,PHI,2.0,3.0,4.0
2025,6,613,TE,CLE,2.8,4.3,5.8
2025,6,625,QB,PHI,20.62,20.62,20.62
2025,6,650,RB,CAR,0.0,0.0,0.0
2025,6,681,WR,PIT,0.0,0.0,0.0
2025,6,696,WR,ARI,0.0,0.0,0.0
2025,6,697,QB,TEN,10.88,10.88,10.88
2025,6,751,RB,NE,1.8,1.8,1.8
2025,6,764,WR,PHI,4.9,6.9,8.9
2025,6,769,TE,SF,0.0,0.0,0.0
2025,6,777,RB,ARI,6.4,7.4,8.4
2025,6,785,RB,PIT,3.6,6.6,9.6
2025,6,786,TE,PIT,1.1,1.6,2.1
2025,6,807,RB,DAL,3.4,5.9,8.4
2025,6,810,RB,JAX,5.5,7.5,9.5
2025,6,813,WR,BUF,0.0,0.0,0.0
2025,6,822,WR,BUF,6.0,7.0,8.0
2025,6,824,QB,NYJ,4.9,4.9,4.9
2025,6,868,RB,ARI,11.4,11.9,12.4
2025,6,869,QB,BUF,15.4,15.4,15.4
2025,6,880,RB,KC,5.1,5.6,6.1
2025,6,885,WR,DAL,22.8,27.3,31.8
2025,6,914,RB,PIT,7.2,7.7,8.2
2025,6,917,RB,ATL,9.8,10.3,10.8
2025,6,955,WR,MIA,0.8,1.3,1.8
2025,6,959,RB,DEN,0.3,0.3,0.3
2025,6,986,TE,NYJ,0.0,0.0,0.0
2025,6,992,WR,NO,2.8,4.8,6.8
2025,6,1004,RB,TEN,0.0,0.0,0.0
2025,6,1014,TE,IND,1.6,2.1,2.6
2025,6,1016,RB,LAC,2.3,2.8,3.3
2025,6,1032,RB,SF,0.8,2.3,3.8
2025,6,1063,RB,LA,14.7,15.7,16.7
2025,6,1068,TE,NYJ,0.0,0.0,0.0
2025,6,1094,TE,BAL,0.0,0.0,0.0
2025,6,1095,RB,SEA,3.7,4.2,4.7
2025,6,1097,RB,CLE,3.0,5.5,8.0
2025,6,1107,RB,NYJ,5.9,5.9,5.9
2025,6,1110,RB,BUF,8.7,8.7,8.7
2025,6,1111,WR,LA,0.0,0.0,0.0
2025,6,1121,WR,KC,8.6,9.6,10.6
2025,6,1152,WR,KC,0.0,0.0,0.0
2025,6,1157,QB,CIN,16.76,16.76,16.76
2025,6,1164,RB,BAL,0.0,0.0,0.0
2025,6,1179,TE,DAL,0.8,1.3,1.8
2025,6,1198,RB,PHI,0.0,0.0,0.0
2025,6,1200,RB,NO,3.2,3.7,4.2
2025,6,1205,WR,ARI,4.4,6.4,8.4
2025,6,1214,WR,NE,13.1,14.6,16.1
2025,6,1221,WR,NE,21.3,23.8,26.3
2025,6,1242,RB,ARI,0.1,0.1,0.1
2025,6,1245,TE,MIA,3.1,4.6,6.1
2025,6,1267,WR,BUF,2.7,4.2,5.7
2025,6,1268,WR,DAL,0.0,0.0,0.0
2025,6,1270,RB,DAL,6.7,7.7,8.7
2025,6,1273,RB,DEN,0.0,0.0,0.0
2025,6,1282,TE,DEN,8.3,9.3,10.3
2025,6,1285,QB,DAL,22.34,22.34,22.34
2025,6,1335,WR,DEN,2.8,3.8,4.8
2025,6,1342,WR,IND,10.2,13.2,16.2
2025,6,1352,TE,ARI,3.4,4.4,5.4
2025,6,1354,TE,GB,10.3,11.3,12.3
2025,6,1369,TE,LA,0.7,1.2,1.7
2025,6,1370,WR,LA,2.8,3.8,4.8
2025,6,1377,TE,GB,0.7,1.2,1.7
2025,6,1381,WR,BAL,4.6,7.6,10.6
2025,6,1382,TE,LV,11.0,13.5,16.0
2025,6,1417,TE,ATL,0.2,0.2,0.2
2025,6,1439,RB,IND,1.6,2.1,2.6
2025,6,1459,WR,CAR,1.1,2.1,3.1
2025,6,1464,WR,WAS,9.3,9.8,10.3
2025,6,1483,RB,NYG,0.6,0.6,0.6
2025,6,1490,WR,ATL,0.0,0.0,0.0
2025,6,1502,WR,DAL,3.3,4.8,6.3
2025,6,1516,RB,BAL,4.4,6.9,9.4
2025,6,1541,WR,TEN,2.7,4.2,5.7
2025,6,1589,WR,NO,0.0,0.0,0.0
2025,6,1613,WR,CIN,0.5,1.0,1.5
2025,6,1621,TE,TEN,6.1,6.6,7.1
2025,6,1663,RB,LA,2.3,2.3,2.3
2025,6,1666,QB,DEN,13.36,13.36,13.36
2025,6,1672,WR,LA,2.3,3.8,5.3
2025,6,1699,TE,SEA,7.1,8.6,10.1
2025,6,1708,WR,SF,0.7,1.2,1.7
2025,6,1710,WR,IND,0.0,0.0,0.0
2025,6,1726,WR,ARI,3.2,4.2,5.2
2025,6,1730,QB,NE,25.24,25.24,25.24
2025,6,1749,WR,JAX,15.0,19.0,23.0
2025,6,1760,QB,CHI,20.38,20.38,20.38
2025,6,1761,QB,WAS,23.64,23.64,23.64
2025,6,1765,QB,ATL,14.6,14.6,14.6
2025,6,1768,RB,BUF,7.9,8.9,9.9
2025,6,1813,TE,KC,2.5,3.5,4.5
2025,6,1833,WR,MIA,2.3,4.3,6.3
2025,6,1843,RB,KC,2.1,3.6,5.1
2025,6,1846,WR,NE,0.0,0.0,0.0
2025,6,1860,TE,IND,12.3,15.3,18.3
2025,6,1865,WR,WAS,4.4,4.9,5.4
2025,6,1866,TE,CAR,2.1,2.6,3.1
2025,6,1885,TE,LAC,6.8,10.3,13.8
2025,6,1891,RB,MIA,0.2,0.7,1.2
2025,6,1898,WR,CAR,4.7,5.7,6.7
2025,6,1909,RB,JAX,1.2,1.7,2.2
2025,6,1921,RB,WAS,6.8,7.3,7.8
2025,6,1934,RB,TB,14.6,16.1,17.6
2025,6,1945,TE,CLE,0.0,0.5,1.0
2025,6,1970,TE,ATL,1.8,3.3,4.8
2025,6,1997,TE,SF,5.8,8.8,11.8
2025,6,2028,WR,BUF,3.3,4.8,6.3
2025,6,2040,RB,DAL,0.0,0.0,0.0
2025,6,2057,WR,NE,0.0,0.0,0.0
2025,6,2060,QB,SEA,20.0,20.0,20.0
2025,6,2075,WR,LA,0.7,1.2,1.7
2025,6,2097,QB,NO,11.08,11.08,11.08
2025,6,2110,WR,CIN,0.0,0.0,0.0
2025,6,2113,TE,CLE,8.1,11.6,15.1
2025,6,2114,WR,JAX,1.5,3.5,5.5
2025,6,2126,WR,GB,10.2,11.7,13.2
2025,6,2140,WR,CHI,5.1,7.1,9.1
2025,6,2142,TE,LA,0.0,0.0,0.0
2025,6,2188,WR,CLE,0.9,1.9,2.9
2025,6,2227,RB,DET,6.5,7.0,7.5
2025,6,2282,WR,TEN,1.8,2.3,2.8
2025,6,2284,TE,NO,0.9,1.4,1.9
2025,6,2429,WR,KC,0.0,0.0,0.0
2025,6,2497,WR,TB,12.4,14.4,16.4
2025,6,2515,RB,GB,0.1,0.1,0.1
2025,6,2534,QB,LA,11.34,11.34,11.34
2025,6,2580,RB,NE,3.6,4.1,4.6
2025,6,2587,RB,SEA,0.0,0.0,0.0
2025,6,2606,RB,CHI,23.5,24.5,25.5
2025,6,2608,QB,LV,8.66,8.66,8.66
2025,6,2613,QB,MIA,6.6,6.6,6.6
2025,6,2614,RB,NYG,1.0,1.0,1.0
2025,6,2634,WR,LAC,16.0,19.5,23.0
2025,6,2677,WR,CHI,3.2,4.2,5.2
2025,6,2700,WR,MIA,0.0,0.0,0.0
2025,6,2724,RB,SEA,0.0,0.0,0.0
2025,6,2730,WR,CIN,15.1,20.1,25.1
2025,6,2756,WR,DET,12.6,15.6,18.6
2025,6,2772,WR,GB,1.5,2.5,3.5
2025,6,2785,RB,LAC,0.0,0.0,0.0
2025,6,2794,WR,MIA,0.0,0.0,0.0
2025,6,2805,TE,PHI,0.0,0.0,0.0
2025,6,2807,WR,LAC,2.7,4.7,6.7
2025,6,2843,TE,CAR,3.9,5.9,7.9
2025,6,2849,TE,NYG,2.7,3.7,4.7
2025,6,2862,WR,NYJ,1.3,2.8,4.3
2025,6,2893,WR,NYG,5.5,7.5,9.5
2025,6,2929,WR,SEA,10.0,11.0,12.0
2025,6,2945,RB,DEN,2.5,4.5,6.5
2025,6,2955,TE,JAX,1.9,2.9,3.9
2025,6,2976,WR,CHI,0.0,0.0,0.0
2025,6,2999,WR,NYJ,2.5,4.0,5.5
2025,6,3004,TE,NO,6.1,6.1,6.1
2025,6,3024,RB,CAR,1.7,1.7,1.7
2025,6,3037,WR,NYG,0.0,0.0,0.0
2025,6,3056,RB,LV,0.0,0.0,0.0
2025,6,3070,RB,TEN,4.7,5.7,6.7
2025,6,3077,RB,NYJ,0.6,1.1,1.6
2025,6,3116,WR,LV,7.0,9.5,12.0
2025,6,3120,WR,NYJ,0.0,0.0,0.0
2025,6,3127,TE,TB,5.1,7.6,10.1
2025,6,3133,TE,ARI,13.2,17.2,21.2
2025,6,3139,TE,NE,2.7,4.2,5.7
2025,6,3147,WR,WAS,10.6,12.1,13.6
2025,6,3149,WR,CLE,2.2,3.2,4.2
2025,6,3159,QB,NYG,0.0,0.0,0.0
2025,6,3160,WR,DET,0.0,0.0,0.0
2025,6,3166,TE,DAL,0.2,0.7,1.2
2025,6,3167,RB,CLE,3.6,3.6,3.6
2025,6,3189,RB,SF,17.1,20.6,24.1
2025,6,3196,RB,LAC,19.8,21.3,22.8
2025,6,3225,QB,JAX,19.22,19.22,19.22
2025,6,3226,QB,NYG,23.6,23.6,23.6
2025,6,3247,WR,SEA,22.2,26.2,30.2
2025,6,3251,RB,NYJ,0.1,0.6,1.1
2025,6,3253,WR,MIA,9.82,12.82,15.82
2025,6,3258,WR,TEN,0.8,1.8,2.8
2025,6,3259,TE,DEN,4.9,7.4,9.9
2025,6,3289,WR,DET,4.7,9.2,13.7
2025,6,3302,WR,NO,2.1,2.6,3.1
2025,6,3364,RB,LV,14.6,15.6,16.6
2025,6,3379,WR,ARI,7.9,10.4,12.9
2025,6,3388,RB,NYJ,0.0,0.0,0.0
2025,6,3428,TE,CIN,-0.2,0.3,0.8
2025,6,3435,WR,PIT,0.0,0.0,0.0
2025,6,3442,QB,GB,14.96,14.96,14.96
2025,6,3446,RB,MIA,2.5,3.0,3.5
2025,6,3459,RB,TEN,5.0,7.0,9.0
2025,6,3473,WR,ATL,0.0,0.0,0.0
2025,6,3480,RB,BAL,0.0,0.0,0.0
2025,6,3482,RB,CHI,4.4,4.9,5.4
2025,6,3550,TE,DAL,9.3,10.8,12.3
2025,6,3572,TE,WAS,10.3,13.3,16.3
2025,6,3578,WR,SEA,0.0,0.0,0.0
2025,6,3580,RB,CLE,2.4,3.4,4.4
2025,6,3593,TE,BAL,0.6,1.6,2.6
2025,6,3594,QB,KC,31.48,31.48,31.48
2025,6,3605,TE,TEN,1.5,2.5,3.5
2025,6,3606,WR,BAL,0.8,1.3,1.8
2025,6,3615,WR,NYJ,0.0,0.0,0.0
2025,6,3630,WR,JAX,2.0,3.0,4.0
2025,6,3648,WR,DAL,0.8,1.3,1.8
2025,6,3651,QB,LAC,18.76,18.76,18.76
2025,6,3659,WR,SF,14.2,16.7,19.2
2025,6,3662,TE,NYJ,0.2,0.7,1.2
2025,6,3664,RB,NYG,29.0,30.0,31.0
2025,6,3672,TE,DET,11.5,14.0,16.5
2025,6,3704,WR,CLE,1.3,2.3,3.3
2025,6,3721,WR,BAL,0.0,0.0,0.0
2025,6,3728,TE,LV,0.4,0.9,1.4
2025,6,3790,WR,GB,5.5,8.0,10.5
2025,6,3796,WR,SEA,0.0,0.0,0.0
2025,6,3835,WR,BUF,1.1,2.6,4.1
2025,6,3837,TE,LV,0.0,0.0,0.0
2025,6,3844,QB,CLE,8.84,8.84,8.84
2025,6,3855,WR,LAC,2.7,4.7,6.7
2025,6,3862,RB,CIN,4.9,5.9,6.9
2025,6,3863,WR,GB,0.3,0.3,0.3
2025,6,3864,TE,SEA,0.6,1.1,1.6
2025,6,3870,WR,BAL,0.0,0.0,0.0
2025,6,3871,TE,CHI,1.1,2.1,3.1
2025,6,3874,WR,LV,3.9,5.9,7.9
2025,6,3889,TE,WAS,0.0,0.0,0.0
2025,6,3890,TE,NE,0.5,1.0,1.5
2025,6,3917,WR,NYJ,0.0,0.0,0.0
2025,6,3942,WR,TB,2.4,3.4,4.4
2025,6,3965,QB,CAR,18.46,18.46,18.46
2025,6,3993,WR,NO,9.8,12.8,15.8
2025,6,4017,WR,TB,0.0,0.0,0.0
2025,6,4021,WR,NYG,14.4,17.4,20.4
2025,6,4024,WR,TEN,7.5,9.5,11.5
2025,6,4046,WR,NYG,1.7,3.2,4.7
2025,6,4060,WR,TB,5.1,6.1,7.1
2025,6,4089,TE,SF,0.0,0.0,0.0
2025,6,4094,TE,PIT,6.2,7.7,9.2
2025,6,4099,RB,CHI,0.6,0.6,0.6
2025,6,4103,RB,PHI,0.0,0.0,0.0
2025,6,4152,RB,GB,0.7,1.2,1.7
2025,6,4164,WR,IND,4.8,5.8,6.8
2025,6,4192,TE,KC,7.8,10.8,13.8
2025,6,4222,TE,MIA,7.2,8.2,9.2
2025,6,4237,RB,MIA,27.0,29.0,31.0
2025,6,4247,TE,TEN,4.6,7.6,10.6
2025,6,4248,WR,LAC,0.1,0.6,1.1
2025,6,4255,WR,SF,2.2,3.2,4.2
2025,6,4271,QB,SF,11.18,11.18,11.18
2025,6,4305,WR,PHI,1.7,2.2,2.7
2025,6,4354,TE,CIN,7.0,9.0,11.0
2025,6,4368,TE,NO,1.5,2.5,3.5
2025,6,4369,WR,TB,10.5,11.0,11.5
2025,6,4379,WR,PIT,15.5,17.5,19.5
2025,6,4408,TE,TB,0.0,0.0,0.0
2025,6,4450,QB,IND,22.48,22.48,22.48
2025,6,4474,WR,CIN,6.2,8.7,11.2
2025,6,4485,TE,PHI,17.0,21.5,26.0
2025,6,4490,RB,TB,8.5,8.5,8.5
2025,6,4496,WR,PIT,1.2,1.7,2.2
2025,6,4502,WR,SF,0.0,0.0,0.0
2025,6,4551,WR,LV,0.0,0.0,0.0
2025,6,4571,WR,DEN,2.2,3.2,4.2
2025,6,4573,WR,CAR,14.9,16.4,17.9
2025,6,4589,RB,PIT,6.3,7.3,8.3
2025,6,4595,WR,ATL,0.0,0.0,0.0
2025,6,4602,RB,BUF,1.6,2.1,2.6
2025,6,4605,RB,KC,3.4,3.9,4.4
2025,6,4614,RB,GB,27.0,29.5,32.0
2025,6,4617,RB,SEA,3.7,4.2,4.7
2025,6,4623,WR,DAL,0.0,0.0,0.0
2025,7,17,WR,DEN,7.9,9.4,10.9
2025,7,28,QB,PIT,22.56,22.56,22.56
2025,7,30,RB,SF,0.8,1.3,1.8
2025,7,35,WR,GB,0.0,0.0,0.0
2025,7,66,WR,LA,21.5,24.0,26.5
2025,7,71,WR,NE,6.9,10.4,13.9
2025,7,93,WR,TEN,1.8,2.8,3.8
2025,7,137,WR,SF,0.0,0.0,0.0
2025,7,142,WR,DET,1.7,3.2,4.7
2025,7,155,TE,JAX,0.9,1.4,1.9
2025,7,168,TE,LA,1.9,3.4,4.9
2025,7,187,RB,CIN,3.1,3.1,3.1
2025,7,202,TE,PIT,8.8,10.3,11.8
2025,7,203,RB,NO,2.9,4.4,5.9
2025,7,217,RB,ATL,15.2,18.2,21.2
2025,7,218,WR,KC,3.5,5.0,6.5
2025,7,230,TE,LAC,0.0,0.0,0.0
2025,7,243,WR,JAX,6.2,8.2,10.2
2025,7,244,RB,WAS,4.5,5.5,6.5
2025,7,258,RB,HOU,0.0,0.0,0.0
2025,7,260,TE,HOU,9.8,14.3,18.8
2025,7,270,WR,DEN,8.7,11.7,14.7
2025,7,293,WR,JAX,2.2,2.7,3.2
2025,7,303,WR,DAL,17.0,19.5,22.0
2025,7,306,QB,DET,12.34,12.34,12.34
2025,7,311,QB,ARI,21.76,21.76,21.76
2025,7,313,RB,PHI,4.2,4.7,5.2
2025,7,315,RB,HOU,1.1,1.6,2.1
2025,7,319,RB,JAX,2.2,2.2,2.2
2025,7,325,WR,CHI,5.2,6.7,8.2
2025,7,327,QB,TB,11.12,11.12,11.12
2025,7,344,WR,SF,0.0,0.0,0.0
2025,7,365,TE,MIN,0.9,1.4,1.9
2025,7,373,WR,CLE,1.7,2.7,3.7
2025,7,374,WR,CHI,0.9,1.9,2.9
2025,7,394,QB,KC,-0.3,-0.3,-0.3
2025,7,399,WR,PIT,0.9,1.4,1.9
2025,7,426,WR,LV,0.0,0.0,0.0
2025,7,428,RB,LV,0.2,0.7,1.2
2025,7,440,TE,CIN,10.4,12.4,14.4
2025,7,443,RB,CHI,0.0,0.0,0.0
2025,7,445,WR,ARI,0.5,1.5,2.5
2025,7,453,WR,KC,7.4,8.4,9.4
2025,7,468,WR,PHI,24.1,26.1,28.1
2025,7,471,WR,ATL,4.2,6.2,8.2
2025,7,482,RB,DET,3.9,4.9,5.9
2025,7,525,WR,NE,5.3,6.3,7.3
2025,7,535,RB,DEN,8.0,8.5,9.0
2025,7,536,RB,CAR,9.6,10.1,10.6
2025,7,540,WR,TEN,0.0,0.0,0.0
2025,7,547,RB,IND,31.2,32.7,34.2
2025,7,557,TE,LA,4.7,6.2,7.7
2025,7,561,WR,IND,11.8,15.3,18.8
2025,7,567,TE,CHI,1.6,2.1,2.6
2025,7,577,TE,HOU,0.0,0.0,0.0
2025,7,600,WR,ATL,6.8,8.3,9.8
2025,7,625,QB,PHI,24.04,24.04,24.04
2025,7,666,RB,MIN,0.5,1.0,1.5
2025,7,681,WR,PIT,0.0,0.0,0.0
2025,7,696,WR,ARI,0.0,0.0,0.0
2025,7,697,QB,TEN,12.2,12.2,12.2
2025,7,751,RB,NE,14.8,15.8,16.8
2025,7,764,WR,PHI,24.3,28.8,33.3
2025,7,769,TE,SF,1.1,1.6,2.1
2025,7,777,RB,ARI,3.6,4.6,5.6
2025,7,785,RB,PIT,1.5,2.5,3.5
2025,7,786,TE,PIT,23.1,25.6,28.1
2025,7,807,RB,DAL,17.8,18.3,18.8
2025,7,810,RB,JAX,5.5,6.0,6.5
2025,7,824,QB,NYJ,4.04,4.04,4.04
2025,7,868,RB,ARI,6.4,7.9,9.4
2025,7,880,RB,KC,11.4,11.9,12.4
2025,7,885,WR,DAL,8.2,10.2,12.2
2025,7,902,WR,MIN,3.7,4.7,5.7
2025,7,914,RB,PIT,0.0,0.0,0.0
2025,7,916,WR,WAS,3.6,5.6,7.6
2025,7,917,RB,ATL,1.6,1.6,1.6
2025,7,920,TE,IND,0.0,0.0,0.0
2025,7,955,WR,MIA,2.8,3.3,3.8
2025,7,959,RB,DEN,0.0,0.0,0.0
2025,7,992,WR,NO,4.0,6.0,8.0
2025,7,1004,RB,TEN,0.0,0.0,0.0
2025,7,1014,TE,IND,0.6,1.1,1.6
2025,7,1016,RB,LAC,0.5,1.5,2.5
2025,7,1032,RB,SF,3.6,3.6,3.6
2025,7,1063,RB,LA,6.5,7.5,8.5
2025,7,1068,TE,NYJ,0.0,0.0,0.0
2025,7,1079,TE,NYG,14.8,16.3,17.8
2025,7,1095,RB,SEA,6.6,6.6,6.6
2025,7,1097,RB,CLE,1.0,2.0,3.0
2025,7,1107,RB,NYJ,5.2,6.2,7.2
2025,7,1111,WR,LA,1.5,2.5,3.5
2025,7,1121,WR,KC,4.8,6.3,7.8
2025,7,1144,WR,GB,0.0,0.0,0.0
2025,7,1151,WR,PHI,0.0,0.0,0.0
2025,7,1152,WR,KC,0.0,0.0,0.0
2025,7,1157,QB,CIN,25.98,25.98,25.98
2025,7,1198,RB,PHI,1.0,1.5,2.0
2025,7,1200,RB,NO,0.7,0.7,0.7
2025,7,1205,WR,ARI,4.0,5.5,7.0
2025,7,1214,WR,NE,1.7,3.2,4.7
2025,7,1218,RB,WAS,7.2,7.2,7.2
2025,7,1221,WR,NE,11.5,12.5,13.5
2025,7,1234,WR,HOU,1.3,1.8,2.3
2025,7,1245,TE,MIA,0.1,0.6,1.1
2025,7,1264,WR,SEA,0.3,0.8,1.3
2025,7,1270,RB,DAL,0.3,0.8,1.3
2025,7,1282,TE,DEN,2.0,3.0,4.0
2025,7,1283,WR,CAR,0.0,0.0,0.0
2025,7,1285,QB,DAL,23.26,23.26,23.26
2025,7,1328,RB,DET,0.0,0.0,0.0
2025,7,1335,WR,DEN,9.8,12.8,15.8
2025,7,1344,WR,MIN,12.8,17.3,21.8
2025,7,1352,TE,ARI,0.3,0.8,1.3
2025,7,1354,TE,GB,11.8,14.3,16.8
2025,7,1369,TE,LA,0.4,0.9,1.4
2025,7,1382,TE,LV,1.0,1.5,2.0
2025,7,1439,RB,IND,2.7,3.2,3.7
2025,7,1459,WR,CAR,15.2,19.7,24.2
2025,7,1464,WR,WAS,0.0,0.0,0.0
2025,7,1472,RB,SF,0.0,0.0,0.0
2025,7,1483,RB,NYG,10.6,10.6,10.6
2025,7,1485,QB,NE,0.28,0.28,0.28
2025,7,1490,WR,ATL,1.7,2.2,2.7
2025,7,1502,WR,DAL,0.0,0.0,0.0
2025,7,1541,WR,TEN,2.9,3.9,4.9
2025,7,1567,WR,ARI,0.0,0.0,0.0
2025,7,1589,WR,NO,0.0,0.0,0.0
2025,7,1613,WR,CIN,4.9,6.4,7.9
2025,7,1663,RB,LA,4.3,4.8,5.3
2025,7,1666,QB,DEN,35.96,35.96,35.96
2025,7,1672,WR,LA,0.9,1.9,2.9
2025,7,1699,TE,SEA,0.9,1.4,1.9
2025,7,1708,WR,SF,3.1,5.1,7.1
2025,7,1710,WR,IND,0.3,0.8,1.3
2025,7,1726,WR,ARI,5.8,6.8,7.8
2025,7,1730,QB,NE,23.08,23.08,23.08
2025,7,1742,WR,IND,0.8,1.3,1.8
2025,7,1749,WR,JAX,3.1,4.6,6.1
2025,7,1760,QB,CHI,4.68,4.68,4.68
2025,7,1761,QB,WAS,19.74,19.74,19.74
2025,7,1765,QB,ATL,14.24,14.24,14.24
2025,7,1813,TE,KC,2.8,3.3,3.8
2025,7,1833,WR,MIA,3.0,5.5,8.0
2025,7,1843,RB,KC,8.1,10.6,13.1
2025,7,1846,WR,NE,0.0,0.0,0.0
2025,7,1856,WR,HOU,0.0,0.0,0.0
2025,7,1860,TE,IND,12.9,14.9,16.9
2025,7,1865,WR,WAS,6.0,7.5,9.0
2025,7,1866,TE,CAR,2.4,3.4,4.4
2025,7,1869,RB,MIN,0.6,1.1,1.6
2025,7,1873,WR,LAC,0.0,0.0,0.0
2025,7,1885,TE,LAC,22.4,25.9,29.4
2025,7,1889,WR,MIN,0.0,0.0,0.0
2025,7,1891,RB,MIA,1.3,1.8,2.3
2025,7,1898,WR,CAR,1.5,2.0,2.5
2025,7,1900,RB,NO,0.1,0.1,0.1
2025,7,1902,TE,NYG,0.0,0.0,0.0
2025,7,1909,RB,JAX,0.4,0.9,1.4
2025,7,1921,RB,WAS,3.2,3.7,4.2
2025,7,1934,RB,TB,4.4,6.4,8.4
2025,7,1945,TE,CLE,0.4,0.9,1.4
2025,7,1970,TE,ATL,6.2,9.7,13.2
2025,7,1996,WR,NYG,0.0,0.0,0.0
2025,7,2023,WR,MIN,0.0,0.0,0.0
2025,7,2035,TE,LV,0.3,0.8,1.3
2025,7,2040,RB,DAL,3.4,3.9,4.4
2025,7,2057,WR,NE,0.0,0.0,0.0
2025,7,2060,QB,SEA,10.62,10.62,10.62
2025,7,2070,WR,LV,0.0,0.0,0.0
2025,7,2075,WR,LA,6.5,7.0,7.5
2025,7,2097,QB,NO,12.52,12.52,12.52
2025,7,2110,WR,CIN,0.0,0.0,0.0
2025,7,2113,TE,CLE,3.6,5.6,7.6
2025,7,2114,WR,JAX,16.1,20.1,24.1
2025,7,2126,WR,GB,3.7,5.7,7.7
2025,7,2130,WR,DET,0.0,0.0,0.0
2025,7,2140,WR,CHI,2.1,2.6,3.1
2025,7,2142,TE,LA,9.1,9.6,10.1
2025,7,2152,TE,PHI,0.0,0.0,0.0
2025,7,2221,WR,CLE,1.7,2.7,3.7
2025,7,2227,RB,DET,33.8,35.3,36.8
2025,7,2400,TE,NO,0.0,0.0,0.0
2025,7,2497,WR,TB,0.0,0.0,0.0
2025,7,2515,RB,GB,0.0,0.0,0.0
2025,7,2518,QB,MIA,2.12,2.12,2.12
2025,7,2534,QB,LA,27.38,27.38,27.38
2025,7,2575,TE,MIN,4.3,7.3,10.3
2025,7,2580,RB,NE,0.5,0.5,0.5
2025,7,2587,RB,SEA,0.0,0.0,0.0
2025,7,2606,RB,CHI,19.8,20.3,20.8
2025,7,2608,QB,LV,2.78,2.78,2.78
2025,7,2613,QB,MIA,-1.4,-1.4,-1.4
2025,7,2614,RB,NYG,0.2,0.2,0.2
2025,7,2634,WR,LAC,6.7,11.2,15.7
2025,7,2677,WR,CHI,3.1,4.1,5.1
2025,7,2700,WR,MIA,1.6,3.1,4.6
2025,7,2724,RB,SEA,0.0,0.0,0.0
2025,7,2730,WR,CIN,22.1,30.1,38.1
2025,7,2756,WR,DET,0.0,0.0,0.0
2025,7,2772,WR,GB,0.5,1.0,1.5
2025,7,2785,RB,LAC,0.0,0.0,0.0
2025,7,2794,WR,MIA,4.5,5.5,6.5
2025,7,2795,TE,SF,0.0,0.0,0.0
2025,7,2805,TE,PHI,0.0,0.0,0.0
2025,7,2807,WR,LAC,17.9,23.4,28.9
2025,7,2821,RB,MIN,11.7,11.7,11.7
2025,7,2843,TE,CAR,0.0,0.5,1.0
2025,7,2849,TE,NYG,12.6,14.1,15.6
2025,7,2870,RB,CIN,0.0,0.0,0.0
2025,7,2883,RB,DEN,1.9,2.9,3.9
2025,7,2893,WR,NYG,0.0,0.0,0.0
2025,7,2901,RB,HOU,9.5,11.0,12.5
2025,7,2913,QB,LA,-0.3,-0.3,-0.3
2025,7,2929,WR,SEA,1.2,1.7,2.2
2025,7,2945,RB,DEN,6.2,6.7,7.2
2025,7,2955,TE,JAX,1.6,2.6,3.6
2025,7,2972,RB,ARI,0.0,0.0,0.0
2025,7,2976,WR,CHI,0.0,0.0,0.0
2025,7,2999,WR,NYJ,2.9,4.4,5.9
2025,7,3004,TE,NO,0.8,1.8,2.8
2025,7,3024,RB,CAR,0.0,0.0,0.0
2025,7,3037,WR,NYG,0.0,0.0,0.0
2025,7,3056,RB,LV,0.4,0.9,1.4
2025,7,3070,RB,TEN,6.1,9.1,12.1
2025,7,3077,RB,NYJ,0.0,0.0,0.0
2025,7,3082,WR,TB,0.0,0.0,0.0
2025,7,3116,WR,LV,3.3,5.8,8.3
2025,7,3120,WR,NYJ,0.0,0.5,1.0
2025,7,3127,TE,TB,6.5,10.0,13.5
2025,7,3133,TE,ARI,19.4,24.4,29.4
2025,7,3139,TE,NE,3.3,5.3,7.3
2025,7,3147,WR,WAS,5.9,6.9,7.9
2025,7,3149,WR,CLE,0.0,0.0,0.0
2025,7,3161,TE,DET,2.3,3.8,5.3
2025,7,3166,TE,DAL,0.0,0.0,0.0
2025,7,3167,RB,CLE,26.4,26.4,26.4
2025,7,3189,RB,SF,32.1,35.6,39.1
2025,7,3196,RB,LAC,3.5,5.5,7.5
2025,7,3225,QB,JAX,17.64,17.64,17.64
2025,7,3226,QB,NYG,28.42,28.42,28.42
2025,7,3247,WR,SEA,18.3,22.3,26.3
2025,7,3251,RB,NYJ,3.2,4.2,5.2
2025,7,3253,WR,MIA,1.5,2.0,2.5
2025,7,3258,WR,TEN,12.9,14.9,16.9
2025,7,3259,TE,DEN,4.2,6.7,9.2
2025,7,3289,WR,DET,14.6,17.6,20.6
2025,7,3302,WR,NO,0.3,0.8,1.3
2025,7,3364,RB,LV,3.4,3.9,4.4
2025,7,3379,WR,ARI,6.7,7.7,8.7
2025,7,3388,RB,NYJ,0.0,0.0,0.0
2025,7,3399,WR,HOU,7.7,9.7,11.7
2025,7,3428,TE,CIN,0.0,0.0,0.0
2025,7,3435,WR,PIT,0.0,0.0,0.0
2025,7,3442,QB,GB,13.36,13.36,13.36
2025,7,3448,WR,HOU,-0.1,0.4,0.9
2025,7,3459,RB,TEN,4.0,5.5,7.0
2025,7,3473,WR,ATL,0.0,0.0,0.0
2025,7,3482,RB,CHI,15.4,16.4,17.4
2025,7,3507,TE,GB,0.6,1.1,1.6
2025,7,3514,QB,TB,-0.1,-0.1,-0.1
2025,7,3547,WR,NYJ,1.6,2.6,3.6
2025,7,3550,TE,DAL,14.9,18.4,21.9
2025,7,3572,TE,WAS,9.7,11.2,12.7
2025,7,3578,WR,SEA,0.0,0.0,0.0
2025,7,3580,RB,CLE,1.7,2.2,2.7
2025,7,3594,QB,KC,26.24,26.24,26.24
2025,7,3604,TE,ATL,0.0,0.0,0.0
2025,7,3605,TE,TEN,3.6,5.6,7.6
2025,7,3615,WR,NYJ,0.0,0.0,0.0
2025,7,3630,WR,JAX,5.0,6.0,7.0
2025,7,3648,WR,DAL,1.6,2.1,2.6
2025,7,3651,QB,LAC,27.9,27.9,27.9
2025,7,3659,WR,SF,1.4,2.4,3.4
2025,7,3662,TE,NYJ,3.1,4.6,6.1
2025,7,3664,RB,NYG,15.4,16.9,18.4
2025,7,3672,TE,DET,1.5,3.0,4.5
2025,7,3704,WR,CLE,2.3,2.8,3.3
2025,7,3716,WR,KC,16.2,19.7,23.2
2025,7,3790,WR,GB,7.2,10.2,13.2
2025,7,3792,QB,MIN,11.32,11.32,11.32
2025,7,3796,WR,SEA,0.0,0.0,0.0
2025,7,3806,QB,NYJ,2.14,2.14,2.14
2025,7,3844,QB,CLE,5.84,5.84,5.84
2025,7,3855,WR,LAC,2.3,3.3,4.3
2025,7,3862,RB,CIN,10.0,11.0,12.0
2025,7,3863,WR,GB,0.0,0.0,0.0
2025,7,3864,TE,SEA,4.2,6.2,8.2
2025,7,3871,TE,CHI,2.4,3.9,5.4
2025,7,3889,TE,WAS,0.0,0.0,0.0
2025,7,3890,TE,NE,7.1,8.1,9.1
2025,7,3892,WR,MIN,7.9,10.4,12.9
2025,7,3917,WR,NYJ,6.0,7.5,9.0
2025,7,3925,TE,CAR,0.0,0.0,0.0
2025,7,3942,WR,TB,5.8,7.8,9.8
2025,7,3945,WR,LAC,9.0,10.0,11.0
2025,7,3965,QB,CAR,10.52,10.52,10.52
2025,7,3993,WR,NO,21.8,24.3,26.8
2025,7,4017,WR,TB,1.4,1.9,2.4
2025,7,4021,WR,NYG,9.5,12.5,15.5
2025,7,4024,WR,TEN,4.1,6.1,8.1
2025,7,4046,WR,NYG,0.0,0.0,0.0
2025,7,4048,RB,CAR,5.5,6.5,7.5
2025,7,4060,WR,TB,2.5,6.0,9.5
2025,7,4061,RB,NE,1.8,1.8,1.8
2025,7,4079,RB,DAL,0.0,0.0,0.0
2025,7,4092,QB,LV,0.32,0.32,0.32
2025,7,4094,TE,PIT,6.2,7.7,9.2
2025,7,4099,RB,CHI,1.1,1.1,1.1
2025,7,4103,RB,PHI,0.7,1.2,1.7
2025,7,4106,WR,IND,0.0,0.0,0.0
2025,7,4152,RB,GB,1.5,2.0,2.5
2025,7,4158,QB,HOU,13.66,13.66,13.66
2025,7,4164,WR,IND,9.8,12.3,14.8
2025,7,4188,QB,WAS,3.92,3.92,3.92
2025,7,4192,TE,KC,5.4,6.9,8.4
2025,7,4222,TE,MIA,0.0,0.0,0.0
2025,7,4237,RB,MIA,9.8,11.3,12.8
2025,7,4247,TE,TEN,0.0,0.0,0.0
2025,7,4271,QB,SF,5.18,5.18,5.18
2025,7,4280,QB,CAR,2.2,2.2,2.2
2025,7,4368,TE,NO,7.9,10.4,12.9
2025,7,4369,WR,TB,11.8,13.8,15.8
2025,7,4379,WR,PIT,5.0,6.5,8.0
2025,7,4388,TE,WAS,0.5,1.0,1.5
2025,7,4424,WR,KC,3.9,4.4,4.9
2025,7,4450,QB,IND,20.22,20.22,20.22
2025,7,4474,WR,CIN,15.6,18.6,21.6
2025,7,4485,TE,PHI,1.8,3.3,4.8
2025,7,4490,RB,TB,0.6,1.1,1.6
2025,7,4493,WR,HOU,2.7,4.7,6.7
2025,7,4496,WR,PIT,1.7,2.7,3.7
2025,7,4502,WR,SF,1.5,2.0,2.5
2025,7,4529,WR,MIN,1.0,1.5,2.0
2025,7,4542,WR,DAL,1.7,2.2,2.7
2025,7,4551,WR,LV,1.3,2.3,3.3
2025,7,4571,WR,DEN,0.6,1.1,1.6
2025,7,4573,WR,CAR,3.3,4.8,6.3
2025,7,4581,WR,CAR,0.0,0.0,0.0
2025,7,4589,RB,PIT,15.8,17.8,19.8
2025,7,4595,WR,ATL,0.0,0.0,0.0
2025,7,4605,RB,KC,1.8,1.8,1.8
2025,7,4614,RB,GB,17.8,18.3,18.8
2025,7,4617,RB,SEA,17.5,18.5,19.5
2025,8,17,WR,DEN,20.9,23.9,26.9
2025,8,28,QB,PIT,16.76,16.76,16.76
2025,8,30,RB,SF,0.4,0.9,1.4
2025,8,35,WR,GB,6.9,7.4,7.9
2025,8,71,WR,NE,7.4,8.9,10.4
2025,8,137,WR,SF,0.5,1.5,2.5
2025,8,164,RB,MIN,3.0,4.0,5.0
2025,8,166,WR,BUF,0.0,0.0,0.0
2025,8,187,RB,CIN,16.0,16.5,17.0
2025,8,202,TE,PIT,1.7,2.7,3.7
2025,8,203,RB,NO,4.5,5.5,6.5
2025,8,217,RB,ATL,4.8,6.3,7.8
2025,8,218,WR,KC,2.9,3.9,4.9
2025,8,244,RB,WAS,6.8,9.3,11.8
2025,8,258,RB,HOU,1.7,2.2,2.7
2025,8,260,TE,HOU,2.4,3.4,4.4
2025,8,270,WR,DEN,6.7,8.7,10.7
2025,8,272,WR,MIA,0.2,0.7,1.2
2025,8,303,WR,DAL,7.6,11.1,14.6
2025,8,313,RB,PHI,29.4,31.4,33.4
2025,8,315,RB,HOU,6.9,7.9,8.9
2025,8,324,TE,BAL,3.4,4.9,6.4
2025,8,325,WR,CHI,7.6,9.6,11.6
2025,8,327,QB,TB,6.08,6.08,6.08
2025,8,334,WR,IND,-0.8,-0.3,0.2
2025,8,373,WR,CLE,0.0,0.0,0.0
2025,8,374,WR,CHI,3.3,6.8,10.3
2025,8,412,QB,DEN,-0.1,-0.1,-0.1
2025,8,413,WR,ATL,1.4,2.4,3.4
2025,8,440,TE,CIN,4.1,5.6,7.1
2025,8,443,RB,CHI,0.0,0.0,0.0
2025,8,453,WR,KC,0.0,0.0,0.0
2025,8,473,WR,WAS,11.4,12.9,14.4
2025,8,480,WR,WAS,1.2,2.7,4.2
2025,8,487,TE,BUF,1.5,2.0,2.5
2025,8,499,WR,BAL,1.4,1.9,2.4
2025,8,508,QB,BAL,16.74,16.74,16.74
2025,8,525,WR,NE,8.9,12.4,15.9
2025,8,529,TE,WAS,2.2,2.7,3.2
2025,8,535,RB,DEN,12.1,13.1,14.1
2025,8,536,RB,CAR,5.4,5.4,5.4
2025,8,547,RB,IND,35.4,36.4,37.4
2025,8,560,RB,BAL,19.1,19.1,19.1
2025,8,561,WR,IND,15.5,19.5,23.5
2025,8,577,TE,HOU,0.0,0.0,0.0
2025,8,600,WR,ATL,1.1,1.6,2.1
2025,8,613,TE,CLE,9.7,11.7,13.7
2025,8,625,QB,PHI,25.36,25.36,25.36
2025,8,681,WR,PIT,0.0,0.0,0.0
2025,8,697,QB,TEN,12.76,12.76,12.76
2025,8,727,RB,LAC,3.0,3.0,3.0
2025,8,751,RB,NE,4.9,5.4,5.9
2025,8,764,WR,PHI,8.4,11.4,14.4
2025,8,769,TE,SF,0.0,0.0,0.0
2025,8,785,RB,PIT,3.5,4.5,5.5
2025,8,786,TE,PIT,1.3,2.8,4.3
2025,8,807,RB,DAL,16.9,17.4,17.9
2025,8,813,WR,BUF,1.4,1.9,2.4
2025,8,824,QB,NYJ,16.86,16.86,16.86
2025,8,843,RB,IND,0.2,0.2,0.2
2025,8,869,QB,BUF,23.22,23.22,23.22
2025,8,880,RB,KC,5.8,5.8,5.8
2025,8,885,WR,DAL,7.8,11.3,14.8
2025,8,902,WR,MIN,0.0,0.0,0.0
2025,8,914,RB,PIT,0.0,0.0,0.0
2025,8,917,RB,ATL,7.4,8.4,9.4
2025,8,920,TE,IND,0.0,0.0,0.0
2025,8,955,WR,MIA,0.6,1.6,2.6
2025,8,992,WR,NO,7.5,12.0,16.5
2025,8,1004,RB,TEN,0.5,0.5,0.5
2025,8,1032,RB,SF,0.0,0.0,0.0
2025,8,1061,WR,PIT,2.8,4.8,6.8
2025,8,1068,TE,NYJ,2.4,2.9,3.4
2025,8,1079,TE,NYG,2.1,2.6,3.1
2025,8,1094,TE,BAL,7.0,7.5,8.0
2025,8,1097,RB,CLE,-0.1,0.4,0.9
2025,8,1107,RB,NYJ,30.86,31.86,32.86
2025,8,1110,RB,BUF,33.6,33.6,33.6
2025,8,1121,WR,KC,5.3,7.8,10.3
2025,8,1138,QB,PHI,-0.2,-0.2,-0.2
2025,8,1144,WR,GB,2.9,4.4,5.9
2025,8,1151,WR,PHI,0.3,0.8,1.3
2025,8,1152,WR,KC,0.0,0.0,0.0
2025,8,1157,QB,CIN,24.32,24.32,24.32
2025,8,1164,RB,BAL,4.3,4.3,4.3
2025,8,1179,TE,DAL,2.5,3.5,4.5
2025,8,1198,RB,PHI,10.4,10.4,10.4
2025,8,1214,WR,NE,4.7,5.2,5.7
2025,8,1218,RB,WAS,0.2,0.2,0.2
2025,8,1221,WR,NE,13.5,15.0,16.5
2025,8,1234,WR,HOU,12.9,15.4,17.9
2025,8,1270,RB,DAL,0.2,0.2,0.2
2025,8,1282,TE,DEN,0.0,0.0,0.0
2025,8,1283,WR,CAR,0.0,0.0,0.0
2025,8,1285,QB,DAL,6.62,6.62,6.62
2025,8,1335,WR,DEN,1.8,1.8,1.8
2025,8,1342,WR,IND,9.9,11.4,12.9
2025,8,1344,WR,MIN,8.6,10.1,11.6
2025,8,1354,TE,GB,26.3,29.8,33.3
2025,8,1377,TE,GB,0.5,1.0,1.5
2025,8,1381,WR,BAL,7.1,10.6,14.1
2025,8,1417,TE,ATL,0.0,0.0,0.0
2025,8,1439,RB,IND,0.8,1.3,1.8
2025,8,1459,WR,CAR,1.7,2.7,3.7
2025,8,1464,WR,WAS,2.4,3.9,5.4
2025,8,1465,QB,DAL,6.32,6.32,6.32
2025,8,1483,RB,NYG,5.3,6.3,7.3
2025,8,1490,WR,ATL,2.5,3.0,3.5
2025,8,1502,WR,DAL,0.7,1.2,1.7
2025,8,1513,WR,NO,1.0,1.5,2.0
2025,8,1516,RB,BAL,0.2,0.2,0.2
2025,8,1541,WR,TEN,5.2,7.2,9.2
2025,8,1548,TE,MIA,0.0,0.0,0.0
2025,8,1589,WR,NO,0.0,0.0,0.0
2025,8,1613,WR,CIN,0.0,0.0,0.0
2025,8,1621,TE,TEN,0.0,0.0,0.0
2025,8,1666,QB,DEN,23.78,23.78,23.78
2025,8,1708,WR,SF,4.5,6.5,8.5
2025,8,1710,WR,IND,0.0,0.0,0.0
2025,8,1728,RB,MIA,2.8,3.3,3.8
2025,8,1730,QB,NE,26.28,26.28,26.28
2025,8,1742,WR,IND,0.0,0.0,0.0
2025,8,1760,QB,CHI,11.8,11.8,11.8
2025,8,1768,RB,BUF,1.6,1.6,1.6
2025,8,1813,TE,KC,2.3,3.3,4.3
2025,8,1833,WR,MIA,9.6,11.6,13.6
2025,8,1843,RB,KC,0.8,0.8,0.8
2025,8,1856,WR,HOU,9.4,11.4,13.4
2025,8,1860,TE,IND,5.3,7.3,9.3
2025,8,1865,WR,WAS,0.0,0.5,1.0
2025,8,1869,RB,MIN,2.4,3.4,4.4
2025,8,1873,WR,LAC,0.0,0.0,0.0
2025,8,1874,WR,SF,0.7,1.2,1.7
2025,8,1885,TE,LAC,13.7,16.2,18.7
2025,8,1891,RB,MIA,12.6,13.1,13.6
2025,8,1898,WR,CAR,0.9,0.9,0.9
2025,8,1900,RB,NO,1.1,2.6,4.1
2025,8,1921,RB,WAS,2.5,2.5,2.5
2025,8,1934,RB,TB,6.1,7.1,8.1
2025,8,1970,TE,ATL,5.9,10.4,14.9
2025,8,1996,WR,NYG,1.8,2.3,2.8
2025,8,1997,TE,SF,6.2,6.7,7.2
2025,8,2023,WR,MIN,0.0,0.0,0.0
2025,8,2028,WR,BUF,14.8,17.8,20.8
2025,8,2040,RB,DAL,2.9,2.9,2.9
2025,8,2064,RB,ATL,1.4,1.4,1.4
2025,8,2097,QB,NO,4.64,4.64,4.64
2025,8,2110,WR,CIN,0.0,0.0,0.0
2025,8,2113,TE,CLE,12.4,15.4,18.4
2025,8,2126,WR,GB,0.4,1.9,3.4
2025,8,2140,WR,CHI,-0.1,0.4,0.9
2025,8,2188,WR,CLE,0.0,0.0,0.0
2025,8,2221,WR,CLE,3.1,3.1,3.1
2025,8,2284,TE,NO,0.0,0.0,0.0
2025,8,2400,TE,NO,0.0,0.0,0.0
2025,8,2497,WR,TB,0.0,0.0,0.0
2025,8,2515,RB,GB,0.0,0.0,0.0
2025,8,2575,TE,MIN,2.6,3.6,4.6
2025,8,2580,RB,NE,7.5,7.5,7.5
2025,8,2606,RB,CHI,13.1,14.1,15.1
2025,8,2613,QB,MIA,24.2,24.2,24.2
2025,8,2614,RB,NYG,2.8,3.3,3.8
2025,8,2625,QB,MIA,0.0,0.0,0.0
2025,8,2634,WR,LAC,14.8,17.8,20.8
2025,8,2677,WR,CHI,11.4,14.9,18.4
2025,8,2700,WR,MIA,1.8,2.3,2.8
2025,8,2730,WR,CIN,9.1,15.1,21.1
2025,8,2785,RB,LAC,-0.2,-0.2,-0.2
2025,8,2794,WR,MIA,0.0,0.0,0.0
2025,8,2795,TE,SF,10.3,12.3,14.3
2025,8,2805,TE,PHI,0.0,0.0,0.0
2025,8,2807,WR,LAC,4.4,6.4,8.4
2025,8,2821,RB,MIN,0.6,1.1,1.6
2025,8,2843,TE,CAR,0.4,0.9,1.4
2025,8,2849,TE,NYG,2.0,3.5,5.0
2025,8,2870,RB,CIN,0.0,0.0,0.0
2025,8,2883,RB,DEN,0.6,0.6,0.6
2025,8,2901,RB,HOU,11.1,13.1,15.1
2025,8,2919,RB,HOU,0.0,0.0,0.0
2025,8,2945,RB,DEN,23.1,23.6,24.1
2025,8,2976,WR,CHI,0.2,0.7,1.2
2025,8,3004,TE,NO,1.2,1.7,2.2
2025,8,3015,RB,BUF,0.0,0.0,0.0
2025,8,3024,RB,CAR,1.6,1.6,1.6
2025,8,3037,WR,NYG,0.0,0.0,0.0
2025,8,3070,RB,TEN,5.3,5.8,6.3
2025,8,3077,RB,NYJ,0.9,1.4,1.9
2025,8,3120,WR,NYJ,2.3,2.8,3.3
2025,8,3127,TE,TB,4.0,6.0,8.0
2025,8,3139,TE,NE,6.7,7.2,7.7
2025,8,3149,WR,CLE,0.3,0.3,0.3
2025,8,3166,TE,DAL,0.9,1.4,1.9
2025,8,3167,RB,CLE,1.7,3.2,4.7
2025,8,3189,RB,SF,6.8,8.3,9.8
2025,8,3196,RB,LAC,18.7,19.2,19.7
2025,8,3226,QB,NYG,19.42,19.42,19.42
2025,8,3251,RB,NYJ,10.9,13.4,15.9
2025,8,3253,WR,MIA,15.9,18.4,20.9
2025,8,3257,WR,CHI,0.0,0.0,0.0
2025,8,3258,WR,TEN,9.4,12.9,16.4
2025,8,3259,TE,DEN,3.6,5.6,7.6
2025,8,3279,TE,BUF,2.3,2.8,3.3
2025,8,3302,WR,NO,2.2,3.7,5.2
2025,8,3339,RB,HOU,0.0,0.0,0.0
2025,8,3366,QB,IND,0.1,0.1,0.1
2025,8,3399,WR,HOU,6.3,8.8,11.3
2025,8,3418,TE,MIN,0.5,1.0,1.5
2025,8,3435,WR,PIT,1.3,1.8,2.3
2025,8,3442,QB,GB,26.3,26.3,26.3
2025,8,3446,RB,MIA,0.0,0.5,1.0
2025,8,3448,WR,HOU,3.8,6.3,8.8
2025,8,3459,RB,TEN,14.2,15.7,17.2
2025,8,3473,WR,ATL,3.1,4.6,6.1
2025,8,3480,RB,BAL,0.0,0.0,0.0
2025,8,3482,RB,CHI,2.4,2.4,2.4
2025,8,3507,TE,GB,0.4,0.9,1.4
2025,8,3541,QB,ATL,7.12,7.12,7.12
2025,8,3547,WR,NYJ,0.5,1.0,1.5
2025,8,3550,TE,DAL,0.0,0.0,0.0
2025,8,3572,TE,WAS,1.6,3.6,5.6
2025,8,3580,RB,CLE,2.9,5.4,7.9
2025,8,3593,TE,BAL,0.8,1.8,2.8
2025,8,3594,QB,KC,22.96,22.96,22.96
2025,8,3605,TE,TEN,8.3,9.3,10.3
2025,8,3606,WR,BAL,5.1,6.1,7.1
2025,8,3615,WR,NYJ,5.6,7.1,8.6
2025,8,3648,WR,DAL,10.7,11.7,12.7
2025,8,3651,QB,LAC,25.28,25.28,25.28
2025,8,3659,WR,SF,4.4,5.9,7.4
2025,8,3662,TE,NYJ,9.4,11.9,14.4
2025,8,3664,RB,NYG,9.0,9.5,10.0
2025,8,3684,QB,MIN,0.52,0.52,0.52
2025,8,3704,WR,CLE,3.1,4.1,5.1
2025,8,3716,WR,KC,16.5,21.0,25.5
2025,8,3790,WR,GB,4.4,5.9,7.4
2025,8,3792,QB,MIN,7.76,7.76,7.76
2025,8,3803,QB,NO,4.32,4.32,4.32
2025,8,3835,WR,BUF,3.0,4.5,6.0
2025,8,3843,WR,GB,8.5,10.5,12.5
2025,8,3844,QB,CLE,11.54,11.54,11.54
2025,8,3855,WR,LAC,6.8,7.8,8.8
2025,8,3862,RB,CIN,22.5,24.0,25.5
2025,8,3863,WR,GB,0.0,0.0,0.0
2025,8,3870,WR,BAL,0.6,1.1,1.6
2025,8,3871,TE,CHI,3.8,5.3,6.8
2025,8,3890,TE,NE,3.8,4.8,5.8
2025,8,3892,WR,MIN,7.4,10.9,14.4
2025,8,3917,WR,NYJ,12.4,13.9,15.4
2025,8,3925,TE,CAR,1.9,3.4,4.9
2025,8,3942,WR,TB,3.5,5.0,6.5
2025,8,3993,WR,NO,6.0,10.0,14.0
2025,8,4021,WR,NYG,4.8,6.3,7.8
2025,8,4024,WR,TEN,0.6,1.1,1.6
2025,8,4048,RB,CAR,9.4,9.4,9.4
2025,8,4060,WR,TB,0.8,1.3,1.8
2025,8,4061,RB,NE,1.5,1.5,1.5
2025,8,4079,RB,DAL,0.3,0.3,0.3
2025,8,4103,RB,PHI,0.2,0.2,0.2
2025,8,4152,RB,GB,8.7,10.2,11.7
2025,8,4158,QB,HOU,21.72,21.72,21.72
2025,8,4164,WR,IND,6.9,7.9,8.9
2025,8,4188,QB,WAS,11.32,11.32,11.32
2025,8,4191,WR,HOU,2.0,3.0,4.0
2025,8,4192,TE,KC,15.9,18.9,21.9
2025,8,4196,WR,NYG,2.6,3.6,4.6
2025,8,4214,QB,BUF,0.88,0.88,0.88
2025,8,4216,TE,DEN,0.0,0.0,0.0
2025,8,4237,RB,MIA,15.1,17.6,20.1
2025,8,4247,TE,TEN,5.3,7.3,9.3
2025,8,4271,QB,SF,16.02,16.02,16.02
2025,8,4280,QB,CAR,5.1,5.1,5.1
2025,8,4286,RB,TB,1.1,1.1,1.1
2025,8,4305,WR,PHI,10.0,10.5,11.0
2025,8,4316,TE,BUF,1.5,2.5,3.5
2025,8,4354,TE,CIN,0.9,1.4,1.9
2025,8,4368,TE,NO,5.3,7.8,10.3
2025,8,4369,WR,TB,4.3,6.8,9.3
2025,8,4379,WR,PIT,11.5,14.0,16.5
2025,8,4388,TE,WAS,2.2,2.7,3.2
2025,8,4450,QB,IND,23.18,23.18,23.18
2025,8,4474,WR,CIN,10.4,10.9,11.4
2025,8,4485,TE,PHI,14.8,16.3,17.8
2025,8,4490,RB,TB,10.2,10.2,10.2
2025,8,4496,WR,PIT,13.4,15.4,17.4
2025,8,4502,WR,SF,0.0,0.0,0.0
2025,8,4529,WR,MIN,0.0,0.0,0.0
2025,8,4542,WR,DAL,-0.2,0.3,0.8
2025,8,4571,WR,DEN,10.0,11.0,12.0
2025,8,4573,WR,CAR,9.9,13.4,16.9
2025,8,4581,WR,CAR,3.6,5.1,6.6
2025,8,4589,RB,PIT,7.3,8.3,9.3
2025,8,4595,WR,ATL,0.0,0.0,0.0
2025,8,4602,RB,BUF,0.6,0.6,0.6
2025,8,4605,RB,KC,16.2,16.7,17.2
2025,8,4614,RB,GB,10.5,12.0,13.5
2025,9,17,WR,DEN,2.3,4.3,6.3
2025,9,28,QB,PIT,12.12,12.12,12.12
2025,9,30,RB,SF,1.2,1.7,2.2
2025,9,35,WR,GB,1.2,2.2,3.2
2025,9,51,TE,LV,31.3,37.3,43.3
2025,9,65,RB,PIT,1.3,1.8,2.3
2025,9,66,WR,LA,18.0,20.5,23.0
2025,9,71,WR,NE,9.8,11.3,12.8
2025,9,93,WR,LV,0.0,0.0,0.0
2025,9,137,WR,SF,0.0,0.0,0.0
2025,9,142,WR,DET,0.0,0.0,0.0
2025,9,155,TE,JAX,0.0,0.0,0.0
2025,9,164,RB,MIN,9.8,10.8,11.8
2025,9,166,WR,BUF,0.6,1.1,1.6
2025,9,168,TE,LA,7.3,8.8,10.3
2025,9,187,RB,CIN,0.5,0.5,0.5
2025,9,202,TE,PIT,2.5,4.0,5.5
2025,9,203,RB,NO,1.7,2.2,2.7
2025,9,217,RB,ATL,9.6,13.6,17.6
2025,9,218,WR,KC,0.2,0.7,1.2
2025,9,243,WR,JAX,9.0,13.0,17.0
2025,9,244,RB,WAS,0.0,0.0,0.0
2025,9,258,RB,HOU,0.2,0.7,1.2
2025,9,260,TE,HOU,7.7,10.7,13.7
2025,9,270,WR,DEN,9.0,9.5,10.0
2025,9,272,WR,MIA,0.7,1.2,1.7
2025,9,303,WR,DAL,8.5,12.0,15.5
2025,9,306,QB,DET,19.36,19.36,19.36
2025,9,311,QB,ARI,24.84,24.84,24.84
2025,9,315,RB,HOU,3.4,3.4,3.4
2025,9,319,RB,JAX,8.6,9.1,9.6
2025,9,323,WR,HOU,2.6,4.6,6.6
2025,9,324,TE,BAL,14.6,15.6,16.6
2025,9,325,WR,CHI,18.98,20.98,22.98
2025,9,334,WR,IND,0.0,0.0,0.0
2025,9,374,WR,CHI,11.8,14.8,17.8
2025,9,413,WR,ATL,0.0,0.0,0.0
2025,9,426,WR,LV,0.0,0.0,0.0
2025,9,428,RB,LV,1.4,1.9,2.4
2025,9,440,TE,CIN,8.8,9.8,10.8
2025,9,443,RB,CHI,0.0,0.0,0.0
2025,9,445,WR,ARI,0.9,0.9,0.9
2025,9,453,WR,KC,7.3,8.3,9.3
2025,9,471,WR,ATL,29.8,34.3,38.8
2025,9,480,WR,WAS,4.4,6.9,9.4
2025,9,482,RB,DET,11.0,12.0,13.0
2025,9,487,TE,BUF,3.0,3.5,4.0
2025,9,490,WR,SEA,12.0,12.5,13.0
2025,9,499,WR,BAL,0.0,0.0,0.0
2025,9,506,QB,BAL,25.56,25.56,25.56
2025,9,525,WR,NE,0.9,1.9,2.9
2025,9,535,RB,DEN,5.9,6.4,6.9
2025,9,536,RB,CAR,26.1,27.1,28.1
2025,9,540,WR,TEN,0.0,0.0,0.0
2025,9,547,RB,IND,5.7,6.7,7.7
2025,9,557,TE,LA,1.0,2.0,3.0
2025,9,560,RB,BAL,12.1,12.6,13.1
2025,9,561,WR,IND,11.5,16.0,20.5
2025,9,567,TE,CHI,1.0,1.5,2.0
2025,9,577,TE,HOU,0.2,0.7,1.2
2025,9,600,WR,ATL,1.5,2.0,2.5
2025,9,663,WR,JAX,1.5,2.0,2.5
2025,9,681,WR,PIT,0.0,0.0,0.0
2025,9,696,WR,ARI,0.0,0.0,0.0
2025,9,697,QB,TEN,6.4,6.4,6.4
2025,9,727,RB,LAC,4.4,4.4,4.4
2025,9,741,WR,JAX,0.0,0.0,0.0
2025,9,769,TE,SF,0.9,1.4,1.9
2025,9,785,RB,PIT,3.4,5.4,7.4
2025,9,786,TE,PIT,8.7,10.2,11.7
2025,9,807,RB,DAL,8.3,8.8,9.3
2025,9,810,RB,JAX,11.5,14.0,16.5
2025,9,813,WR,BUF,2.8,3.3,3.8
2025,9,818,RB,PIT,0.0,0.0,0.0
2025,9,830,WR,DEN,1.6,2.1,2.6
2025,9,843,RB,IND,0.8,1.3,1.8
2025,9,868,RB,ARI,4.7,5.7,6.7
2025,9,869,QB,BUF,28.82,28.82,28.82
2025,9,885,WR,DAL,7.9,10.9,13.9
2025,9,890,TE,MIA,4.9,7.4,9.9
2025,9,902,WR,MIN,1.6,2.1,2.6
2025,9,914,RB,PIT,0.4,0.4,0.4
2025,9,917,RB,ATL,0.6,0.6,0.6
2025,9,920,TE,IND,0.0,0.0,0.0
2025,9,953,RB,CHI,9.7,9.7,9.7
2025,9,955,WR,MIA,0.0,0.0,0.0
2025,9,959,RB,DEN,0.2,0.2,0.2
2025,9,992,WR,NO,6.8,9.3,11.8
2025,9,1004,RB,TEN,0.0,0.0,0.0
2025,9,1014,TE,IND,0.0,0.0,0.0
2025,9,1024,TE,LAC,1.2,1.7,2.2
2025,9,1029,WR,WAS,1.4,1.9,2.4
2025,9,1032,RB,SF,11.3,11.3,11.3
2025,9,1061,WR,PIT,5.6,8.1,10.6
2025,9,1063,RB,LA,17.4,17.4,17.4
2025,9,1094,TE,BAL,8.3,9.3,10.3
2025,9,1095,RB,SEA,6.1,7.1,8.1
2025,9,1110,RB,BUF,12.5,13.0,13.5
2025,9,1111,WR,LA,1.2,2.2,3.2
2025,9,1116,RB,PIT,0.0,0.0,0.0
2025,9,1121,WR,KC,3.0,4.5,6.0
2025,9,1131,QB,CHI,0.8,0.8,0.8
2025,9,1144,WR,GB,1.1,1.6,2.1
2025,9,1152,WR,KC,0.0,0.0,0.0
2025,9,1157,QB,CIN,30.7,30.7,30.7
2025,9,1164,RB,BAL,1.8,2.3,2.8
2025,9,1179,TE,DAL,1.4,1.9,2.4
2025,9,1205,WR,ARI,6.1,7.6,9.1
2025,9,1214,WR,NE,16.0,18.0,20.0
2025,9,1218,RB,WAS,12.5,12.5,12.5
2025,9,1221,WR,NE,0.0,0.0,0.0
2025,9,1234,WR,HOU,3.0,4.5,6.0
2025,9,1242,RB,ARI,7.8,8.3,8.8
2025,9,1248,TE,DAL,0.0,0.0,0.0
2025,9,1267,WR,BUF,0.7,1.2,1.7
2025,9,1270,RB,DAL,0.0,0.0,0.0
2025,9,1283,WR,CAR,0.8,1.3,1.8
2025,9,1285,QB,DAL,15.4,15.4,15.4
2025,9,1328,RB,DET,0.0,0.0,0.0
2025,9,1342,WR,IND,11.7,14.7,17.7
2025,9,1344,WR,MIN,6.4,7.4,8.4
2025,9,1352,TE,ARI,3.0,4.5,6.0
2025,9,1354,TE,GB,2.0,3.0,4.0
2025,9,1369,TE,LA,3.7,5.2,6.7
2025,9,1370,WR,LA,15.8,19.3,22.8
2025,9,1377,TE,GB,3.4,4.9,6.4
2025,9,1381,WR,BAL,6.4,8.9,11.4
2025,9,1382,TE,LV,2.6,4.1,5.6
2025,9,1417,TE,ATL,0.0,0.0,0.0
2025,9,1439,RB,IND,0.5,1.0,1.5
2025,9,1459,WR,CAR,2.2,2.7,3.2
2025,9,1464,WR,WAS,0.0,0.0,0.0
2025,9,1469,RB,DET,0.0,0.0,0.0
2025,9,1472,RB,SF,0.0,0.0,0.0
2025,9,1483,RB,NYG,3.7,5.2,6.7
2025,9,1502,WR,DAL,7.2,8.2,9.2
2025,9,1516,RB,BAL,1.5,2.5,3.5
2025,9,1541,WR,TEN,4.6,6.1,7.6
2025,9,1613,WR,CIN,13.0,15.5,18.0
2025,9,1621,TE,TEN,0.0,0.0,0.0
2025,9,1663,RB,LA,5.8,5.8,5.8
2025,9,1666,QB,DEN,16.52,16.52,16.52
2025,9,1699,TE,SEA,8.5,10.0,11.5
2025,9,1708,WR,SF,10.1,12.1,14.1
2025,9,1726,WR,ARI,15.6,19.1,22.6
2025,9,1730,QB,NE,18.36,18.36,18.36
2025,9,1742,WR,IND,0.7,1.2,1.7
2025,9,1743,QB,MIN,18.92,18.92,18.92
2025,9,1749,WR,JAX,5.5,7.0,8.5
2025,9,1757,WR,MIA,1.1,1.6,2.1
2025,9,1760,QB,CHI,36.7,37.7,38.7
2025,9,1761,QB,WAS,15.22,15.22,15.22
2025,9,1765,QB,ATL,22.74,22.74,22.74
2025,9,1768,RB,BUF,0.0,0.0,0.0
2025,9,1813,TE,KC,0.0,0.0,0.0
2025,9,1833,WR,MIA,6.1,7.6,9.1
2025,9,1843,RB,KC,0.7,0.7,0.7
2025,9,1846,WR,NE,0.0,0.0,0.0
2025,9,1856,WR,HOU,0.4,0.9,1.4
2025,9,1860,TE,IND,2.6,5.1,7.6
2025,9,1865,WR,WAS,2.9,4.4,5.9
2025,9,1869,RB,MIN,0.0,0.0,0.0
2025,9,1873,WR,LAC,0.0,0.0,0.0
2025,9,1874,WR,SF,1.9,2.4,2.9
2025,9,1885,TE,LAC,6.8,9.3,11.8
2025,9,1889,WR,MIN,0.0,0.0,0.0
2025,9,1891,RB,MIA,0.9,1.4,1.9
2025,9,1898,WR,CAR,0.8,1.3,1.8
2025,9,1900,RB,NO,1.2,1.7,2.2
2025,9,1909,RB,JAX,1.1,1.6,2.1
2025,9,1921,RB,WAS,4.1,4.6,5.1
2025,9,1922,QB,HOU,6.18,6.18,6.18
2025,9,1970,TE,ATL,3.8,5.8,7.8
2025,9,2023,WR,MIN,0.0,0.0,0.0
2025,9,2028,WR,BUF,4.3,7.8,11.3
2025,9,2057,WR,NE,0.0,0.0,0.0
2025,9,2060,QB,SEA,27.2,27.2,27.2
2025,9,2106,RB,SEA,0.0,0.0,0.0
2025,9,2110,WR,CIN,0.0,0.0,0.0
2025,9,2126,WR,GB,0.9,1.9,2.9
2025,9,2142,TE,LA,5.4,6.4,7.4
2025,9,2227,RB,DET,2.8,4.3,5.8
2025,9,2515,RB,GB,2.4,3.4,4.4
2025,9,2534,QB,LA,26.84,26.84,26.84
2025,9,2553,RB,KC,0.5,0.5,0.5
2025,9,2575,TE,MIN,7.1,8.1,9.1
2025,9,2580,RB,NE,8.7,10.7,12.7
2025,9,2587,RB,SEA,0.9,0.9,0.9
2025,9,2608,QB,LV,26.26,26.26,26.26
2025,9,2613,QB,MIA,8.54,8.54,8.54
2025,9,2614,RB,NYG,5.1,6.1,7.1
2025,9,2634,WR,LAC,5.6,7.6,9.6
2025,9,2677,WR,CHI,0.0,0.0,0.0
2025,9,2700,WR,MIA,2.2,3.2,4.2
2025,9,2730,WR,CIN,11.1,14.1,17.1
2025,9,2756,WR,DET,12.6,14.6,16.6
2025,9,2794,WR,MIA,0.0,0.0,0.0
2025,9,2795,TE,SF,2.9,4.9,6.9
2025,9,2807,WR,LAC,4.1,5.1,6.1
2025,9,2821,RB,MIN,3.7,4.2,4.7
2025,9,2843,TE,CAR,0.0,0.0,0.0
2025,9,2849,TE,NYG,8.7,10.2,11.7
2025,9,2870,RB,CIN,0.1,0.1,0.1
2025,9,2883,RB,DEN,0.6,1.6,2.6
2025,9,2901,RB,HOU,2.7,2.7,2.7
2025,9,2919,RB,HOU,0.0,0.0,0.0
2025,9,2945,RB,DEN,11.6,14.1,16.6
2025,9,2955,TE,JAX,0.6,1.1,1.6
2025,9,2976,WR,CHI,0.0,0.0,0.0
2025,9,3004,TE,NO,3.0,3.0,3.0
2025,9,3015,RB,BUF,0.0,0.0,0.0
2025,9,3024,RB,CAR,0.0,0.0,0.0
2025,9,3037,WR,NYG,8.4,8.9,9.4
2025,9,3056,RB,LV,0.0,0.0,0.0
2025,9,3070,RB,TEN,6.8,7.3,7.8
2025,9,3116,WR,LV,3.8,5.3,6.8
2025,9,3133,TE,ARI,11.5,14.0,16.5
2025,9,3139,TE,NE,5.1,7.1,9.1
2025,9,3161,TE,DET,1.1,1.6,2.1
2025,9,3166,TE,DAL,0.0,0.0,0.0
2025,9,3189,RB,SF,29.3,31.8,34.3
2025,9,3196,RB,LAC,3.0,3.0,3.0
2025,9,3225,QB,JAX,21.2,21.2,21.2
2025,9,3226,QB,NYG,27.24,27.24,27.24
2025,9,3247,WR,SEA,14.0,18.0,22.0
2025,9,3253,WR,MIA,8.2,11.2,14.2
2025,9,3257,WR,CHI,0.0,0.0,0.0
2025,9,3258,WR,TEN,0.5,1.0,1.5
2025,9,3259,TE,DEN,0.0,0.0,0.0
2025,9,3279,TE,BUF,16.1,19.1,22.1
2025,9,3289,WR,DET,9.7,14.2,18.7
2025,9,3302,WR,NO,1.6,2.6,3.6
2025,9,3364,RB,LV,14.9,17.4,19.9
2025,9,3399,WR,HOU,-0.3,-0.3,-0.3
2025,9,3418,TE,MIN,0.0,0.0,0.0
2025,9,3435,WR,PIT,0.0,0.0,0.0
2025,9,3442,QB,GB,9.02,9.02,9.02
2025,9,3448,WR,HOU,0.0,0.0,0.0
2025,9,3459,RB,TEN,6.2,7.7,9.2
2025,9,3473,WR,ATL,0.0,0.0,0.0
2025,9,3480,RB,BAL,0.0,0.0,0.0
2025,9,3482,RB,CHI,19.8,21.3,22.8
2025,9,3512,RB,LAC,6.2,6.7,7.2
2025,9,3550,TE,DAL,5.0,7.5,10.0
2025,9,3572,TE,WAS,4.6,6.6,8.6
2025,9,3578,WR,SEA,16.8,18.8,20.8
2025,9,3593,TE,BAL,6.0,7.5,9.0
2025,9,3594,QB,KC,8.5,8.5,8.5
2025,9,3605,TE,TEN,1.5,2.0,2.5
2025,9,3606,WR,BAL,7.3,8.3,9.3
2025,9,3630,WR,JAX,2.9,4.4,5.9
2025,9,3651,QB,LAC,27.7,27.7,27.7
2025,9,3659,WR,SF,3.4,4.4,5.4
2025,9,3672,TE,DET,15.7,18.7,21.7
2025,9,3716,WR,KC,14.6,16.6,18.6
2025,9,3721,WR,BAL,0.0,0.0,0.0
2025,9,3728,TE,LV,0.9,1.4,1.9
2025,9,3790,WR,GB,9.1,12.6,16.1
2025,9,3803,QB,NO,9.24,9.24,9.24
2025,9,3835,WR,BUF,1.7,2.7,3.7
2025,9,3843,WR,GB,5.8,6.8,7.8
2025,9,3855,WR,LAC,1.8,2.8,3.8
2025,9,3862,RB,CIN,11.2,15.2,19.2
2025,9,3864,TE,SEA,8.9,9.9,10.9
2025,9,3870,WR,BAL,0.0,0.0,0.0
2025,9,3871,TE,CHI,23.8,26.8,29.8
2025,9,3874,WR,LV,2.3,4.3,6.3
2025,9,3890,TE,NE,2.0,2.5,3.0
2025,9,3892,WR,MIN,10.7,13.7,16.7
2025,9,3925,TE,CAR,0.5,1.0,1.5
2025,9,3939,TE,CHI,0.0,0.0,0.0
2025,9,3945,WR,LAC,11.3,13.3,15.3
2025,9,3965,QB,CAR,2.98,2.98,2.98
2025,9,3993,WR,NO,5.7,7.2,8.7
2025,9,4021,WR,NYG,4.6,9.1,13.6
2025,9,4024,WR,TEN,2.1,2.6,3.1
2025,9,4046,WR,NYG,0.0,0.0,0.0
2025,9,4048,RB,CAR,1.7,1.7,1.7
2025,9,4053,WR,NYG,0.5,1.0,1.5
2025,9,4061,RB,NE,10.4,10.9,11.4
2025,9,4079,RB,DAL,0.3,0.3,0.3
2025,9,4094,TE,PIT,4.3,6.3,8.3
2025,9,4152,RB,GB,1.7,2.2,2.7
2025,9,4158,QB,HOU,4.36,4.36,4.36
2025,9,4164,WR,IND,11.5,14.5,17.5
2025,9,4192,TE,KC,6.6,8.6,10.6
2025,9,4196,WR,NYG,6.2,8.7,11.2
2025,9,4216,TE,DEN,2.5,3.5,4.5
2025,9,4237,RB,MIA,10.6,13.6,16.6
2025,9,4244,TE,NE,0.0,0.0,0.0
2025,9,4247,TE,TEN,1.0,2.0,3.0
2025,9,4248,WR,LAC,0.0,0.0,0.0
2025,9,4271,QB,SF,17.8,17.8,17.8
2025,9,4316,TE,BUF,1.8,2.3,2.8
2025,9,4354,TE,CIN,4.2,5.2,6.2
2025,9,4363,WR,CIN,2.7,3.2,3.7
2025,9,4368,TE,NO,9.1,10.6,12.1
2025,9,4379,WR,PIT,0.6,1.6,2.6
2025,9,4388,TE,WAS,2.0,3.0,4.0
2025,9,4424,WR,KC,0.0,0.0,0.0
2025,9,4450,QB,IND,18.08,18.08,18.08
2025,9,4474,WR,CIN,24.1,27.6,31.1
2025,9,4493,WR,HOU,7.5,11.0,14.5
2025,9,4496,WR,PIT,0.4,0.9,1.4
2025,9,4502,WR,SF,2.1,2.6,3.1
2025,9,4542,WR,DAL,1.3,2.3,3.3
2025,9,4551,WR,LV,0.0,0.0,0.0
2025,9,4571,WR,DEN,2.0,3.0,4.0
2025,9,4573,WR,CAR,4.6,6.6,8.6
2025,9,4581,WR,CAR,0.9,1.4,1.9
2025,9,4589,RB,PIT,14.9,15.9,16.9
2025,9,4595,WR,ATL,0.0,0.0,0.0
2025,9,4602,RB,BUF,8.0,9.0,10.0
2025,9,4605,RB,KC,11.5,12.0,12.5
2025,9,4614,RB,GB,16.0,18.0,20.0
2025,9,4617,RB,SEA,4.6,5.1,5.6
2025,9,4621,QB,SF,-0.1,-0.1,-0.1
2025,10,17,WR,DEN,10.0,12.5,15.0
2025,10,19,TE,DEN,0.0,0.0,0.0
2025,10,28,QB,PIT,6.44,6.44,6.44
2025,10,30,RB,SF,0.8,1.8,2.8
2025,10,35,WR,GB,0.2,1.2,2.2
2025,10,51,TE,LV,2.7,3.2,3.7
2025,10,65,RB,PIT,0.3,0.3,0.3
2025,10,66,WR,LA,13.7,16.7,19.7
2025,10,71,WR,NE,10.6,13.1,15.6
2025,10,93,WR,LV,4.4,6.9,9.4
2025,10,137,WR,SF,3.4,4.9,6.4
2025,10,142,WR,DET,5.9,7.9,9.9
2025,10,155,TE,JAX,2.1,2.6,3.1
2025,10,156,TE,SEA,0.0,0.0,0.0
2025,10,164,RB,MIN,12.9,14.4,15.9
2025,10,166,WR,BUF,2.1,2.6,3.1
2025,10,168,TE,LA,3.3,4.8,6.3
2025,10,202,TE,PIT,0.4,0.9,1.4
2025,10,203,RB,NO,11.5,13.0,14.5
2025,10,216,TE,LAC,1.2,1.7,2.2
2025,10,217,RB,ATL,8.8,9.8,10.8
2025,10,237,TE,DET,0.0,0.0,0.0
2025,10,243,WR,JAX,8.9,10.4,11.9
2025,10,244,RB,WAS,2.9,3.4,3.9
2025,10,260,TE,HOU,11.3,14.8,18.3
2025,10,270,WR,DEN,2.4,3.9,5.4
2025,10,297,QB,DET,-0.1,-0.1,-0.1
2025,10,306,QB,DET,24.8,24.8,24.8
2025,10,311,QB,ARI,21.42,21.42,21.42
2025,10,313,RB,PHI,10.1,11.6,13.1
2025,10,315,RB,HOU,5.2,5.7,6.2
2025,10,319,RB,JAX,1.0,1.5,2.0
2025,10,323,WR,HOU,0.3,0.8,1.3
2025,10,324,TE,BAL,7.4,8.9,10.4
2025,10,325,WR,CHI,0.0,0.0,0.0
2025,10,327,QB,TB,22.92,22.92,22.92
2025,10,334,WR,IND,2.2,2.2,2.2
2025,10,373,WR,CLE,13.8,16.8,19.8
2025,10,374,WR,CHI,0.5,1.0,1.5
2025,10,413,WR,ATL,0.0,0.0,0.0
2025,10,426,WR,LV,0.0,0.0,0.0
2025,10,428,RB,LV,1.5,2.0,2.5
2025,10,429,WR,NO,0.0,0.0,0.0
2025,10,445,WR,ARI,6.2,6.2,6.2
2025,10,468,WR,PHI,1.3,2.3,3.3
2025,10,471,WR,ATL,16.4,19.4,22.4
2025,10,480,WR,WAS,8.9,10.9,12.9
2025,10,482,RB,DET,7.1,7.6,8.1
2025,10,487,TE,BUF,3.7,5.2,6.7
2025,10,490,WR,SEA,0.0,0.0,0.0
2025,10,499,WR,BAL,1.6,2.6,3.6
2025,10,506,QB,BAL,14.64,14.64,14.64
2025,10,525,WR,NE,10.6,13.6,16.6
2025,10,529,TE,WAS,6.4,6.9,7.4
2025,10,535,RB,DEN,8.4,8.9,9.4
2025,10,536,RB,CAR,12.3,13.8,15.3
2025,10,547,RB,IND,46.6,48.1,49.6
2025,10,557,TE,LA,10.1,12.1,14.1
2025,10,560,RB,BAL,8.4,9.9,11.4
2025,10,561,WR,IND,1.9,2.9,3.9
2025,10,567,TE,CHI,0.5,1.0,1.5
2025,10,600,WR,ATL,1.7,2.2,2.7
2025,10,613,TE,CLE,8.1,9.1,10.1
2025,10,625,QB,PHI,14.02,14.02,14.02
2025,10,663,WR,JAX,0.0,0.0,0.0
2025,10,666,RB,MIN,0.0,0.0,0.0
2025,10,681,WR,PIT,0.0,0.0,0.0
2025,10,696,WR,ARI,0.0,0.0,0.0
2025,10,727,RB,LAC,0.1,0.1,0.1
2025,10,741,WR,JAX,3.3,4.3,5.3
2025,10,764,WR,PHI,12.9,14.9,16.9
2025,10,769,TE,SF,7.5,8.5,9.5
2025,10,777,RB,ARI,0.4,0.4,0.4
2025,10,785,RB,PIT,0.4,1.4,2.4
2025,10,786,TE,PIT,3.3,4.8,6.3
2025,10,810,RB,JAX,13.7,14.7,15.7
2025,10,813,WR,BUF,0.8,1.8,2.8
2025,10,818,RB,PIT,0.0,0.0,0.0
2025,10,824,QB,NYJ,6.96,6.96,6.96
2025,10,830,WR,DEN,0.0,0.0,0.0
2025,10,843,RB,IND,0.4,0.4,0.4
2025,10,868,RB,ARI,3.3,3.8,4.3
2025,10,869,QB,BUF,21.34,21.34,21.34
2025,10,890,TE,MIA,2.2,2.7,3.2
2025,10,902,WR,MIN,18.4,20.9,23.4
2025,10,914,RB,PIT,0.0,0.0,0.0
2025,10,916,WR,WAS,1.7,2.2,2.7
2025,10,917,RB,ATL,17.7,17.7,17.7
2025,10,920,TE,IND,0.0,0.0,0.0
2025,10,946,TE,NO,1.4,1.9,2.4
2025,10,959,RB,DEN,1.3,1.8,2.3
2025,10,986,TE,NYJ,0.0,0.0,0.0
2025,10,992,WR,SEA,2.3,2.8,3.3
2025,10,999,WR,NYJ,-0.4,0.1,0.6
2025,10,1014,TE,IND,0.0,0.0,0.0
2025,10,1024,TE,LAC,0.7,1.2,1.7
2025,10,1028,QB,SEA,-0.4,-0.4,-0.4
2025,10,1029,WR,WAS,5.8,7.3,8.8
2025,10,1032,RB,SF,10.5,11.0,11.5
2025,10,1061,WR,PIT,1.4,2.4,3.4
2025,10,1063,RB,LA,20.4,21.4,22.4
2025,10,1068,TE,NYJ,0.0,0.5,1.0
2025,10,1079,TE,NYG,0.8,1.3,1.8
2025,10,1094,TE,BAL,2.3,2.8,3.3
2025,10,1095,RB,SEA,7.0,7.5,8.0
2025,10,1097,RB,CLE,0.1,0.1,0.1
2025,10,1107,RB,NYJ,18.5,19.0,19.5
2025,10,1110,RB,BUF,7.7,10.2,12.7
2025,10,1111,WR,LA,1.4,1.9,2.4
2025,10,1151,WR,PHI,0.0,0.0,0.0
2025,10,1164,RB,BAL,3.1,3.1,3.1
2025,10,1198,RB,PHI,0.7,0.7,0.7
2025,10,1205,WR,ARI,3.4,5.4,7.4
2025,10,1214,WR,NE,3.4,4.4,5.4
2025,10,1218,RB,WAS,7.6,7.6,7.6
2025,10,1242,RB,ARI,10.4,11.9,13.4
2025,10,1267,WR,BUF,2.4,2.9,3.4
2025,10,1342,WR,IND,0.3,0.8,1.3
2025,10,1344,WR,MIN,3.5,5.0,6.5
2025,10,1352,TE,ARI,1.9,2.9,3.9
2025,10,1369,TE,LA,6.8,7.8,8.8
2025,10,1370,WR,LA,12.4,14.9,17.4
2025,10,1377,TE,GB,2.3,3.8,5.3
2025,10,1381,WR,BAL,8.1,10.1,12.1
2025,10,1382,TE,LV,2.2,3.7,5.2
2025,10,1417,TE,ATL,0.0,0.0,0.0
2025,10,1439,RB,IND,0.8,1.3,1.8
2025,10,1459,WR,CAR,0.0,0.0,0.0
2025,10,1469,RB,DET,0.4,0.4,0.4
2025,10,1483,RB,NYG,7.1,7.6,8.1
2025,10,1513,WR,NO,1.5,2.0,2.5
2025,10,1516,RB,BAL,7.3,7.8,8.3
2025,10,1585,QB,ARI,0.0,0.0,0.0
2025,10,1663,RB,LA,5.6,5.6,5.6
2025,10,1666,QB,DEN,5.8,5.8,5.8
2025,10,1699,TE,SEA,0.3,0.3,0.3
2025,10,1708,WR,SF,13.1,16.1,19.1
2025,10,1726,WR,ARI,9.3,10.8,12.3
2025,10,1728,RB,MIA,1.7,1.7,1.7
2025,10,1730,QB,NE,18.1,18.1,18.1
2025,10,1743,QB,MIN,14.72,14.72,14.72
2025,10,1760,QB,CHI,25.1,25.1,25.1
2025,10,1765,QB,ATL,10.98,10.98,10.98
2025,10,1768,RB,BUF,-0.2,0.3,0.8
2025,10,1833,WR,MIA,7.3,8.3,9.3
2025,10,1846,WR,NE,13.2,13.7,14.2
2025,10,1856,WR,HOU,10.2,12.7,15.2
2025,10,1860,TE,IND,9.9,13.9,17.9
2025,10,1865,WR,WAS,4.1,4.6,5.1
2025,10,1866,TE,CAR,0.0,0.0,0.0
2025,10,1873,WR,LAC,0.3,0.8,1.3
2025,10,1885,TE,LAC,1.3,2.8,4.3
2025,10,1891,RB,MIA,-0.3,-0.3,-0.3
2025,10,1900,RB,NO,3.1,4.6,6.1
2025,10,1909,RB,JAX,0.6,1.1,1.6
2025,10,1921,RB,WAS,3.0,3.0,3.0
2025,10,1922,QB,HOU,25.68,25.68,25.68
2025,10,1934,RB,TB,5.4,7.9,10.4
2025,10,1945,TE,CLE,0.0,0.0,0.0
2025,10,1970,TE,ATL,3.8,4.8,5.8
2025,10,2023,WR,MIN,0.0,0.0,0.0
2025,10,2028,WR,BUF,5.8,9.3,12.8
2025,10,2057,WR,NE,0.0,0.0,0.0
2025,10,2060,QB,SEA,8.92,8.92,8.92
2025,10,2070,WR,LV,0.4,0.9,1.4
2025,10,2075,WR,LA,0.0,0.0,0.0
2025,10,2106,RB,SEA,0.0,0.0,0.0
2025,10,2113,TE,CLE,4.4,6.4,8.4
2025,10,2130,WR,DET,1.1,1.6,2.1
2025,10,2140,WR,CHI,5.1,6.6,8.1
2025,10,2142,TE,LA,3.2,3.7,4.2
2025,10,2195,TE,TB,0.0,0.0,0.0
2025,10,2221,WR,CLE,3.2,3.2,3.2
2025,10,2227,RB,DET,35.2,36.7,38.2
2025,10,2284,TE,NO,1.6,2.6,3.6
2025,10,2497,WR,TB,1.1,1.1,1.1
2025,10,2515,RB,GB,0.0,0.0,0.0
2025,10,2534,QB,LA,26.9,26.9,26.9
2025,10,2575,TE,MIN,0.8,1.8,2.8
2025,10,2580,RB,NE,27.0,27.5,28.0
2025,10,2587,RB,SEA,9.1,9.1,9.1
2025,10,2606,RB,CHI,9.8,12.3,14.8
2025,10,2608,QB,LV,4.42,4.42,4.42
2025,10,2613,QB,MIA,10.82,10.82,10.82
2025,10,2614,RB,NYG,7.3,8.8,10.3
2025,10,2634,WR,LAC,16.7,18.7,20.7
2025,10,2677,WR,CHI,14.6,17.6,20.6
2025,10,2700,WR,MIA,0.7,1.2,1.7
2025,10,2724,RB,SEA,0.0,0.0,0.0
2025,10,2756,WR,DET,17.9,20.9,23.9
2025,10,2757,WR,CLE,1.1,2.1,3.1
2025,10,2772,WR,GB,3.8,5.8,7.8
2025,10,2795,TE,SF,14.4,18.9,23.4
2025,10,2803,RB,BAL,0.3,0.3,0.3
2025,10,2807,WR,LAC,1.9,2.9,3.9
2025,10,2821,RB,MIN,3.1,3.6,4.1
2025,10,2849,TE,NYG,7.5,11.0,14.5
2025,10,2862,WR,NYJ,0.0,0.0,0.0
2025,10,2883,RB,DEN,0.0,0.0,0.0
2025,10,2901,RB,HOU,14.1,15.1,16.1
2025,10,2929,WR,SEA,7.4,8.4,9.4
2025,10,2945,RB,DEN,1.8,2.8,3.8
2025,10,2972,RB,NE,0.1,0.1,0.1
2025,10,2976,WR,CHI,0.0,0.0,0.0
2025,10,3004,TE,NO,2.0,2.0,2.0
2025,10,3024,RB,CAR,0.0,0.0,0.0
2025,10,3037,WR,NYG,0.0,0.0,0.0
2025,10,3056,RB,LV,0.0,0.0,0.0
2025,10,3077,RB,NYJ,0.0,0.0,0.0
2025,10,3116,WR,LV,3.5,4.5,5.5
2025,10,3120,WR,NYJ,1.3,1.3,1.3
2025,10,3127,TE,TB,8.2,12.7,17.2
2025,10,3133,TE,ARI,18.7,23.2,27.7
2025,10,3139,TE,NE,0.9,1.4,1.9
2025,10,3147,WR,WAS,0.0,0.0,0.0
2025,10,3149,WR,CLE,0.0,0.0,0.0
2025,10,3159,QB,NYG,3.0,3.0,3.0
2025,10,3160,WR,DET,0.0,0.0,0.0
2025,10,3161,TE,DET,0.0,0.0,0.0
2025,10,3167,RB,CLE,8.5,9.5,10.5
2025,10,3189,RB,SF,9.6,13.6,17.6
2025,10,3196,RB,LAC,16.8,17.3,17.8
2025,10,3225,QB,JAX,11.82,11.82,11.82
2025,10,3226,QB,NYG,28.28,28.28,28.28
2025,10,3247,WR,SEA,15.3,17.8,20.3
2025,10,3251,RB,NYJ,1.1,1.6,2.1
2025,10,3253,WR,MIA,14.4,16.9,19.4
2025,10,3259,TE,DEN,1.2,2.2,3.2
2025,10,3272,RB,LAC,0.0,0.0,0.0
2025,10,3279,TE,BUF,3.7,4.7,5.7
2025,10,3289,WR,DET,11.8,14.3,16.8
2025,10,3339,RB,HOU,0.0,0.0,0.0
2025,10,3364,RB,LV,12.3,13.8,15.3
2025,10,3379,WR,ARI,0.0,0.0,0.0
2025,10,3388,RB,NYJ,0.0,0.0,0.0
2025,10,3399,WR,HOU,3.5,5.5,7.5
2025,10,3418,TE,MIN,0.0,0.0,0.0
2025,10,3435,WR,PIT,0.0,0.0,0.0
2025,10,3442,QB,GB,9.84,9.84,9.84
2025,10,3446,RB,MIA,0.6,0.6,0.6
2025,10,3448,WR,HOU,0.0,0.0,0.0
2025,10,3473,WR,ATL,0.0,0.0,0.0
2025,10,3482,RB,CHI,8.8,8.8,8.8
2025,10,3572,TE,WAS,5.4,7.4,9.4
2025,10,3580,RB,CLE,-0.1,0.4,0.9
2025,10,3593,TE,BAL,1.7,2.7,3.7
2025,10,3604,TE,ATL,1.4,1.9,2.4
2025,10,3606,WR,BAL,1.0,1.5,2.0
2025,10,3615,WR,NYJ,0.4,0.9,1.4
2025,10,3620,TE,PHI,0.0,0.0,0.0
2025,10,3630,WR,JAX,0.0,0.0,0.0
2025,10,3651,QB,LAC,14.7,14.7,14.7
2025,10,3659,WR,SF,1.9,2.4,2.9
2025,10,3662,TE,NYJ,0.4,0.9,1.4
2025,10,3672,TE,DET,5.3,7.8,10.3
2025,10,3704,WR,CLE,0.0,0.0,0.0
2025,10,3721,WR,BAL,0.0,0.0,0.0
2025,10,3790,WR,GB,0.5,1.0,1.5
2025,10,3803,QB,NO,18.98,18.98,18.98
2025,10,3835,WR,BUF,10.6,12.1,13.6
2025,10,3843,WR,GB,4.5,5.5,6.5
2025,10,3844,QB,CLE,20.08,20.08,20.08
2025,10,3855,WR,LAC,0.4,1.4,2.4
2025,10,3863,WR,GB,2.8,3.8,4.8
2025,10,3864,TE,SEA,0.5,1.0,1.5
2025,10,3870,WR,BAL,0.0,0.0,0.0
2025,10,3871,TE,CHI,5.5,7.5,9.5
2025,10,3874,WR,JAX,4.1,5.6,7.1
2025,10,3890,TE,NE,0.0,0.0,0.0
2025,10,3892,WR,MIN,3.7,5.7,7.7
2025,10,3917,WR,NYJ,0.0,0.0,0.0
2025,10,3925,TE,CAR,3.2,5.7,8.2
2025,10,3942,WR,TB,17.5,20.5,23.5
2025,10,3945,WR,LAC,4.2,6.7,9.2
2025,10,3965,QB,CAR,3.56,3.56,3.56
2025,10,3993,WR,NO,16.4,18.9,21.4
2025,10,4004,TE,PHI,0.0,0.0,0.0
2025,10,4017,WR,TB,0.0,0.0,0.0
2025,10,4021,WR,NYG,6.2,9.2,12.2
2025,10,4048,RB,CAR,1.5,2.0,2.5
2025,10,4053,WR,NYG,0.0,0.0,0.0
2025,10,4060,WR,TB,3.1,4.6,6.1
2025,10,4061,RB,NE,0.5,0.5,0.5
2025,10,4092,QB,LV,0.0,0.0,0.0
2025,10,4094,TE,PIT,1.5,2.0,2.5
2025,10,4103,RB,PHI,3.4,4.4,5.4
2025,10,4106,WR,IND,0.0,0.0,0.0
2025,10,4152,RB,GB,0.4,0.9,1.4
2025,10,4164,WR,IND,14.4,16.4,18.4
2025,10,4188,QB,WAS,18.72,18.72,18.72
2025,10,4196,WR,NYG,8.9,10.9,12.9
2025,10,4214,QB,BUF,0.4,0.4,0.4
2025,10,4216,TE,DEN,0.2,0.7,1.2
2025,10,4237,RB,MIA,34.5,37.5,40.5
2025,10,4244,TE,NE,0.0,0.0,0.0
2025,10,4271,QB,SF,23.06,23.06,23.06
2025,10,4305,WR,PHI,0.0,0.0,0.0
2025,10,4316,TE,BUF,8.6,9.1,9.6
2025,10,4368,TE,NO,15.2,17.2,19.2
2025,10,4369,WR,TB,16.2,18.2,20.2
2025,10,4379,WR,PIT,3.5,5.0,6.5
2025,10,4388,TE,WAS,0.6,1.1,1.6
2025,10,4450,QB,IND,17.5,17.5,17.5
2025,10,4485,TE,PHI,4.3,6.3,8.3
2025,10,4490,RB,TB,5.1,5.6,6.1
2025,10,4493,WR,HOU,13.6,17.1,20.6
2025,10,4496,WR,PIT,9.5,10.5,11.5
2025,10,4502,WR,SF,1.8,2.3,2.8
2025,10,4529,WR,MIN,1.6,2.6,3.6
2025,10,4551,WR,LV,0.0,0.0,0.0
2025,10,4571,WR,DEN,4.3,4.8,5.3
2025,10,4573,WR,CAR,6.0,8.5,11.0
2025,10,4581,WR,CAR,2.1,3.6,5.1
2025,10,4589,RB,PIT,9.1,10.1,11.1
2025,10,4595,WR,ATL,0.0,0.0,0.0
2025,10,4602,RB,BUF,2.6,3.6,4.6
2025,10,4614,RB,GB,16.7,19.2,21.7
2025,10,4617,RB,SEA,14.3,14.3,14.3
2025,11,17,WR,DEN,8.4,10.4,12.4
2025,11,28,QB,PIT,9.44,9.44,9.44
2025,11,30,RB,SF,2.6,3.6,4.6
2025,11,35,WR,GB,3.3,3.8,4.3
2025,11,51,TE,LV,7.2,10.7,14.2
2025,11,65,RB,PIT,1.5,1.5,1.5
2025,11,66,WR,LA,6.1,6.6,7.1
2025,11,69,QB,NYG,13.04,13.04,13.04
2025,11,71,WR,NE,10.5,15.0,19.5
2025,11,93,WR,LV,3.3,4.8,6.3
2025,11,137,WR,SF,1.3,1.8,2.3
2025,11,142,WR,DET,0.0,0.0,0.0
2025,11,155,TE,JAX,2.5,3.5,4.5
2025,11,156,TE,SEA,0.0,0.0,0.0
2025,11,164,RB,MIN,8.1,9.6,11.1
2025,11,166,WR,BUF,1.9,2.9,3.9
2025,11,168,TE,LA,2.3,2.8,3.3
2025,11,174,TE,KC,0.1,0.6,1.1
2025,11,193,TE,ARI,0.0,0.0,0.0
2025,11,202,TE,PIT,0.0,0.0,0.0
2025,11,217,RB,ATL,26.3,28.3,30.3
2025,11,218,WR,KC,0.0,0.0,0.0
2025,11,243,WR,JAX,2.0,3.0,4.0
2025,11,244,RB,WAS,2.9,3.9,4.9
2025,11,258,RB,HOU,0.9,1.4,1.9
2025,11,260,TE,HOU,5.1,8.1,11.1
2025,11,270,WR,DEN,5.9,7.9,9.9
2025,11,293,WR,JAX,8.0,9.5,11.0
2025,11,303,WR,DAL,12.6,15.1,17.6
2025,11,306,QB,DET,12.1,12.1,12.1
2025,11,311,QB,ARI,21.88,21.88,21.88
2025,11,312,QB,PIT,8.98,8.98,8.98
2025,11,313,RB,PHI,9.0,9.5,10.0
2025,11,315,RB,HOU,1.7,1.7,1.7
2025,11,319,RB,JAX,13.4,13.4,13.4
2025,11,323,WR,HOU,0.6,1.1,1.6
2025,11,324,TE,BAL,12.7,14.2,15.7
2025,11,325,WR,CHI,2.1,2.6,3.1
2025,11,327,QB,TB,18.82,18.82,18.82
2025,11,338,RB,CIN,0.2,0.2,0.2
2025,11,365,TE,MIN,-0.3,0.2,0.7
2025,11,373,WR,CLE,2.1,3.6,5.1
2025,11,413,WR,ATL,1.1,1.6,2.1
2025,11,428,RB,LV,1.3,2.3,3.3
2025,11,440,TE,CIN,3.6,6.1,8.6
2025,11,443,RB,CHI,-0.2,-0.2,-0.2
2025,11,445,WR,ARI,12.6,15.6,18.6
2025,11,453,WR,KC,4.0,6.0,8.0
2025,11,468,WR,PHI,4.9,8.4,11.9
2025,11,471,WR,ATL,11.9,15.4,18.9
2025,11,480,WR,WAS,13.7,17.2,20.7
2025,11,482,RB,DET,3.7,4.2,4.7
2025,11,487,TE,BUF,2.3,2.8,3.3
2025,11,490,WR,SEA,0.0,0.0,0.0
2025,11,499,WR,BAL,1.1,1.6,2.1
2025,11,506,QB,BAL,4.72,4.72,4.72
2025,11,518,WR,ARI,0.5,1.0,1.5
2025,11,525,WR,NE,6.4,8.4,10.4
2025,11,536,RB,CAR,10.0,12.5,15.0
2025,11,540,WR,TEN,1.4,1.9,2.4
2025,11,557,TE,LA,7.4,8.4,9.4
2025,11,560,RB,BAL,18.2,19.2,20.2
2025,11,567,TE,CHI,4.5,7.0,9.5
2025,11,600,WR,ATL,3.4,4.9,6.4
2025,11,612,TE,ARI,0.0,0.0,0.0
2025,11,613,TE,CLE,0.7,1.2,1.7
2025,11,625,QB,PHI,14.5,14.5,14.5
2025,11,666,RB,MIN,0.0,0.0,0.0
2025,11,669,TE,JAX,1.1,1.6,2.1
2025,11,681,WR,PIT,0.0,0.0,0.0
2025,11,697,QB,TEN,15.06,15.06,15.06
2025,11,741,WR,JAX,1.3,1.8,2.3
2025,11,764,WR,PHI,0.8,1.3,1.8
2025,11,769,TE,SF,0.0,0.0,0.0
2025,11,777,RB,ARI,2.8,5.3,7.8
2025,11,785,RB,PIT,22.5,26.0,29.5
2025,11,786,TE,PIT,1.9,2.4,2.9
2025,11,807,RB,DAL,9.3,9.8,10.3
2025,11,810,RB,JAX,19.3,19.3,19.3
2025,11,822,WR,BUF,1.7,2.7,3.7
2025,11,824,QB,NYJ,21.34,21.34,21.34
2025,11,868,RB,ARI,10.5,12.5,14.5
2025,11,869,QB,BUF,42.68,42.68,42.68
2025,11,885,WR,DAL,20.4,24.9,29.4
2025,11,890,TE,MIA,1.8,2.8,3.8
2025,11,902,WR,MIN,1.6,2.1,2.6
2025,11,914,RB,PIT,0.3,0.3,0.3
2025,11,916,WR,WAS,0.0,0.0,0.0
2025,11,917,RB,ATL,7.6,8.6,9.6
2025,11,959,RB,DEN,1.4,1.9,2.4
2025,11,992,WR,SEA,2.9,3.9,4.9
2025,11,999,WR,NYJ,10.5,12.0,13.5
2025,11,1004,RB,TEN,0.0,0.0,0.0
2025,11,1032,RB,SF,2.4,2.4,2.4
2025,11,1061,WR,PIT,0.5,1.0,1.5
2025,11,1063,RB,LA,15.6,16.1,16.6
2025,11,1068,TE,NYJ,2.3,4.3,6.3
2025,11,1079,TE,NYG,0.0,0.0,0.0
2025,11,1094,TE,BAL,0.0,0.0,0.0
2025,11,1095,RB,SEA,17.1,18.6,20.1
2025,11,1097,RB,CLE,0.2,0.2,0.2
2025,11,1106,QB,GB,5.84,5.84,5.84
2025,11,1107,RB,NYJ,6.4,7.4,8.4
2025,11,1110,RB,BUF,17.4,18.9,20.4
2025,11,1111,WR,LA,0.8,1.3,1.8
2025,11,1121,WR,KC,2.5,4.0,5.5
2025,11,1151,WR,PHI,0.0,0.0,0.0
2025,11,1152,WR,KC,0.0,0.0,0.0
2025,11,1157,QB,CIN,9.86,9.86,9.86
2025,11,1163,RB,TB,0.0,0.0,0.0
2025,11,1164,RB,BAL,5.4,6.4,7.4
2025,11,1186,TE,GB,6.2,6.7,7.2
2025,11,1198,RB,PHI,3.4,3.4,3.4
2025,11,1205,WR,ARI,18.5,26.0,33.5
2025,11,1214,WR,NE,3.1,4.6,6.1
2025,11,1218,RB,WAS,8.5,9.0,9.5
2025,11,1234,WR,HOU,4.2,5.7,7.2
2025,11,1242,RB,ARI,2.0,3.0,4.0
2025,11,1245,TE,MIA,1.4,1.9,2.4
2025,11,1267,WR,BUF,15.0,17.0,19.0
2025,11,1270,RB,DAL,4.1,5.6,7.1
2025,11,1273,RB,DEN,7.4,7.9,8.4
2025,11,1283,WR,CAR,1.7,2.7,3.7
2025,11,1285,QB,DAL,26.32,26.32,26.32
2025,11,1328,RB,DET,0.0,0.0,0.0
2025,11,1335,WR,DEN,0.2,0.2,0.2
2025,11,1344,WR,MIN,8.0,9.0,10.0
2025,11,1352,TE,ARI,1.1,2.1,3.1
2025,11,1370,WR,LA,9.3,12.8,16.3
2025,11,1377,TE,GB,-0.1,0.4,0.9
2025,11,1381,WR,BAL,8.3,9.8,11.3
2025,11,1382,TE,LV,1.3,2.8,4.3
2025,11,1417,TE,ATL,0.0,0.0,0.0
2025,11,1459,WR,CAR,14.3,16.3,18.3
2025,11,1483,RB,NYG,13.9,15.9,17.9
2025,11,1502,WR,DAL,6.2,6.7,7.2
2025,11,1541,WR,TEN,1.1,2.1,3.1
2025,11,1567,WR,ARI,1.5,2.5,3.5
2025,11,1613,WR,CIN,2.0,3.5,5.0
2025,11,1621,TE,TEN,0.0,0.0,0.0
2025,11,1663,RB,LA,0.5,1.0,1.5
2025,11,1666,QB,DEN,12.6,12.6,12.6
2025,11,1672,WR,LA,0.9,1.4,1.9
2025,11,1699,TE,SEA,7.1,12.1,17.1
2025,11,1708,WR,SF,5.4,7.4,9.4
2025,11,1728,RB,MIA,0.4,0.4,0.4
2025,11,1730,QB,NE,15.44,15.44,15.44
2025,11,1742,WR,NYJ,1.0,1.5,2.0
2025,11,1743,QB,MIN,6.0,6.0,6.0
2025,11,1760,QB,CHI,10.32,10.32,10.32
2025,11,1765,QB,ATL,7.9,7.9,7.9
2025,11,1768,RB,BUF,0.0,0.0,0.0
2025,11,1813,TE,KC,0.9,1.9,2.9
2025,11,1828,RB,LAC,0.8,0.8,0.8
2025,11,1833,WR,MIA,4.2,5.7,7.2
2025,11,1843,RB,KC,0.8,1.8,2.8
2025,11,1846,WR,NE,0.0,0.0,0.0
2025,11,1856,WR,HOU,5.5,7.5,9.5
2025,11,1865,WR,WAS,1.3,1.8,2.3
2025,11,1866,TE,CAR,2.8,3.8,4.8
2025,11,1873,WR,LAC,0.0,0.0,0.0
2025,11,1885,TE,LAC,4.1,5.1,6.1
2025,11,1889,WR,MIN,0.0,0.0,0.0
2025,11,1891,RB,MIA,10.5,10.5,10.5
2025,11,1909,RB,JAX,3.6,3.6,3.6
2025,11,1915,QB,LAC,1.58,1.58,1.58
2025,11,1921,RB,WAS,3.3,3.8,4.3
2025,11,1922,QB,HOU,16.36,16.36,16.36
2025,11,1934,RB,TB,6.2,7.2,8.2
2025,11,1970,TE,ATL,1.4,2.4,3.4
2025,11,1991,WR,NYG,0.0,0.0,0.0
2025,11,1997,TE,SF,0.0,0.0,0.0
2025,11,2023,WR,MIN,0.0,0.0,0.0
2025,11,2028,WR,BUF,-0.3,0.2,0.7
2025,11,2035,TE,LV,0.0,0.0,0.0
2025,11,2048,TE,BUF,0.4,0.9,1.4
2025,11,2057,WR,NE,0.0,0.0,0.0
2025,11,2060,QB,SEA,4.26,4.26,4.26
2025,11,2110,WR,CIN,0.0,0.0,0.0
2025,11,2113,TE,CLE,2.6,3.6,4.6
2025,11,2126,WR,GB,2.4,2.9,3.4
2025,11,2130,WR,DET,0.0,0.0,0.0
2025,11,2140,WR,CHI,2.7,4.2,5.7
2025,11,2188,WR,CLE,0.8,0.8,0.8
2025,11,2221,WR,CLE,0.9,1.9,2.9
2025,11,2227,RB,DET,14.6,17.1,19.6
2025,11,2282,WR,TEN,1.3,1.8,2.3
2025,11,2497,WR,TB,0.0,0.0,0.0
2025,11,2515,RB,GB,0.8,0.8,0.8
2025,11,2534,QB,LA,13.2,13.2,13.2
2025,11,2575,TE,MIN,3.9,5.4,6.9
2025,11,2580,RB,NE,27.3,29.8,32.3
2025,11,2587,RB,SEA,0.6,0.6,0.6
2025,11,2606,RB,CHI,9.0,9.0,9.0
2025,11,2608,QB,LV,12.92,12.92,12.92
2025,11,2613,QB,MIA,6.84,6.84,6.84
2025,11,2614,RB,NYG,16.7,17.2,17.7
2025,11,2634,WR,LAC,1.3,2.8,4.3
2025,11,2677,WR,CHI,4.1,5.1,6.1
2025,11,2724,RB,SEA,0.0,0.0,0.0
2025,11,2730,WR,CIN,3.0,4.5,6.0
2025,11,2756,WR,DET,15.7,17.7,19.7
2025,11,2757,WR,CLE,5.2,6.7,8.2
2025,11,2772,WR,GB,0.9,1.4,1.9
2025,11,2795,TE,SF,18.7,21.7,24.7
2025,11,2803,RB,BAL,0.0,0.0,0.0
2025,11,2805,TE,PHI,0.0,0.0,0.0
2025,11,2807,WR,LAC,5.3,7.3,9.3
2025,11,2821,RB,MIN,10.5,10.5,10.5
2025,11,2843,TE,CAR,5.4,5.9,6.4
2025,11,2849,TE,NYG,3.6,5.1,6.6
2025,11,2870,RB,CIN,0.5,0.5,0.5
2025,11,2883,RB,DEN,0.0,0.5,1.0
2025,11,2901,RB,HOU,5.1,5.6,6.1
2025,11,2929,WR,SEA,2.3,3.8,5.3
2025,11,2945,RB,DEN,5.0,6.5,8.0
2025,11,2972,RB,NE,0.6,0.6,0.6
2025,11,2973,RB,KC,0.0,0.0,0.0
2025,11,2976,WR,CHI,0.0,0.0,0.0
2025,11,3015,RB,BUF,0.0,0.0,0.0
2025,11,3024,RB,CAR,0.2,0.2,0.2
2025,11,3037,WR,NYG,0.0,0.0,0.0
2025,11,3056,RB,LV,0.0,0.0,0.0
2025,11,3070,RB,TEN,2.6,4.1,5.6
2025,11,3116,WR,LV,10.7,12.7,14.7
2025,11,3127,TE,TB,2.8,3.8,4.8
2025,11,3133,TE,ARI,17.5,22.5,27.5
2025,11,3139,TE,NE,4.5,6.5,8.5
2025,11,3147,WR,WAS,2.8,3.8,4.8
2025,11,3149,WR,CLE,0.0,0.0,0.0
2025,11,3161,TE,DET,0.8,1.8,2.8
2025,11,3166,TE,DAL,0.4,0.9,1.4
2025,11,3167,RB,CLE,5.9,5.9,5.9
2025,11,3189,RB,SF,30.1,32.6,35.1
2025,11,3196,RB,LAC,1.2,2.2,3.2
2025,11,3225,QB,JAX,15.02,15.02,15.02
2025,11,3247,WR,SEA,11.6,16.1,20.6
2025,11,3251,RB,NYJ,1.1,1.1,1.1
2025,11,3253,WR,MIA,5.2,6.7,8.2
2025,11,3258,WR,TEN,1.4,2.4,3.4
2025,11,3259,TE,DEN,3.3,5.3,7.3
2025,11,3272,RB,LAC,-0.1,0.4,0.9
2025,11,3289,WR,DET,4.2,5.2,6.2
2025,11,3363,WR,NYG,5.7,8.2,10.7
2025,11,3364,RB,LV,3.4,6.4,9.4
2025,11,3388,RB,NYJ,0.0,0.0,0.0
2025,11,3399,WR,HOU,1.2,1.7,2.2
2025,11,3420,WR,BUF,4.0,5.5,7.0
2025,11,3435,WR,PIT,0.0,0.0,0.0
2025,11,3442,QB,GB,15.66,15.66,15.66
2025,11,3459,RB,TEN,3.4,5.9,8.4
2025,11,3473,WR,ATL,0.0,0.0,0.0
2025,11,3480,RB,BAL,1.5,2.0,2.5
2025,11,3482,RB,CHI,9.7,10.2,10.7
2025,11,3507,TE,GB,0.5,1.0,1.5
2025,11,3514,QB,TB,-0.1,-0.1,-0.1
2025,11,3541,QB,ATL,2.12,2.12,2.12
2025,11,3550,TE,DAL,7.6,9.6,11.6
2025,11,3561,WR,PHI,0.0,0.0,0.0
2025,11,3572,TE,WAS,4.2,6.2,8.2
2025,11,3580,RB,CLE,1.9,1.9,1.9
2025,11,3588,WR,WAS,2.5,3.0,3.5
2025,11,3593,TE,BAL,1.5,2.5,3.5
2025,11,3594,QB,KC,13.34,13.34,13.34
2025,11,3602,QB,CLE,1.48,1.48,1.48
2025,11,3605,TE,TEN,2.9,4.9,6.9
2025,11,3615,WR,NYJ,0.6,1.1,1.6
2025,11,3630,WR,JAX,0.0,0.0,0.0
2025,11,3648,WR,DAL,0.0,0.0,0.0
2025,11,3651,QB,LAC,3.34,3.34,3.34
2025,11,3662,TE,NYJ,3.0,5.0,7.0
2025,11,3716,WR,KC,3.8,6.8,9.8
2025,11,3721,WR,BAL,0.0,0.0,0.0
2025,11,3728,TE,LV,2.0,2.5,3.0
2025,11,3790,WR,GB,5.3,7.3,9.3
2025,11,3843,WR,GB,16.6,18.6,20.6
2025,11,3844,QB,CLE,2.92,2.92,2.92
2025,11,3855,WR,LAC,1.2,1.7,2.2
2025,11,3862,RB,CIN,12.7,15.7,18.7
2025,11,3863,WR,GB,1.7,1.7,1.7
2025,11,3864,TE,SEA,0.0,0.0,0.0
2025,11,3870,WR,BAL,0.0,0.0,0.0
2025,11,3871,TE,CHI,4.0,5.5,7.0
2025,11,3874,WR,JAX,6.4,8.9,11.4
2025,11,3889,TE,WAS,0.4,0.9,1.4
2025,11,3892,WR,MIN,6.1,8.6,11.1
2025,11,3925,TE,CAR,2.2,4.2,6.2
2025,11,3934,WR,SF,0.0,0.5,1.0
2025,11,3939,TE,CHI,0.8,1.3,1.8
2025,11,3942,WR,TB,4.0,6.5,9.0
2025,11,3945,WR,LAC,0.0,0.0,0.0
2025,11,3965,QB,CAR,29.82,29.82,29.82
2025,11,4004,TE,PHI,0.4,0.9,1.4
2025,11,4017,WR,TB,0.0,0.0,0.0
2025,11,4021,WR,NYG,3.6,5.6,7.6
2025,11,4024,WR,TEN,8.2,9.7,11.2
2025,11,4046,WR,NYG,1.8,2.8,3.8
2025,11,4048,RB,CAR,2.8,3.3,3.8
2025,11,4060,WR,TB,6.1,8.1,10.1
2025,11,4079,RB,DAL,2.0,2.0,2.0
2025,11,4094,TE,PIT,6.7,8.7,10.7
2025,11,4099,RB,CHI,0.0,0.0,0.0
2025,11,4152,RB,GB,10.9,11.4,11.9
2025,11,4188,QB,WAS,15.42,15.42,15.42
2025,11,4192,TE,KC,15.1,19.6,24.1
2025,11,4216,TE,DEN,0.8,1.3,1.8
2025,11,4237,RB,MIA,16.5,19.0,21.5
2025,11,4244,TE,NE,0.0,0.0,0.0
2025,11,4247,TE,TEN,5.6,7.1,8.6
2025,11,4271,QB,SF,-0.3,-0.3,-0.3
2025,11,4305,WR,PHI,4.3,5.3,6.3
2025,11,4354,TE,CIN,2.2,3.7,5.2
2025,11,4369,WR,TB,0.6,1.1,1.6
2025,11,4379,WR,PIT,4.9,7.4,9.9
2025,11,4413,RB,WAS,0.0,0.0,0.0
2025,11,4424,WR,KC,6.1,6.6,7.1
2025,11,4474,WR,CIN,12.3,13.8,15.3
2025,11,4484,WR,BUF,0.0,0.0,0.0
2025,11,4485,TE,PHI,2.4,3.4,4.4
2025,11,4490,RB,TB,32.0,33.0,34.0
2025,11,4493,WR,HOU,15.2,19.7,24.2
2025,11,4496,WR,PIT,1.7,2.2,2.7
2025,11,4502,WR,SF,0.0,0.0,0.0
2025,11,4529,WR,MIN,0.6,1.1,1.6
2025,11,4542,WR,DAL,0.0,0.5,1.0
2025,11,4551,WR,LV,1.9,2.4,2.9
2025,11,4561,QB,SF,19.3,19.3,19.3
2025,11,4571,WR,DEN,8.2,10.7,13.2
2025,11,4573,WR,CAR,25.0,29.0,33.0
2025,11,4581,WR,CAR,5.2,7.2,9.2
2025,11,4589,RB,PIT,6.7,7.7,8.7
2025,11,4595,WR,ATL,0.0,0.0,0.0
2025,11,4602,RB,BUF,13.0,14.0,15.0
2025,11,4605,RB,KC,12.2,12.7,13.2
2025,11,4614,RB,GB,4.0,4.0,4.0
2025,11,4617,RB,SEA,4.7,5.7,6.7
2025,12,30,RB,SF,0.0,0.0,0.0
2025,12,35,WR,GB,0.0,0.0,0.0
2025,12,51,TE,LV,5.5,8.5,11.5
2025,12,66,WR,LA,18.2,20.7,23.2
2025,12,69,QB,NYG,31.24,31.74,32.24
2025,12,71,WR,NE,2.0,3.0,4.0
2025,12,93,WR,LV,6.2,8.2,10.2
2025,12,137,WR,SF,0.8,1.3,1.8
2025,12,142,WR,DET,3.7,4.7,5.7
2025,12,155,TE,JAX,1.2,1.7,2.2
2025,12,164,RB,MIN,5.7,7.2,8.7
2025,12,193,TE,ARI,0.0,0.0,0.0
2025,12,202,TE,PIT,2.8,4.3,5.8
2025,12,203,RB,NO,1.5,2.5,3.5
2025,12,213,WR,TB,0.9,1.9,2.9
2025,12,217,RB,ATL,10.7,11.7,12.7
2025,12,218,WR,KC,0.8,1.3,1.8
2025,12,237,TE,DET,0.0,0.0,0.0
2025,12,243,WR,JAX,13.1,15.6,18.1
2025,12,258,RB,HOU,0.0,0.0,0.0
2025,12,260,TE,HOU,0.8,1.3,1.8
2025,12,293,WR,JAX,0.0,0.0,0.0
2025,12,303,WR,DAL,7.5,9.5,11.5
2025,12,306,QB,DET,17.16,17.16,17.16
2025,12,311,QB,ARI,18.68,18.68,18.68
2025,12,312,QB,PIT,9.54,9.54,9.54
2025,12,313,RB,PHI,7.4,10.9,14.4
2025,12,315,RB,HOU,1.5,2.0,2.5
2025,12,319,RB,JAX,1.7,1.7,1.7
2025,12,323,WR,HOU,11.4,13.9,16.4
2025,12,324,TE,BAL,1.1,1.6,2.1
2025,12,325,WR,CHI,18.4,20.9,23.4
2025,12,327,QB,TB,3.54,3.54,3.54
2025,12,334,WR,IND,4.8,5.3,5.8
2025,12,365,TE,MIN,0.4,0.9,1.4
2025,12,373,WR,CLE,3.9,4.4,4.9
2025,12,374,WR,CHI,0.6,1.1,1.6
2025,12,413,WR,ATL,7.6,8.6,9.6
2025,12,426,WR,LV,0.0,0.0,0.0
2025,12,428,RB,LV,2.0,3.5,5.0
2025,12,429,WR,NO,1.4,1.9,2.4
2025,12,440,TE,CIN,0.9,1.4,1.9
2025,12,445,WR,ARI,10.8,13.8,16.8
2025,12,453,WR,KC,1.0,1.5,2.0
2025,12,468,WR,PHI,17.0,21.0,25.0
2025,12,482,RB,DET,3.7,5.2,6.7
2025,12,487,TE,BUF,1.7,3.2,4.7
2025,12,490,WR,SEA,0.0,0.0,0.0
2025,12,499,WR,BAL,1.3,2.3,3.3
2025,12,506,QB,BAL,7.22,7.22,7.22
2025,12,525,WR,NE,3.0,4.0,5.0
2025,12,536,RB,CAR,7.4,9.4,11.4
2025,12,540,WR,TEN,0.0,0.0,0.0
2025,12,543,WR,TEN,4.2,5.7,7.2
2025,12,547,RB,IND,6.6,7.6,8.6
2025,12,557,TE,LA,10.1,12.1,14.1
2025,12,560,RB,BAL,20.8,21.8,22.8
2025,12,561,WR,IND,8.7,11.2,13.7
2025,12,567,TE,CHI,0.3,0.8,1.3
2025,12,600,WR,ATL,13.4,14.9,16.4
2025,12,612,TE,ARI,0.6,1.1,1.6
2025,12,625,QB,PHI,30.86,30.86,30.86
2025,12,669,TE,JAX,0.0,0.0,0.0
2025,12,681,WR,PIT,0.0,0.0,0.0
2025,12,697,QB,TEN,23.94,23.94,23.94
2025,12,741,WR,JAX,0.0,0.0,0.0
2025,12,751,RB,NE,1.0,1.5,2.0
2025,12,764,WR,PHI,8.9,11.9,14.9
2025,12,769,TE,SF,0.3,0.8,1.3
2025,12,777,RB,ARI,5.8,7.3,8.8
2025,12,785,RB,PIT,12.2,15.2,18.2
2025,12,786,TE,PIT,7.9,9.4,10.9
2025,12,807,RB,DAL,10.1,11.1,12.1
2025,12,810,RB,JAX,17.6,19.1,20.6
2025,12,813,WR,BUF,-0.3,0.2,0.7
2025,12,822,WR,BUF,2.1,3.1,4.1
2025,12,836,TE,CHI,0.0,0.0,0.0
2025,12,843,RB,IND,0.0,0.0,0.0
2025,12,868,RB,ARI,9.2,11.2,13.2
2025,12,869,QB,BUF,8.12,8.12,8.12
2025,12,885,WR,DAL,20.6,25.1,29.6
2025,12,900,TE,ATL,0.0,0.0,0.0
2025,12,902,WR,MIN,0.0,0.0,0.0
2025,12,914,RB,PIT,0.0,0.0,0.0
2025,12,917,RB,ATL,4.9,5.4,5.9
2025,12,920,TE,IND,6.8,7.8,8.8
2025,12,992,WR,SEA,0.5,0.5,0.5
2025,12,999,WR,NYJ,12.5,15.5,18.5
2025,12,1004,RB,TEN,0.3,0.3,0.3
2025,12,1014,TE,IND,0.9,1.4,1.9
2025,12,1032,RB,SF,4.4,4.9,5.4
2025,12,1061,WR,PIT,3.6,5.6,7.6
2025,12,1063,RB,LA,4.8,5.3,5.8
2025,12,1079,TE,NYG,0.0,0.0,0.0
2025,12,1094,TE,BAL,0.0,0.0,0.0
2025,12,1095,RB,SEA,10.1,11.6,13.1
2025,12,1097,RB,CLE,-0.3,-0.3,-0.3
2025,12,1106,QB,GB,0.58,0.58,0.58
2025,12,1107,RB,NYJ,11.9,13.9,15.9
2025,12,1110,RB,BUF,18.9,20.4,21.9
2025,12,1121,WR,KC,5.9,7.9,9.9
2025,12,1151,WR,PHI,0.3,0.8,1.3
2025,12,1152,WR,KC,0.0,0.0,0.0
2025,12,1157,QB,CIN,9.62,9.62,9.62
2025,12,1163,RB,TB,0.6,0.6,0.6
2025,12,1164,RB,BAL,1.9,2.4,2.9
2025,12,1179,TE,DAL,0.0,0.0,0.0
2025,12,1186,TE,GB,0.1,0.6,1.1
2025,12,1198,RB,PHI,0.8,0.8,0.8
2025,12,1205,WR,ARI,11.8,16.8,21.8
2025,12,1214,WR,NE,5.1,5.6,6.1
2025,12,1221,WR,NE,1.5,2.5,3.5
2025,12,1234,WR,HOU,0.9,0.9,0.9
2025,12,1264,WR,SEA,0.0,0.0,0.0
2025,12,1270,RB,DAL,0.7,1.2,1.7
2025,12,1283,WR,CAR,0.0,0.0,0.0
2025,12,1285,QB,DAL,27.06,27.06,27.06
2025,12,1328,RB,DET,0.0,0.0,0.0
2025,12,1342,WR,IND,1.0,2.0,3.0
2025,12,1344,WR,MIN,0.0,0.0,0.0
2025,12,1352,TE,ARI,0.0,0.0,0.0
2025,12,1369,TE,LA,2.9,4.4,5.9
2025,12,1370,WR,LA,9.7,13.2,16.7
2025,12,1377,TE,GB,0.7,1.2,1.7
2025,12,1381,WR,BAL,6.9,9.4,11.9
2025,12,1382,TE,LV,1.4,1.9,2.4
2025,12,1417,TE,ATL,0.2,0.2,0.2
2025,12,1439,RB,IND,0.0,0.0,0.0
2025,12,1459,WR,CAR,2.2,3.7,5.2
2025,12,1483,RB,NYG,13.0,14.5,16.0
2025,12,1502,WR,DAL,0.0,0.0,0.0
2025,12,1513,WR,NO,3.7,5.2,6.7
2025,12,1516,RB,BAL,0.0,0.0,0.0
2025,12,1567,WR,ARI,0.9,1.4,1.9
2025,12,1585,QB,ARI,-0.08,-0.08,-0.08
2025,12,1589,WR,NO,3.3,4.8,6.3
2025,12,1613,WR,CIN,6.6,8.6,10.6
2025,12,1663,RB,LA,2.4,2.4,2.4
2025,12,1672,WR,LA,1.7,3.2,4.7
2025,12,1699,TE,SEA,1.8,2.8,3.8
2025,12,1708,WR,SF,10.1,12.6,15.1
2025,12,1710,WR,IND,0.0,0.0,0.0
2025,12,1730,QB,NE,15.96,15.96,15.96
2025,12,1742,WR,NYJ,4.2,5.2,6.2
2025,12,1743,QB,MIN,0.48,0.48,0.48
2025,12,1760,QB,CHI,23.66,23.66,23.66
2025,12,1768,RB,BUF,0.0,0.0,0.0
2025,12,1813,TE,KC,2.5,4.0,5.5
2025,12,1843,RB,KC,3.6,5.1,6.6
2025,12,1846,WR,NE,1.8,2.3,2.8
2025,12,1856,WR,HOU,9.8,11.8,13.8
2025,12,1860,TE,IND,4.5,7.0,9.5
2025,12,1866,TE,CAR,0.0,0.0,0.0
2025,12,1889,WR,MIN,0.0,0.0,0.0
2025,12,1898,WR,CAR,1.1,1.6,2.1
2025,12,1900,RB,NO,6.1,8.6,11.1
2025,12,1908,RB,TEN,0.0,0.0,0.0
2025,12,1909,RB,JAX,0.2,0.2,0.2
2025,12,1922,QB,HOU,14.52,14.52,14.52
2025,12,1934,RB,TB,4.2,4.7,5.2
2025,12,1970,TE,ATL,2.5,3.5,4.5
2025,12,2023,WR,MIN,0.0,0.0,0.0
2025,12,2028,WR,BUF,11.0,15.0,19.0
2025,12,2060,QB,SEA,17.66,17.66,17.66
2025,12,2070,WR,LV,1.4,1.9,2.4
2025,12,2071,WR,TEN,2.6,3.6,4.6
2025,12,2075,WR,LA,2.5,3.5,4.5
2025,12,2110,WR,CIN,0.0,0.0,0.0
2025,12,2113,TE,CLE,4.4,6.4,8.4
2025,12,2130,WR,DET,0.0,0.0,0.0
2025,12,2140,WR,CHI,6.1,7.6,9.1
2025,12,2142,TE,LA,0.0,0.0,0.0
2025,12,2188,WR,CLE,5.8,6.8,7.8
2025,12,2221,WR,CLE,0.2,0.7,1.2
2025,12,2227,RB,DET,44.4,49.9,55.4
2025,12,2284,TE,NO,0.0,0.0,0.0
2025,12,2400,TE,NO,0.7,1.2,1.7
2025,12,2497,WR,TB,0.0,0.0,0.0
2025,12,2515,RB,GB,2.6,3.1,3.6
2025,12,2534,QB,LA,22.92,22.92,22.92
2025,12,2553,RB,KC,1.7,2.7,3.7
2025,12,2575,TE,MIN,1.9,3.9,5.9
2025,12,2580,RB,NE,8.1,9.6,11.1
2025,12,2606,RB,CHI,2.9,3.4,3.9
2025,12,2608,QB,LV,16.2,16.2,16.2
2025,12,2614,RB,NYG,4.7,4.7,4.7
2025,12,2648,QB,CIN,0.56,0.56,0.56
2025,12,2677,WR,CHI,5.3,6.8,8.3
2025,12,2724,RB,SEA,0.0,0.0,0.0
2025,12,2756,WR,DET,0.0,0.0,0.0
2025,12,2757,WR,CLE,0.5,1.0,1.5
2025,12,2772,WR,GB,3.2,4.2,5.2
2025,12,2791,TE,CIN,3.5,5.5,7.5
2025,12,2795,TE,SF,7.8,10.8,13.8
2025,12,2798,RB,CIN,0.0,0.0,0.0
2025,12,2805,TE,PHI,0.0,0.0,0.0
2025,12,2821,RB,MIN,4.2,4.2,4.2
2025,12,2849,TE,NYG,7.7,9.2,10.7
2025,12,2870,RB,CIN,0.5,0.5,0.5
2025,12,2901,RB,HOU,6.9,7.4,7.9
2025,12,2919,RB,HOU,0.0,0.0,0.0
2025,12,2929,WR,SEA,2.4,3.4,4.4
2025,12,2976,WR,CHI,0.0,0.0,0.0
2025,12,3004,TE,NO,1.7,1.7,1.7
2025,12,3015,RB,BUF,0.2,0.7,1.2
2025,12,3024,RB,CAR,0.0,0.0,0.0
2025,12,3037,WR,NYG,5.32,5.32,5.32
2025,12,3056,RB,LV,0.0,0.0,0.0
2025,12,3070,RB,TEN,4.1,6.1,8.1
2025,12,3077,RB,NYJ,1.0,1.5,2.0
2025,12,3116,WR,LV,2.8,4.3,5.8
2025,12,3120,WR,NYJ,0.8,0.8,0.8
2025,12,3124,WR,BAL,3.0,3.5,4.0
2025,12,3127,TE,TB,2.1,4.1,6.1
2025,12,3133,TE,ARI,7.9,12.4,16.9
2025,12,3139,TE,NE,17.5,21.0,24.5
2025,12,3149,WR,CLE,0.0,0.0,0.0
2025,12,3161,TE,DET,2.9,4.4,5.9
2025,12,3166,TE,DAL,6.4,6.9,7.4
2025,12,3167,RB,CLE,16.7,16.7,16.7
2025,12,3189,RB,SF,20.2,23.7,27.2
2025,12,3225,QB,JAX,19.14,19.14,19.14
2025,12,3247,WR,SEA,29.1,33.1,37.1
2025,12,3251,RB,NYJ,0.7,0.7,0.7
2025,12,3258,WR,TEN,10.4,12.9,15.4
2025,12,3289,WR,DET,20.9,25.4,29.9
2025,12,3292,WR,ATL,1.8,3.3,4.8
2025,12,3363,WR,NYG,10.2,11.2,12.2
2025,12,3364,RB,LV,16.8,20.8,24.8
2025,12,3388,RB,NYJ,0.0,0.0,0.0
2025,12,3399,WR,HOU,0.9,1.4,1.9
2025,12,3420,WR,BUF,2.2,2.7,3.2
2025,12,3428,TE,CIN,0.0,0.5,1.0
2025,12,3435,WR,PIT,2.1,2.6,3.1
2025,12,3442,QB,GB,7.06,7.06,7.06
2025,12,3459,RB,TEN,2.5,4.5,6.5
2025,12,3482,RB,CHI,10.8,10.8,10.8
2025,12,3507,TE,GB,1.1,1.6,2.1
2025,12,3514,QB,TB,3.08,3.08,3.08
2025,12,3541,QB,ATL,14.46,14.46,14.46
2025,12,3547,WR,NYJ,0.9,1.4,1.9
2025,12,3550,TE,DAL,6.1,8.6,11.1
2025,12,3561,WR,PHI,0.7,1.7,2.7
2025,12,3580,RB,CLE,14.2,15.2,16.2
2025,12,3593,TE,BAL,1.0,1.5,2.0
2025,12,3594,QB,KC,15.08,15.08,15.08
2025,12,3602,QB,CLE,10.26,10.26,10.26
2025,12,3604,TE,ATL,2.4,3.9,5.4
2025,12,3605,TE,TEN,5.1,8.1,11.1
2025,12,3615,WR,NYJ,0.0,0.0,0.0
2025,12,3620,TE,PHI,0.8,1.3,1.8
2025,12,3632,RB,NYG,0.0,0.0,0.0
2025,12,3662,TE,NYJ,2.1,3.6,5.1
2025,12,3716,WR,KC,14.1,18.1,22.1
2025,12,3721,WR,BAL,0.0,0.0,0.0
2025,12,3728,TE,LV,3.6,5.6,7.6
2025,12,3790,WR,GB,2.3,3.3,4.3
2025,12,3802,TE,JAX,9.3,11.8,14.3
2025,12,3803,QB,NO,9.92,9.92,9.92
2025,12,3806,QB,NYJ,12.78,12.78,12.78
2025,12,3843,WR,GB,4.9,7.4,9.9
2025,12,3862,RB,CIN,13.0,14.0,15.0
2025,12,3864,TE,SEA,0.5,1.0,1.5
2025,12,3870,WR,BAL,0.0,0.0,0.0
2025,12,3871,TE,CHI,10.9,12.9,14.9
2025,12,3874,WR,JAX,11.0,13.0,15.0
2025,12,3890,TE,NE,3.9,5.4,6.9
2025,12,3892,WR,MIN,4.8,6.8,8.8
2025,12,3925,TE,CAR,0.6,1.1,1.6
2025,12,3934,WR,SF,0.8,1.8,2.8
2025,12,3939,TE,CHI,0.4,0.9,1.4
2025,12,3942,WR,TB,3.2,4.7,6.2
2025,12,3965,QB,CAR,8.26,8.26,8.26
2025,12,3993,WR,NO,7.0,11.5,16.0
2025,12,4021,WR,NYG,21.6,26.1,30.6
2025,12,4024,WR,TEN,1.1,1.6,2.1
2025,12,4048,RB,CAR,4.3,6.3,8.3
2025,12,4060,WR,TB,1.2,2.7,4.2
2025,12,4061,RB,NE,0.0,0.0,0.0
2025,12,4079,RB,DAL,2.4,2.4,2.4
2025,12,4094,TE,PIT,2.2,3.2,4.2
2025,12,4103,RB,PHI,0.0,0.0,0.0
2025,12,4106,WR,IND,0.0,0.0,0.0
2025,12,4152,RB,GB,24.5,25.5,26.5
2025,12,4164,WR,IND,2.6,3.1,3.6
2025,12,4192,TE,KC,4.4,6.4,8.4
2025,12,4196,WR,NYG,2.3,2.8,3.3
2025,12,4247,TE,TEN,4.0,5.5,7.0
2025,12,4305,WR,PHI,0.0,0.0,0.0
2025,12,4316,TE,BUF,2.6,3.6,4.6
2025,12,4354,TE,CIN,0.9,1.4,1.9
2025,12,4363,WR,CIN,8.9,9.9,10.9
2025,12,4368,TE,NO,4.6,7.6,10.6
2025,12,4369,WR,TB,9.3,10.8,12.3
2025,12,4379,WR,PIT,9.4,11.9,14.4
2025,12,4422,TE,HOU,0.0,0.0,0.0
2025,12,4424,WR,KC,0.0,0.0,0.0
2025,12,4450,QB,IND,16.84,16.84,16.84
2025,12,4474,WR,CIN,3.1,5.6,8.1
2025,12,4485,TE,PHI,2.0,3.0,4.0
2025,12,4490,RB,TB,4.6,5.1,5.6
2025,12,4493,WR,HOU,5.5,7.0,8.5
2025,12,4496,WR,PIT,0.0,0.0,0.0
2025,12,4502,WR,SF,0.0,0.0,0.0
2025,12,4529,WR,MIN,0.0,0.0,0.0
2025,12,4542,WR,DAL,5.2,5.7,6.2
2025,12,4561,QB,SF,7.32,7.32,7.32
2025,12,4573,WR,CAR,9.5,10.5,11.5
2025,12,4581,WR,CAR,3.2,4.7,6.2
2025,12,4589,RB,PIT,12.8,12.8,12.8
2025,12,4595,WR,ATL,0.0,0.0,0.0
2025,12,4602,RB,BUF,5.2,6.7,8.2
2025,12,4605,RB,KC,19.0,20.5,22.0
2025,12,4617,RB,SEA,9.5,9.5,9.5
2025,13,17,WR,DEN,2.1,3.1,4.1
2025,13,28,QB,PIT,4.68,4.68,4.68
2025,13,30,RB,SF,2.7,3.7,4.7
2025,13,51,TE,LV,18.3,20.3,22.3
2025,13,53,WR,DET,3.6,5.6,7.6
2025,13,65,RB,PIT,0.3,0.3,0.3
2025,13,66,WR,LA,17.8,19.8,21.8
2025,13,71,WR,NE,2.6,4.1,5.6
2025,13,93,WR,LV,1.1,1.6,2.1
2025,13,137,WR,SF,0.6,0.6,0.6
2025,13,150,WR,ATL,2.8,3.8,4.8
2025,13,156,TE,SEA,0.0,0.0,0.0
2025,13,164,RB,MIN,2.5,4.5,6.5
2025,13,187,RB,CIN,5.4,6.4,7.4
2025,13,202,TE,PIT,0.6,1.1,1.6
2025,13,213,WR,TB,7.8,9.3,10.8
2025,13,217,RB,ATL,25.3,27.8,30.3
2025,13,218,WR,KC,0.0,0.0,0.0
2025,13,237,TE,DET,0.3,0.8,1.3
2025,13,243,WR,JAX,2.6,3.1,3.6
2025,13,244,RB,WAS,3.0,4.0,5.0
2025,13,258,RB,HOU,0.0,0.0,0.0
2025,13,260,TE,HOU,5.5,9.0,12.5
2025,13,270,WR,DEN,12.2,14.7,17.2
2025,13,272,WR,MIA,1.6,2.1,2.6
2025,13,293,WR,JAX,1.1,1.6,2.1
2025,13,303,WR,DAL,17.2,20.7,24.2
2025,13,306,QB,DET,20.64,20.64,20.64
2025,13,311,QB,ARI,19.64,19.64,19.64
2025,13,312,QB,PIT,-2.0,-2.0,-2.0
2025,13,313,RB,PHI,5.6,5.6,5.6
2025,13,315,RB,HOU,9.4,9.4,9.4
2025,13,319,RB,JAX,7.9,8.4,8.9
2025,13,324,TE,BAL,4.7,6.7,8.7
2025,13,325,WR,CHI,2.7,3.7,4.7
2025,13,327,QB,TB,14.46,14.46,14.46
2025,13,337,RB,TB,14.1,15.1,16.1
2025,13,373,WR,CLE,2.6,4.1,5.6
2025,13,374,WR,CHI,1.9,2.9,3.9
2025,13,413,WR,ATL,7.5,8.5,9.5
2025,13,426,WR,LV,0.0,0.0,0.0
2025,13,428,RB,LV,0.6,0.6,0.6
2025,13,429,WR,NO,0.0,0.0,0.0
2025,13,440,TE,CIN,0.3,0.8,1.3
2025,13,443,RB,CHI,0.0,0.0,0.0
2025,13,445,WR,ARI,1.4,2.4,3.4
2025,13,453,WR,KC,8.0,9.0,10.0
2025,13,468,WR,PHI,25.2,30.2,35.2
2025,13,473,WR,WAS,15.6,19.1,22.6
2025,13,480,WR,WAS,6.1,8.6,11.1
2025,13,482,RB,DET,10.8,11.8,12.8
2025,13,487,TE,BUF,2.8,4.3,5.8
2025,13,490,WR,SEA,2.1,2.6,3.1
2025,13,499,WR,BAL,2.5,3.5,4.5
2025,13,506,QB,BAL,10.54,10.54,10.54
2025,13,518,WR,ARI,0.0,0.0,0.0
2025,13,525,WR,NE,2.3,3.8,5.3
2025,13,536,RB,CAR,7.9,8.9,9.9
2025,13,543,WR,TEN,1.3,1.8,2.3
2025,13,547,RB,IND,12.1,13.6,15.1
2025,13,557,TE,LA,2.7,4.7,6.7
2025,13,560,RB,BAL,16.4,16.9,17.4
2025,13,561,WR,IND,1.3,1.8,2.3
2025,13,567,TE,CHI,9.6,11.1,12.6
2025,13,600,WR,ATL,2.5,3.5,4.5
2025,13,613,TE,CLE,0.4,1.4,2.4
2025,13,625,QB,PHI,18.3,18.3,18.3
2025,13,669,TE,JAX,1.4,1.9,2.4
2025,13,681,WR,PIT,0.0,0.0,0.0
2025,13,697,QB,TEN,6.34,6.34,6.34
2025,13,727,RB,LAC,11.4,11.4,11.4
2025,13,741,WR,JAX,0.0,0.0,0.0
2025,13,751,RB,NE,8.0,9.5,11.0
2025,13,764,WR,PHI,4.8,7.3,9.8
2025,13,769,TE,SF,0.0,0.0,0.0
2025,13,777,RB,ARI,6.4,8.9,11.4
2025,13,785,RB,PIT,4.5,5.5,6.5
2025,13,807,RB,DAL,14.0,15.5,17.0
2025,13,810,RB,JAX,4.1,4.6,5.1
2025,13,843,RB,IND,0.0,0.0,0.0
2025,13,855,WR,PHI,0.0,0.0,0.0
2025,13,868,RB,ARI,15.8,17.3,18.8
2025,13,869,QB,BUF,16.72,16.72,16.72
2025,13,875,TE,DET,0.4,0.9,1.4
2025,13,880,RB,KC,3.3,4.3,5.3
2025,13,885,WR,DAL,8.8,11.8,14.8
2025,13,890,TE,MIA,2.4,3.4,4.4
2025,13,902,WR,MIN,0.0,0.0,0.0
2025,13,917,RB,ATL,11.5,12.5,13.5
2025,13,920,TE,IND,0.8,1.3,1.8
2025,13,959,RB,DEN,1.4,1.9,2.4
2025,13,992,WR,SEA,1.6,2.1,2.6
2025,13,995,RB,LA,0.0,0.0,0.0
2025,13,999,WR,NYJ,1.7,3.7,5.7
2025,13,1004,RB,TEN,0.0,0.0,0.0
2025,13,1029,WR,WAS,6.5,7.0,7.5
2025,13,1032,RB,SF,2.6,2.6,2.6
2025,13,1061,WR,PIT,0.0,0.0,0.0
2025,13,1063,RB,LA,13.2,13.2,13.2
2025,13,1068,TE,NYJ,1.2,2.2,3.2
2025,13,1094,TE,BAL,1.7,2.2,2.7
2025,13,1095,RB,SEA,7.4,8.9,10.4
2025,13,1097,RB,CLE,1.7,3.2,4.7
2025,13,1107,RB,NYJ,13.6,14.6,15.6
2025,13,1110,RB,BUF,17.7,19.2,20.7
2025,13,1111,WR,LA,8.2,9.7,11.2
2025,13,1121,WR,KC,7.4,9.4,11.4
2025,13,1125,RB,NO,1.5,1.5,1.5
2025,13,1144,WR,GB,0.0,0.0,0.0
2025,13,1152,WR,KC,0.0,0.0,0.0
2025,13,1164,RB,BAL,9.1,10.1,11.1
2025,13,1179,TE,DAL,0.1,0.6,1.1
2025,13,1186,TE,GB,0.0,0.0,0.0
2025,13,1205,WR,ARI,3.6,5.1,6.6
2025,13,1214,WR,NE,3.3,4.8,6.3
2025,13,1218,RB,WAS,10.1,10.1,10.1
2025,13,1221,WR,NE,9.5,11.5,13.5
2025,13,1234,WR,HOU,3.9,4.9,5.9
2025,13,1245,TE,MIA,0.0,0.0,0.0
2025,13,1273,RB,DEN,3.0,3.5,4.0
2025,13,1283,WR,CAR,0.0,0.0,0.0
2025,13,1285,QB,DAL,18.6,18.6,18.6
2025,13,1311,QB,CIN,19.24,19.24,19.24
2025,13,1335,WR,DEN,1.7,2.7,3.7
2025,13,1342,WR,IND,4.4,5.4,6.4
2025,13,1344,WR,MIN,3.6,6.1,8.6
2025,13,1352,TE,ARI,1.7,2.7,3.7
2025,13,1369,TE,LA,0.4,0.9,1.4
2025,13,1370,WR,LA,7.2,10.2,13.2
2025,13,1377,TE,GB,2.3,2.8,3.3
2025,13,1381,WR,BAL,0.6,1.6,2.6
2025,13,1439,RB,IND,0.0,0.0,0.0
2025,13,1459,WR,CAR,0.1,0.6,1.1
2025,13,1469,RB,DET,0.0,0.0,0.0
2025,13,1472,RB,SF,0.0,0.0,0.0
2025,13,1483,RB,NYG,3.3,3.8,4.3
2025,13,1502,WR,DAL,3.4,4.9,6.4
2025,13,1513,WR,NO,15.3,19.3,23.3
2025,13,1541,WR,TEN,0.5,1.0,1.5
2025,13,1567,WR,ARI,0.0,0.0,0.0
2025,13,1589,WR,NO,1.9,3.4,4.9
2025,13,1613,WR,CIN,8.9,9.4,9.9
2025,13,1621,TE,TEN,0.0,0.0,0.0
2025,13,1663,RB,LA,14.1,14.1,14.1
2025,13,1666,QB,DEN,16.44,16.44,16.44
2025,13,1672,WR,LA,0.0,0.0,0.0
2025,13,1699,TE,SEA,3.7,5.7,7.7
2025,13,1708,WR,SF,9.9,11.9,13.9
2025,13,1710,WR,IND,0.0,0.0,0.0
2025,13,1726,WR,ARI,6.9,9.9,12.9
2025,13,1728,RB,MIA,1.6,1.6,1.6
2025,13,1730,QB,NE,20.48,20.48,20.48
2025,13,1736,TE,KC,0.4,0.9,1.4
2025,13,1742,WR,NYJ,16.2,20.2,24.2
2025,13,1749,WR,JAX,2.8,3.8,4.8
2025,13,1760,QB,CHI,9.46,9.46,9.46
2025,13,1768,RB,BUF,6.2,6.2,6.2
2025,13,1833,WR,MIA,3.0,5.0,7.0
2025,13,1843,RB,KC,0.0,0.0,0.0
2025,13,1846,WR,NE,9.3,9.8,10.3
2025,13,1856,WR,HOU,6.5,9.0,11.5
2025,13,1860,TE,IND,8.2,9.7,11.2
2025,13,1865,WR,WAS,0.0,0.0,0.0
2025,13,1866,TE,CAR,2.0,3.5,5.0
2025,13,1869,RB,MIN,2.1,2.6,3.1
2025,13,1873,WR,LAC,0.0,0.0,0.0
2025,13,1885,TE,LAC,2.7,3.2,3.7
2025,13,1889,WR,MIN,0.0,0.0,0.0
2025,13,1891,RB,MIA,1.0,1.0,1.0
2025,13,1900,RB,NO,6.9,8.4,9.9
2025,13,1909,RB,JAX,0.0,0.0,0.0
2025,13,1915,QB,LAC,0.76,0.76,0.76
2025,13,1921,RB,WAS,2.0,2.0,2.0
2025,13,1934,RB,TB,2.9,4.4,5.9
2025,13,1945,TE,CLE,0.0,0.0,0.0
2025,13,1970,TE,ATL,8.2,11.7,15.2
2025,13,2023,WR,MIN,0.0,0.0,0.0
2025,13,2028,WR,BUF,0.5,1.0,1.5
2025,13,2057,WR,NE,0.0,0.0,0.0
2025,13,2060,QB,SEA,5.12,5.12,5.12
2025,13,2070,WR,LV,1.1,1.6,2.1
2025,13,2071,WR,TEN,1.5,2.0,2.5
2025,13,2075,WR,LA,0.0,0.0,0.0
2025,13,2110,WR,CIN,0.0,0.0,0.0
2025,13,2113,TE,CLE,10.3,11.8,13.3
2025,13,2130,WR,DET,9.5,10.5,11.5
2025,13,2140,WR,CHI,3.6,5.6,7.6
2025,13,2142,TE,LA,0.0,0.0,0.0
2025,13,2188,WR,CLE,2.7,3.2,3.7
2025,13,2195,TE,TB,1.1,1.6,2.1
2025,13,2221,WR,CLE,0.9,0.9,0.9
2025,13,2227,RB,DET,8.6,10.1,11.6
2025,13,2284,TE,NO,1.3,2.3,3.3
2025,13,2497,WR,TB,0.0,0.0,0.0
2025,13,2515,RB,GB,0.9,1.9,2.9
2025,13,2534,QB,LA,13.62,13.62,13.62
2025,13,2575,TE,MIN,5.9,8.9,11.9
2025,13,2580,RB,NE,8.6,10.1,11.6
2025,13,2606,RB,CHI,19.8,20.3,20.8
2025,13,2608,QB,LV,12.0,12.0,12.0
2025,13,2613,QB,MIA,4.68,4.68,4.68
2025,13,2614,RB,NYG,16.2,17.7,19.2
2025,13,2634,WR,LAC,9.9,11.9,13.9
2025,13,2677,WR,CHI,0.8,1.8,2.8
2025,13,2700,WR,MIA,0.0,0.0,0.0
2025,13,2730,WR,CIN,11.0,14.5,18.0
2025,13,2756,WR,DET,19.9,23.4,26.9
2025,13,2757,WR,CLE,0.0,0.0,0.0
2025,13,2772,WR,GB,22.0,25.0,28.0
2025,13,2791,TE,CIN,1.9,2.9,3.9
2025,13,2795,TE,SF,6.7,8.7,10.7
2025,13,2798,RB,CIN,0.0,0.0,0.0
2025,13,2805,TE,PHI,0.0,0.0,0.0
2025,13,2807,WR,LAC,3.0,5.0,7.0
2025,13,2821,RB,MIN,4.8,5.3,5.8
2025,13,2843,TE,CAR,0.2,0.7,1.2
2025,13,2849,TE,NYG,2.9,4.4,5.9
2025,13,2883,RB,DEN,1.8,3.3,4.8
2025,13,2893,WR,DEN,0.0,0.0,0.0
2025,13,2901,RB,HOU,6.7,7.2,7.7
2025,13,2929,WR,SEA,2.4,3.9,5.4
2025,13,2945,RB,DEN,18.2,19.7,21.2
2025,13,2976,WR,CHI,0.0,0.0,0.0
2025,13,3004,TE,NO,0.7,1.2,1.7
2025,13,3015,RB,BUF,0.0,0.0,0.0
2025,13,3024,RB,CAR,0.4,0.9,1.4
2025,13,3037,WR,NYG,0.0,0.0,0.0
2025,13,3056,RB,LV,0.0,0.0,0.0
2025,13,3070,RB,TEN,6.3,6.8,7.3
2025,13,3077,RB,NYJ,0.0,0.0,0.0
2025,13,3116,WR,LV,2.0,3.5,5.0
2025,13,3124,WR,BAL,0.0,0.0,0.0
2025,13,3127,TE,TB,0.9,1.9,2.9
2025,13,3133,TE,ARI,14.2,18.2,22.2
2025,13,3139,TE,NE,7.3,9.3,11.3
2025,13,3149,WR,CLE,2.3,3.3,4.3
2025,13,3166,TE,DAL,0.0,0.0,0.0
2025,13,3167,RB,CLE,10.9,12.4,13.9
2025,13,3189,RB,SF,13.4,15.4,17.4
2025,13,3196,RB,LAC,19.7,20.2,20.7
2025,13,3225,QB,JAX,19.66,19.66,19.66
2025,13,3226,QB,NYG,11.56,11.56,11.56
2025,13,3247,WR,SEA,2.3,3.3,4.3
2025,13,3251,RB,NYJ,0.0,0.0,0.0
2025,13,3253,WR,MIA,4.0,5.5,7.0
2025,13,3258,WR,TEN,0.9,1.4,1.9
2025,13,3259,TE,DEN,7.9,10.9,13.9
2025,13,3289,WR,DET,0.0,0.0,0.0
2025,13,3292,WR,ATL,0.3,0.8,1.3
2025,13,3302,WR,BUF,1.3,1.8,2.3
2025,13,3363,WR,NYG,0.4,0.9,1.4
2025,13,3364,RB,LV,6.1,9.1,12.1
2025,13,3399,WR,HOU,0.0,0.0,0.0
2025,13,3420,WR,BUF,0.5,1.0,1.5
2025,13,3428,TE,CIN,1.7,2.2,2.7
2025,13,3435,WR,PIT,0.0,0.0,0.0
2025,13,3442,QB,GB,25.76,25.76,25.76
2025,13,3459,RB,TEN,2.4,5.4,8.4
2025,13,3480,RB,BAL,1.7,1.7,1.7
2025,13,3482,RB,CHI,19.0,19.0,19.0
2025,13,3507,TE,GB,0.0,0.0,0.0
2025,13,3541,QB,ATL,13.36,13.36,13.36
2025,13,3547,WR,NYJ,1.0,1.5,2.0
2025,13,3550,TE,DAL,3.6,6.1,8.6
2025,13,3572,TE,WAS,10.6,15.6,20.6
2025,13,3580,RB,CLE,2.3,2.3,2.3
2025,13,3593,TE,BAL,9.5,12.0,14.5
2025,13,3594,QB,KC,29.44,29.44,29.44
2025,13,3602,QB,CLE,10.56,10.56,10.56
2025,13,3605,TE,TEN,2.3,5.3,8.3
2025,13,3606,WR,BAL,0.0,0.0,0.0
2025,13,3615,WR,NYJ,0.0,0.0,0.0
2025,13,3648,WR,DAL,0.0,0.0,0.0
2025,13,3651,QB,LAC,12.84,12.84,12.84
2025,13,3659,WR,SF,0.0,0.0,0.0
2025,13,3662,TE,NYJ,2.1,3.1,4.1
2025,13,3684,QB,MIN,-3.06,-3.06,-3.06
2025,13,3716,WR,KC,21.4,25.4,29.4
2025,13,3728,TE,LV,0.8,1.3,1.8
2025,13,3790,WR,GB,8.0,10.0,12.0
2025,13,3802,TE,JAX,10.5,12.0,13.5
2025,13,3803,QB,NO,17.36,17.36,17.36
2025,13,3806,QB,NYJ,21.28,21.28,21.28
2025,13,3835,WR,BUF,6.9,7.9,8.9
2025,13,3843,WR,GB,14.3,16.3,18.3
2025,13,3844,QB,CLE,0.0,0.0,0.0
2025,13,3855,WR,LAC,3.0,4.5,6.0
2025,13,3862,RB,CIN,11.3,14.8,18.3
2025,13,3863,WR,GB,1.5,1.5,1.5
2025,13,3864,TE,SEA,0.0,0.0,0.0
2025,13,3871,TE,CHI,2.8,4.3,5.8
2025,13,3874,WR,JAX,15.3,18.3,21.3
2025,13,3889,TE,WAS,1.4,1.9,2.4
2025,13,3892,WR,MIN,0.4,1.4,2.4
2025,13,3925,TE,CAR,0.0,0.0,0.0
2025,13,3934,WR,SF,1.4,2.4,3.4
2025,13,3936,RB,SEA,0.6,0.6,0.6
2025,13,3942,WR,TB,4.2,6.2,8.2
2025,13,3945,WR,LAC,8.3,9.8,11.3
2025,13,3965,QB,CAR,22.54,22.54,22.54
2025,13,3993,WR,NO,10.7,12.7,14.7
2025,13,4017,WR,TB,0.0,0.0,0.0
2025,13,4021,WR,NYG,3.4,6.9,10.4
2025,13,4024,WR,TEN,2.0,3.5,5.0
2025,13,4048,RB,CAR,18.4,19.4,20.4
2025,13,4060,WR,TB,0.5,1.0,1.5
2025,13,4061,RB,NE,0.0,0.0,0.0
2025,13,4079,RB,DAL,10.7,10.7,10.7
2025,13,4094,TE,PIT,4.5,5.5,6.5
2025,13,4103,RB,PHI,1.1,1.6,2.1
2025,13,4106,WR,IND,0.0,0.0,0.0
2025,13,4152,RB,GB,1.4,1.4,1.4
2025,13,4158,QB,HOU,9.04,9.04,9.04
2025,13,4164,WR,IND,13.8,15.8,17.8
2025,13,4188,QB,WAS,23.26,23.26,23.26
2025,13,4192,TE,KC,10.5,13.0,15.5
2025,13,4196,WR,NYG,10.1,11.1,12.1
2025,13,4204,QB,JAX,-0.3,-0.3,-0.3
2025,13,4216,TE,DEN,4.7,6.2,7.7
2025,13,4222,TE,MIA,4.7,5.7,6.7
2025,13,4237,RB,MIA,19.4,19.4,19.4
2025,13,4247,TE,TEN,2.9,4.9,6.9
2025,13,4271,QB,SF,0.2,0.2,0.2
2025,13,4305,WR,PHI,1.2,1.7,2.2
2025,13,4316,TE,BUF,1.0,1.5,2.0
2025,13,4354,TE,CIN,7.4,7.9,8.4
2025,13,4363,WR,CIN,2.2,3.2,4.2
2025,13,4368,TE,NO,3.9,6.4,8.9
2025,13,4369,WR,TB,0.5,1.0,1.5
2025,13,4379,WR,PIT,3.2,4.7,6.2
2025,13,4388,TE,WAS,0.9,1.9,2.9
2025,13,4408,TE,TB,0.0,0.0,0.0
2025,13,4422,TE,HOU,1.9,2.9,3.9
2025,13,4424,WR,KC,0.0,0.0,0.0
2025,13,4450,QB,IND,16.14,16.14,16.14
2025,13,4485,TE,PHI,2.7,3.7,4.7
2025,13,4490,RB,TB,0.0,0.0,0.0
2025,13,4493,WR,HOU,16.5,19.0,21.5
2025,13,4496,WR,PIT,0.0,0.0,0.0
2025,13,4502,WR,SF,0.0,0.0,0.0
2025,13,4542,WR,DAL,6.1,7.1,8.1
2025,13,4551,WR,LV,2.2,3.2,4.2
2025,13,4561,QB,SF,17.12,17.12,17.12
2025,13,4571,WR,DEN,4.2,5.7,7.2
2025,13,4573,WR,CAR,10.3,10.8,11.3
2025,13,4581,WR,CAR,13.4,15.4,17.4
2025,13,4589,RB,PIT,10.4,11.4,12.4
2025,13,4595,WR,ATL,0.0,0.0,0.0
2025,13,4602,RB,BUF,2.5,4.0,5.5
2025,13,4605,RB,KC,8.0,8.5,9.0
2025,13,4614,RB,GB,9.1,9.6,10.1
2025,13,4617,RB,SEA,11.2,11.2,11.2
2025,14,17,WR,DEN,1.1,2.6,4.1
2025,14,28,QB,PIT,20.46,20.96,21.46
2025,14,51,TE,LV,10.6,12.6,14.6
2025,14,53,WR,DET,0.0,0.0,0.0
2025,14,65,RB,PIT,0.4,0.4,0.4
2025,14,66,WR,LA,2.9,4.9,6.9
2025,14,93,WR,LV,4.1,5.6,7.1
2025,14,150,WR,ATL,0.4,0.9,1.4
2025,14,164,RB,MIN,7.6,7.6,7.6
2025,14,187,RB,CIN,3.8,4.3,4.8
2025,14,193,TE,ARI,0.0,0.0,0.0
2025,14,202,TE,PIT,0.0,0.0,0.0
2025,14,213,WR,TB,5.5,8.0,10.5
2025,14,217,RB,ATL,9.4,10.4,11.4
2025,14,218,WR,KC,0.5,1.0,1.5
2025,14,230,TE,LAC,0.1,0.6,1.1
2025,14,237,TE,DET,0.4,0.9,1.4
2025,14,244,RB,WAS,0.2,0.7,1.2
2025,14,258,RB,HOU,6.5,6.5,6.5
2025,14,260,TE,HOU,2.2,3.7,5.2
2025,14,270,WR,DEN,6.2,9.2,12.2
2025,14,293,WR,JAX,13.8,16.3,18.8
2025,14,303,WR,DAL,12.1,15.1,18.1
2025,14,306,QB,DET,16.16,16.16,16.16
2025,14,311,QB,ARI,19.04,19.04,19.04
2025,14,313,RB,PHI,18.2,18.2,18.2
2025,14,315,RB,HOU,0.3,0.3,0.3
2025,14,319,RB,JAX,0.5,0.5,0.5
2025,14,323,WR,HOU,0.6,1.1,1.6
2025,14,324,TE,BAL,0.9,1.4,1.9
2025,14,325,WR,CHI,-0.4,0.1,0.6
2025,14,327,QB,TB,11.08,11.08,11.08
2025,14,337,RB,TB,14.1,15.1,16.1
2025,14,365,TE,MIN,14.4,15.4,16.4
2025,14,373,WR,CLE,13.6,15.1,16.6
2025,14,374,WR,CHI,6.7,7.7,8.7
2025,14,413,WR,ATL,0.0,0.0,0.0
2025,14,428,RB,LV,0.2,0.7,1.2
2025,14,429,WR,NO,0.0,0.0,0.0
2025,14,440,TE,CIN,1.5,2.0,2.5
2025,14,443,RB,CHI,0.0,0.0,0.0
2025,14,453,WR,KC,3.5,4.0,4.5
2025,14,468,WR,PHI,10.0,13.0,16.0
2025,14,473,WR,WAS,4.1,5.6,7.1
2025,14,480,WR,WAS,2.7,4.7,6.7
2025,14,482,RB,DET,13.3,13.8,14.3
2025,14,487,TE,BUF,9.3,12.3,15.3
2025,14,490,WR,SEA,0.9,1.4,1.9
2025,14,499,WR,BAL,0.0,0.0,0.0
2025,14,506,QB,BAL,21.06,21.06,21.06
2025,14,518,WR,ARI,0.3,0.8,1.3
2025,14,529,TE,WAS,0.8,1.3,1.8
2025,14,543,WR,TEN,0.0,0.0,0.0
2025,14,547,RB,IND,13.4,13.4,13.4
2025,14,557,TE,LA,9.2,10.7,12.2
2025,14,560,RB,BAL,10.2,10.7,11.2
2025,14,561,WR,IND,7.9,12.4,16.9
2025,14,567,TE,CHI,4.2,5.2,6.2
2025,14,600,WR,ATL,0.6,1.1,1.6
2025,14,612,TE,ARI,0.0,0.0,0.0
2025,14,613,TE,CLE,6.1,6.6,7.1
2025,14,625,QB,PHI,2.4,2.4,2.4
2025,14,669,TE,JAX,0.0,0.0,0.0
2025,14,697,QB,TEN,11.08,11.08,11.08
2025,14,741,WR,JAX,0.0,0.0,0.0
2025,14,764,WR,PHI,3.7,5.7,7.7
2025,14,777,RB,ARI,3.1,4.1,5.1
2025,14,785,RB,PIT,10.2,13.2,16.2
2025,14,786,TE,PIT,0.9,1.9,2.9
2025,14,807,RB,DAL,12.7,13.7,14.7
2025,14,810,RB,JAX,20.2,20.7,21.2
2025,14,855,WR,PHI,0.0,0.0,0.0
2025,14,868,RB,ARI,3.4,4.9,6.4
2025,14,869,QB,BUF,35.84,35.84,35.84
2025,14,875,TE,DET,0.7,1.2,1.7
2025,14,880,RB,KC,3.0,3.0,3.0
2025,14,885,WR,DAL,3.7,6.2,8.7
2025,14,890,TE,MIA,4.1,5.6,7.1
2025,14,902,WR,MIN,3.0,4.5,6.0
2025,14,914,RB,PIT,0.2,0.2,0.2
2025,14,917,RB,ATL,6.7,7.7,8.7
2025,14,920,TE,IND,0.0,0.0,0.0
2025,14,959,RB,DEN,3.3,4.3,5.3
2025,14,986,TE,NYJ,0.0,0.0,0.0
2025,14,992,WR,SEA,6.7,8.7,10.7
2025,14,995,RB,LA,4.1,4.1,4.1
2025,14,999,WR,NYJ,3.4,5.4,7.4
2025,14,1004,RB,TEN,0.0,0.0,0.0
2025,14,1011,RB,SEA,3.2,3.2,3.2
2025,14,1014,TE,IND,0.0,0.0,0.0
2025,14,1016,RB,LAC,0.0,0.0,0.0
2025,14,1028,QB,SEA,0.0,0.0,0.0
2025,14,1029,WR,WAS,0.0,0.0,0.0
2025,14,1061,WR,PIT,3.1,3.6,4.1
2025,14,1063,RB,LA,15.7,16.7,17.7
2025,14,1068,TE,NYJ,1.9,2.9,3.9
2025,14,1094,TE,BAL,1.9,2.4,2.9
2025,14,1095,RB,SEA,2.8,3.3,3.8
2025,14,1097,RB,CLE,1.0,2.0,3.0
2025,14,1107,RB,NYJ,4.3,4.3,4.3
2025,14,1110,RB,BUF,11.1,12.1,13.1
2025,14,1111,WR,LA,0.6,1.1,1.6
2025,14,1121,WR,KC,5.5,7.0,8.5
2025,14,1125,RB,NO,1.0,1.5,2.0
2025,14,1164,RB,BAL,7.6,7.6,7.6
2025,14,1179,TE,DAL,1.2,1.7,2.2
2025,14,1186,TE,GB,2.1,2.6,3.1
2025,14,1198,RB,PHI,0.4,0.4,0.4
2025,14,1205,WR,ARI,26.2,31.7,37.2
2025,14,1218,RB,WAS,5.2,5.2,5.2
2025,14,1224,WR,ARI,3.2,4.2,5.2
2025,14,1234,WR,HOU,0.0,0.0,0.0
2025,14,1267,WR,BUF,1.6,2.1,2.6
2025,14,1270,RB,DAL,0.0,0.0,0.0
2025,14,1273,RB,DEN,3.1,3.6,4.1
2025,14,1285,QB,DAL,16.44,16.44,16.44
2025,14,1311,QB,CIN,23.36,23.36,23.36
2025,14,1328,RB,DET,0.0,0.0,0.0
2025,14,1335,WR,DEN,0.7,1.2,1.7
2025,14,1342,WR,IND,2.3,4.3,6.3
2025,14,1344,WR,MIN,6.2,8.2,10.2
2025,14,1352,TE,ARI,0.0,0.5,1.0
2025,14,1369,TE,LA,2.1,3.1,4.1
2025,14,1370,WR,LA,28.7,32.2,35.7
2025,14,1377,TE,GB,2.2,3.2,4.2
2025,14,1381,WR,BAL,12.6,16.6,20.6
2025,14,1417,TE,ATL,0.0,0.0,0.0
2025,14,1439,RB,IND,0.9,1.9,2.9
2025,14,1469,RB,DET,0.0,0.0,0.0
2025,14,1502,WR,DAL,17.5,22.0,26.5
2025,14,1513,WR,NO,4.0,5.5,7.0
2025,14,1541,WR,TEN,7.4,7.9,8.4
2025,14,1589,WR,NO,0.0,0.0,0.0
2025,14,1613,WR,CIN,1.7,2.7,3.7
2025,14,1621,TE,TEN,0.6,1.1,1.6
2025,14,1663,RB,LA,25.1,25.6,26.1
2025,14,1666,QB,DEN,15.98,15.98,15.98
2025,14,1672,WR,LA,0.5,1.0,1.5
2025,14,1699,TE,SEA,2.7,4.2,5.7
2025,14,1710,WR,IND,0.3,0.8,1.3
2025,14,1728,RB,MIA,16.7,16.7,16.7
2025,14,1742,WR,NYJ,2.4,2.9,3.4
2025,14,1743,QB,MIN,20.42,20.42,20.42
2025,14,1749,WR,JAX,8.7,10.2,11.7
2025,14,1760,QB,CHI,14.94,14.94,14.94
2025,14,1761,QB,WAS,2.72,2.72,2.72
2025,14,1768,RB,BUF,0.0,0.0,0.0
2025,14,1813,TE,KC,1.4,1.9,2.4
2025,14,1833,WR,MIA,1.0,2.5,4.0
2025,14,1843,RB,KC,0.7,0.7,0.7
2025,14,1856,WR,HOU,3.4,4.9,6.4
2025,14,1860,TE,IND,1.7,2.7,3.7
2025,14,1865,WR,WAS,0.0,0.0,0.0
2025,14,1869,RB,MIN,2.0,2.5,3.0
2025,14,1873,WR,LAC,0.0,0.0,0.0
2025,14,1885,TE,LAC,0.7,1.2,1.7
2025,14,1889,WR,MIN,1.0,1.5,2.0
2025,14,1891,RB,MIA,7.7,7.7,7.7
2025,14,1900,RB,NO,14.4,14.9,15.4
2025,14,1909,RB,JAX,0.8,1.8,2.8
2025,14,1921,RB,WAS,3.2,3.2,3.2
2025,14,1934,RB,TB,5.5,6.0,6.5
2025,14,1945,TE,CLE,0.0,0.0,0.0
2025,14,1970,TE,ATL,9.0,12.0,15.0
2025,14,2000,QB,NYJ,2.52,2.52,2.52
2025,14,2023,WR,MIN,0.0,0.0,0.0
2025,14,2028,WR,BUF,7.6,8.6,9.6
2025,14,2060,QB,SEA,22.26,22.26,22.26
2025,14,2075,WR,LA,0.5,1.0,1.5
2025,14,2105,RB,LAC,12.7,13.7,14.7
2025,14,2106,RB,SEA,0.0,0.0,0.0
2025,14,2110,WR,CIN,0.0,0.0,0.0
2025,14,2113,TE,CLE,17.4,21.4,25.4
2025,14,2126,WR,GB,0.0,0.0,0.0
2025,14,2130,WR,DET,8.0,9.0,10.0
2025,14,2140,WR,CHI,7.0,9.0,11.0
2025,14,2142,TE,LA,0.0,0.0,0.0
2025,14,2188,WR,CLE,0.0,0.0,0.0
2025,14,2195,TE,TB,0.0,0.0,0.0
2025,14,2221,WR,CLE,0.2,0.2,0.2
2025,14,2227,RB,DET,30.0,33.5,37.0
2025,14,2284,TE,NO,1.6,2.1,2.6
2025,14,2290,WR,GB,5.3,7.3,9.3
2025,14,2400,TE,NO,0.0,0.0,0.0
2025,14,2497,WR,TB,0.0,0.0,0.0
2025,14,2515,RB,GB,0.6,1.1,1.6
2025,14,2533,WR,LV,0.0,0.0,0.0
2025,14,2534,QB,LA,23.24,23.24,23.24
2025,14,2575,TE,MIN,7.2,8.2,9.2
2025,14,2606,RB,CHI,8.2,9.7,11.2
2025,14,2608,QB,LV,9.04,9.04,9.04
2025,14,2613,QB,MIA,9.08,9.08,9.08
2025,14,2625,QB,MIA,-0.2,-0.2,-0.2
2025,14,2634,WR,LAC,1.2,1.7,2.2
2025,14,2700,WR,MIA,0.0,0.0,0.0
2025,14,2720,TE,MIN,0.9,1.4,1.9
2025,14,2730,WR,CIN,5.2,7.7,10.2
2025,14,2756,WR,DET,10.3,13.8,17.3
2025,14,2757,WR,CLE,2.3,2.8,3.3
2025,14,2791,TE,CIN,14.6,17.6,20.6
2025,14,2794,WR,MIA,0.0,0.0,0.0
2025,14,2803,RB,BAL,0.0,0.0,0.0
2025,14,2805,TE,PHI,0.0,0.0,0.0
2025,14,2807,WR,LAC,2.2,3.7,5.2
2025,14,2821,RB,MIN,11.2,11.2,11.2
2025,14,2883,RB,DEN,2.1,2.6,3.1
2025,14,2893,WR,DEN,2.7,4.2,5.7
2025,14,2901,RB,HOU,13.6,14.6,15.6
2025,14,2913,QB,LA,-0.4,-0.4,-0.4
2025,14,2919,RB,HOU,0.0,0.0,0.0
2025,14,2929,WR,SEA,9.5,10.5,11.5
2025,14,2945,RB,DEN,16.0,19.0,22.0
2025,14,2976,WR,CHI,2.4,2.9,3.4
2025,14,3004,TE,NO,-0.1,-0.1,-0.1
2025,14,3015,RB,BUF,0.0,0.0,0.0
2025,14,3056,RB,LV,0.0,0.0,0.0
2025,14,3070,RB,TEN,28.1,28.1,28.1
2025,14,3077,RB,NYJ,1.7,2.2,2.7
2025,14,3116,WR,LV,2.4,3.4,4.4
2025,14,3127,TE,TB,1.9,3.4,4.9
2025,14,3133,TE,ARI,5.8,8.3,10.8
2025,14,3149,WR,CLE,1.8,2.8,3.8
2025,14,3166,TE,DAL,0.7,1.2,1.7
2025,14,3167,RB,CLE,8.4,8.9,9.4
2025,14,3196,RB,LAC,10.4,10.9,11.4
2025,14,3222,RB,NYJ,0.0,0.0,0.0
2025,14,3225,QB,JAX,19.36,19.36,19.36
2025,14,3247,WR,SEA,21.1,24.6,28.1
2025,14,3251,RB,NYJ,2.2,2.2,2.2
2025,14,3253,WR,MIA,13.1,15.6,18.1
2025,14,3258,WR,TEN,8.4,10.9,13.4
2025,14,3259,TE,DEN,0.8,1.8,2.8
2025,14,3265,WR,LV,8.5,9.0,9.5
2025,14,3279,TE,BUF,10.1,12.1,14.1
2025,14,3289,WR,DET,9.2,12.2,15.2
2025,14,3292,WR,ATL,2.1,3.6,5.1
2025,14,3364,RB,LV,3.8,4.8,5.8
2025,14,3365,WR,DAL,0.0,0.0,0.0
2025,14,3366,QB,IND,10.3,10.3,10.3
2025,14,3388,RB,NYJ,0.0,0.0,0.0
2025,14,3399,WR,HOU,1.3,2.3,3.3
2025,14,3420,WR,BUF,2.1,3.1,4.1
2025,14,3435,WR,PIT,1.3,1.8,2.3
2025,14,3442,QB,GB,19.26,19.26,19.26
2025,14,3459,RB,TEN,4.7,5.7,6.7
2025,14,3480,RB,BAL,1.3,2.3,3.3
2025,14,3482,RB,CHI,5.7,6.2,6.7
2025,14,3507,TE,GB,1.4,2.4,3.4
2025,14,3512,RB,LAC,0.0,0.0,0.0
2025,14,3541,QB,ATL,2.48,2.48,2.48
2025,14,3547,WR,NYJ,0.0,0.0,0.0
2025,14,3550,TE,DAL,5.8,8.3,10.8
2025,14,3561,WR,PHI,1.9,2.4,2.9
2025,14,3572,TE,WAS,1.1,1.6,2.1
2025,14,3580,RB,CLE,6.8,9.3,11.8
2025,14,3593,TE,BAL,8.5,10.5,12.5
2025,14,3594,QB,KC,5.3,5.8,6.3
2025,14,3602,QB,CLE,33.46,33.46,33.46
2025,14,3605,TE,TEN,0.8,1.3,1.8
2025,14,3606,WR,BAL,2.3,3.3,4.3
2025,14,3615,WR,NYJ,2.4,3.4,4.4
2025,14,3651,QB,LAC,14.16,14.16,14.16
2025,14,3662,TE,NYJ,5.1,7.6,10.1
2025,14,3716,WR,KC,3.4,5.4,7.4
2025,14,3721,WR,BAL,0.0,0.0,0.0
2025,14,3728,TE,LV,1.7,2.7,3.7
2025,14,3790,WR,GB,0.0,0.0,0.0
2025,14,3802,TE,JAX,2.7,4.2,5.7
2025,14,3803,QB,NO,21.26,21.26,21.26
2025,14,3806,QB,NYJ,-1.76,-1.76,-1.76
2025,14,3835,WR,BUF,1.6,2.6,3.6
2025,14,3843,WR,GB,20.9,22.9,24.9
2025,14,3855,WR,LAC,2.1,2.6,3.1
2025,14,3861,WR,ARI,0.0,0.0,0.0
2025,14,3862,RB,CIN,15.5,17.0,18.5
2025,14,3863,WR,GB,10.5,11.0,11.5
2025,14,3864,TE,SEA,0.0,0.0,0.0
2025,14,3871,TE,CHI,8.9,10.9,12.9
2025,14,3874,WR,JAX,10.8,12.8,14.8
2025,14,3889,TE,WAS,0.0,0.0,0.0
2025,14,3892,WR,MIN,1.1,2.1,3.1
2025,14,3939,TE,CHI,0.2,0.7,1.2
2025,14,3942,WR,TB,1.5,2.5,3.5
2025,14,3945,WR,LAC,0.8,1.8,2.8
2025,14,3993,WR,NO,3.0,4.5,6.0
2025,14,4004,TE,PHI,0.0,0.0,0.0
2025,14,4017,WR,TB,0.0,0.0,0.0
2025,14,4024,WR,TEN,1.7,2.7,3.7
2025,14,4060,WR,TB,0.5,1.0,1.5
2025,14,4079,RB,DAL,0.6,0.6,0.6
2025,14,4092,QB,LV,8.48,8.48,8.48
2025,14,4094,TE,PIT,1.2,1.7,2.2
2025,14,4103,RB,PHI,0.3,0.8,1.3
2025,14,4106,WR,IND,0.0,0.0,0.0
2025,14,4152,RB,GB,1.0,1.0,1.0
2025,14,4158,QB,HOU,12.62,12.62,12.62
2025,14,4164,WR,IND,8.0,10.5,13.0
2025,14,4188,QB,WAS,-0.1,-0.1,-0.1
2025,14,4192,TE,KC,0.8,1.3,1.8
2025,14,4204,QB,JAX,0.02,0.02,0.02
2025,14,4216,TE,DEN,1.7,2.7,3.7
2025,14,4222,TE,MIA,1.7,2.2,2.7
2025,14,4237,RB,MIA,16.5,17.0,17.5
2025,14,4247,TE,TEN,2.0,3.0,4.0
2025,14,4255,WR,PIT,0.0,0.0,0.0
2025,14,4304,WR,DET,0.1,0.1,0.1
2025,14,4305,WR,PHI,0.3,0.8,1.3
2025,14,4316,TE,BUF,6.3,6.8,7.3
2025,14,4354,TE,CIN,1.1,1.6,2.1
2025,14,4368,TE,NO,3.8,5.8,7.8
2025,14,4379,WR,PIT,14.8,18.3,21.8
2025,14,4388,TE,WAS,0.0,0.0,0.0
2025,14,4424,WR,KC,1.9,2.9,3.9
2025,14,4447,WR,WAS,1.9,2.4,2.9
2025,14,4450,QB,IND,0.8,0.8,0.8
2025,14,4474,WR,CIN,21.2,24.2,27.2
2025,14,4485,TE,PHI,7.8,11.8,15.8
2025,14,4490,RB,TB,8.9,8.9,8.9
2025,14,4493,WR,HOU,12.1,14.1,16.1
2025,14,4529,WR,PIT,0.4,0.9,1.4
2025,14,4542,WR,DAL,3.0,4.0,5.0
2025,14,4551,WR,LV,5.0,8.0,11.0
2025,14,4571,WR,DEN,3.2,5.2,7.2
2025,14,4589,RB,PIT,12.2,13.7,15.2
2025,14,4595,WR,ATL,0.0,0.0,0.0
2025,14,4602,RB,BUF,3.9,4.9,5.9
2025,14,4605,RB,KC,9.0,9.0,9.0
2025,14,4614,RB,GB,15.2,16.2,17.2
2025,14,4617,RB,SEA,6.6,7.6,8.6
2025,14,4642,RB,NO,1.1,1.1,1.1
2025,15,17,WR,DEN,14.8,17.8,20.8
2025,15,28,QB,PIT,16.96,16.96,16.96
2025,15,30,RB,SF,0.7,1.2,1.7
2025,15,51,TE,LV,2.8,5.8,8.8
2025,15,53,WR,DET,0.0,0.0,0.0
2025,15,65,RB,PIT,0.4,0.4,0.4
2025,15,66,WR,LA,7.1,9.1,11.1
2025,15,69,QB,NYG,0.0,0.0,0.0
2025,15,71,WR,NE,2.6,4.1,5.6
2025,15,93,WR,LV,1.0,2.0,3.0
2025,15,137,WR,SF,3.6,4.6,5.6
2025,15,142,WR,DET,2.0,2.5,3.0
2025,15,150,WR,ATL,0.0,0.0,0.0
2025,15,156,TE,SEA,0.0,0.0,0.0
2025,15,164,RB,MIN,6.5,8.0,9.5
2025,15,184,TE,SEA,0.9,1.4,1.9
2025,15,187,RB,CIN,4.3,4.8,5.3
2025,15,193,TE,ARI,0.1,1.1,2.1
2025,15,202,TE,PIT,8.6,9.6,10.6
2025,15,213,WR,TB,8.0,10.0,12.0
2025,15,217,RB,ATL,23.5,27.5,31.5
2025,15,218,WR,KC,0.0,0.0,0.0
2025,15,243,WR,JAX,5.3,6.8,8.3
2025,15,244,RB,WAS,2.2,2.7,3.2
2025,15,258,RB,HOU,3.4,4.9,6.4
2025,15,260,TE,HOU,13.6,17.6,21.6
2025,15,270,WR,DEN,17.3,20.8,24.3
2025,15,303,WR,DAL,11.1,14.1,17.1
2025,15,306,QB,DET,25.52,25.52,25.52
2025,15,311,QB,ARI,20.56,20.56,20.56
2025,15,313,RB,PHI,15.2,16.2,17.2
2025,15,319,RB,JAX,8.3,8.8,9.3
2025,15,324,TE,BAL,1.8,2.8,3.8
2025,15,325,WR,CHI,18.9,20.9,22.9
2025,15,327,QB,TB,17.18,17.18,17.18
2025,15,337,RB,TB,7.1,7.6,8.1
2025,15,365,TE,MIN,1.8,2.3,2.8
2025,15,373,WR,CLE,2.2,3.2,4.2
2025,15,374,WR,CHI,0.0,0.0,0.0
2025,15,394,QB,KC,-1.12,-1.12,-1.12
2025,15,413,WR,ATL,7.8,10.8,13.8
2025,15,428,RB,LV,0.2,0.7,1.2
2025,15,429,WR,NO,0.0,0.0,0.0
2025,15,468,WR,PHI,10.1,11.1,12.1
2025,15,473,WR,WAS,12.9,14.4,15.9
2025,15,480,WR,WAS,4.3,5.8,7.3
2025,15,482,RB,DET,9.2,9.2,9.2
2025,15,487,TE,BUF,15.7,17.2,18.7
2025,15,499,WR,BAL,3.2,3.7,4.2
2025,15,506,QB,BAL,14.6,14.6,14.6
2025,15,508,QB,BAL,-0.3,-0.3,-0.3
2025,15,518,WR,ARI,0.0,0.0,0.0
2025,15,525,WR,NE,4.1,6.1,8.1
2025,15,529,TE,WAS,3.6,4.1,4.6
2025,15,536,RB,CAR,11.4,11.9,12.4
2025,15,543,WR,TEN,0.0,0.0,0.0
2025,15,547,RB,IND,10.1,11.6,13.1
2025,15,557,TE,LA,19.5,22.0,24.5
2025,15,560,RB,BAL,10.0,10.0,10.0
2025,15,561,WR,IND,2.6,4.1,5.6
2025,15,567,TE,CHI,2.8,3.8,4.8
2025,15,600,WR,ATL,3.5,5.0,6.5
2025,15,625,QB,PHI,22.9,22.9,22.9
2025,15,666,RB,MIN,6.1,6.1,6.1
2025,15,669,TE,JAX,2.0,3.0,4.0
2025,15,697,QB,TEN,15.0,15.0,15.0
2025,15,748,WR,LA,0.9,1.4,1.9
2025,15,751,RB,NE,7.7,9.2,10.7
2025,15,764,WR,PHI,5.0,6.0,7.0
2025,15,777,RB,ARI,9.4,11.4,13.4
2025,15,785,RB,PIT,12.6,16.1,19.6
2025,15,786,TE,PIT,4.5,6.0,7.5
2025,15,807,RB,DAL,15.1,15.1,15.1
2025,15,810,RB,JAX,28.5,30.0,31.5
2025,15,822,WR,BUF,1.6,2.1,2.6
2025,15,830,WR,DEN,8.0,8.5,9.0
2025,15,843,RB,IND,0.0,0.0,0.0
2025,15,855,WR,PHI,0.0,0.0,0.0
2025,15,868,RB,ARI,-0.2,-0.2,-0.2
2025,15,869,QB,BUF,24.52,24.52,24.52
2025,15,880,RB,KC,2.1,2.1,2.1
2025,15,885,WR,DAL,3.3,4.8,6.3
2025,15,889,WR,NO,3.3,4.8,6.3
2025,15,890,TE,MIA,4.6,5.6,6.6
2025,15,902,WR,MIN,16.5,18.0,19.5
2025,15,914,RB,PIT,6.4,6.4,6.4
2025,15,917,RB,ATL,1.8,1.8,1.8
2025,15,953,RB,CHI,0.0,0.0,0.0
2025,15,959,RB,DEN,-0.1,-0.1,-0.1
2025,15,986,TE,NYJ,0.0,0.0,0.0
2025,15,992,WR,SEA,7.1,9.6,12.1
2025,15,995,RB,LA,0.0,0.0,0.0
2025,15,999,WR,NYJ,2.9,4.9,6.9
2025,15,1004,RB,TEN,0.0,0.0,0.0
2025,15,1029,WR,WAS,0.0,0.0,0.0
2025,15,1032,RB,SF,2.1,2.1,2.1
2025,15,1061,WR,PIT,0.0,0.0,0.0
2025,15,1063,RB,LA,20.8,21.3,21.8
2025,15,1068,TE,NYJ,1.3,2.3,3.3
2025,15,1079,TE,NYG,3.5,5.0,6.5
2025,15,1094,TE,BAL,0.0,0.0,0.0
2025,15,1095,RB,SEA,1.9,2.4,2.9
2025,15,1107,RB,NYJ,3.7,4.7,5.7
2025,15,1110,RB,BUF,29.1,30.1,31.1
2025,15,1111,WR,LA,0.0,0.0,0.0
2025,15,1121,WR,KC,3.5,4.5,5.5
2025,15,1125,RB,NO,1.2,1.2,1.2
2025,15,1138,QB,PHI,2.22,2.22,2.22
2025,15,1152,WR,KC,0.0,0.0,0.0
2025,15,1164,RB,BAL,6.6,6.6,6.6
2025,15,1179,TE,DAL,2.9,3.4,3.9
2025,15,1198,RB,PHI,5.7,5.7,5.7
2025,15,1205,WR,ARI,11.4,13.9,16.4
2025,15,1214,WR,NE,0.5,0.5,0.5
2025,15,1221,WR,NE,3.0,3.5,4.0
2025,15,1224,WR,ARI,1.9,2.4,2.9
2025,15,1234,WR,HOU,1.6,2.1,2.6
2025,15,1242,RB,ARI,0.1,1.1,2.1
2025,15,1245,TE,MIA,2.5,3.5,4.5
2025,15,1270,RB,DAL,3.0,4.0,5.0
2025,15,1273,RB,DEN,0.4,0.4,0.4
2025,15,1283,WR,CAR,0.0,0.0,0.0
2025,15,1285,QB,DAL,11.96,11.96,11.96
2025,15,1311,QB,CIN,5.5,5.5,5.5
2025,15,1335,WR,DEN,3.7,5.7,7.7
2025,15,1342,WR,IND,7.3,8.8,10.3
2025,15,1344,WR,MIN,6.6,7.6,8.6
2025,15,1352,TE,ARI,0.3,0.8,1.3
2025,15,1369,TE,LA,1.6,3.1,4.6
2025,15,1370,WR,LA,18.9,23.4,27.9
2025,15,1377,TE,GB,5.2,7.2,9.2
2025,15,1381,WR,BAL,12.8,14.3,15.8
2025,15,1382,TE,LV,0.0,0.0,0.0
2025,15,1439,RB,IND,4.7,7.2,9.7
2025,15,1459,WR,CAR,3.9,4.9,5.9
2025,15,1469,RB,DET,0.0,0.0,0.0
2025,15,1473,RB,HOU,11.8,12.8,13.8
2025,15,1483,RB,NYG,21.7,23.2,24.7
2025,15,1502,WR,DAL,4.0,6.0,8.0
2025,15,1513,WR,NO,6.9,9.4,11.9
2025,15,1541,WR,TEN,1.7,2.2,2.7
2025,15,1589,WR,NO,0.1,0.6,1.1
2025,15,1613,WR,CIN,0.0,0.0,0.0
2025,15,1621,TE,TEN,0.0,0.0,0.0
2025,15,1663,RB,LA,13.1,13.1,13.1
2025,15,1666,QB,DEN,29.08,29.08,29.08
2025,15,1672,WR,LA,0.0,0.0,0.0
2025,15,1699,TE,SEA,2.7,4.2,5.7
2025,15,1708,WR,SF,15.7,17.2,18.7
2025,15,1728,RB,MIA,1.1,1.6,2.1
2025,15,1730,QB,NE,20.5,20.5,20.5
2025,15,1742,WR,NYJ,11.4,14.4,17.4
2025,15,1743,QB,MIN,23.5,23.5,23.5
2025,15,1749,WR,JAX,13.1,15.1,17.1
2025,15,1760,QB,CHI,18.98,18.98,18.98
2025,15,1768,RB,BUF,1.3,1.8,2.3
2025,15,1792,QB,IND,6.8,6.8,6.8
2025,15,1833,WR,MIA,1.0,1.5,2.0
2025,15,1843,RB,KC,0.1,0.1,0.1
2025,15,1846,WR,NE,0.0,0.0,0.0
2025,15,1856,WR,HOU,0.4,0.9,1.4
2025,15,1860,TE,IND,1.9,3.4,4.9
2025,15,1865,WR,WAS,0.0,0.0,0.0
2025,15,1866,TE,CAR,0.0,0.0,0.0
2025,15,1885,TE,LAC,6.1,8.1,10.1
2025,15,1891,RB,MIA,0.0,0.0,0.0
2025,15,1898,WR,CAR,0.7,1.2,1.7
2025,15,1900,RB,NO,9.2,9.7,10.2
2025,15,1908,RB,TEN,0.3,0.3,0.3
2025,15,1909,RB,JAX,1.6,2.1,2.6
2025,15,1921,RB,WAS,15.6,15.6,15.6
2025,15,1934,RB,TB,2.6,3.1,3.6
2025,15,1970,TE,ATL,34.6,40.1,45.6
2025,15,1991,WR,NYG,0.0,0.0,0.0
2025,15,2000,QB,NYJ,8.94,8.94,8.94
2025,15,2023,WR,MIN,0.0,0.0,0.0
2025,15,2028,WR,BUF,6.5,9.0,11.5
2025,15,2060,QB,SEA,11.34,11.34,11.34
2025,15,2075,WR,LA,0.0,0.0,0.0
2025,15,2097,QB,NO,0.0,0.0,0.0
2025,15,2105,RB,LAC,6.5,7.0,7.5
2025,15,2110,WR,CIN,0.0,0.0,0.0
2025,15,2113,TE,CLE,5.0,8.5,12.0
2025,15,2126,WR,GB,5.5,7.0,8.5
2025,15,2130,WR,DET,0.0,0.0,0.0
2025,15,2140,WR,CHI,8.4,11.4,14.4
2025,15,2142,TE,LA,0.6,1.1,1.6
2025,15,2188,WR,CLE,8.9,9.9,10.9
2025,15,2221,WR,CLE,1.0,1.5,2.0
2025,15,2227,RB,DET,5.8,7.8,9.8
2025,15,2290,WR,GB,5.5,8.0,10.5
2025,15,2400,TE,NO,0.7,1.2,1.7
2025,15,2497,WR,TB,0.0,0.0,0.0
2025,15,2515,RB,GB,1.6,2.1,2.6
2025,15,2534,QB,LA,20.92,20.92,20.92
2025,15,2575,TE,MIN,6.6,8.6,10.6
2025,15,2580,RB,NE,28.1,29.1,30.1
2025,15,2606,RB,CHI,21.6,22.1,22.6
2025,15,2609,RB,ARI,1.1,1.1,1.1
2025,15,2613,QB,MIA,16.22,16.22,16.22
2025,15,2614,RB,NYG,1.4,1.9,2.4
2025,15,2634,WR,LAC,2.0,3.0,4.0
2025,15,2700,WR,MIA,0.0,0.0,0.0
2025,15,2724,RB,SEA,0.0,0.0,0.0
2025,15,2730,WR,CIN,13.2,18.2,23.2
2025,15,2756,WR,DET,19.4,22.9,26.4
2025,15,2772,WR,GB,0.6,1.1,1.6
2025,15,2791,TE,CIN,1.1,1.6,2.1
2025,15,2794,WR,MIA,0.0,0.0,0.0
2025,15,2795,TE,SF,14.8,18.8,22.8
2025,15,2807,WR,LAC,3.6,6.1,8.6
2025,15,2821,RB,MIN,2.9,2.9,2.9
2025,15,2843,TE,CAR,1.3,2.3,3.3
2025,15,2849,TE,NYG,7.2,8.7,10.2
2025,15,2870,RB,CIN,0.0,0.0,0.0
2025,15,2883,RB,DEN,0.1,0.6,1.1
2025,15,2893,WR,DEN,10.2,11.7,13.2
2025,15,2901,RB,HOU,3.8,4.3,4.8
2025,15,2919,RB,HOU,0.0,0.0,0.0
2025,15,2929,WR,SEA,4.6,7.1,9.6
2025,15,2945,RB,DEN,12.5,12.5,12.5
2025,15,2976,WR,CHI,0.0,0.0,0.0
2025,15,3004,TE,NO,0.2,0.2,0.2
2025,15,3015,RB,BUF,0.0,0.0,0.0
2025,15,3024,RB,CAR,0.0,0.0,0.0
2025,15,3056,RB,LV,0.4,0.4,0.4
2025,15,3070,RB,TEN,17.2,17.7,18.2
2025,15,3077,RB,NYJ,0.5,0.5,0.5
2025,15,3082,WR,TB,13.2,16.2,19.2
2025,15,3116,WR,LV,0.0,0.0,0.0
2025,15,3120,WR,NYJ,0.0,0.0,0.0
2025,15,3133,TE,ARI,25.4,31.4,37.4
2025,15,3139,TE,NE,1.8,2.3,2.8
2025,15,3149,WR,CLE,0.8,1.3,1.8
2025,15,3152,TE,CLE,0.0,0.0,0.0
2025,15,3166,TE,DAL,0.0,0.0,0.0
2025,15,3167,RB,CLE,1.7,3.2,4.7
2025,15,3182,TE,DET,0.0,0.0,0.0
2025,15,3189,RB,SF,14.7,15.2,15.7
2025,15,3196,RB,LAC,4.8,5.3,5.8
2025,15,3222,RB,NYJ,0.5,0.5,0.5
2025,15,3225,QB,JAX,44.3,44.3,44.3
2025,15,3226,QB,NYG,22.14,22.14,22.14
2025,15,3247,WR,SEA,11.3,14.8,18.3
2025,15,3251,RB,NYJ,12.5,13.0,13.5
2025,15,3253,WR,MIA,2.6,3.6,4.6
2025,15,3258,WR,TEN,1.0,3.0,5.0
2025,15,3259,TE,DEN,1.2,1.7,2.2
2025,15,3272,RB,CLE,0.7,1.7,2.7
2025,15,3279,TE,BUF,3.4,4.9,6.4
2025,15,3289,WR,DET,28.4,34.9,41.4
2025,15,3292,WR,ATL,0.0,0.0,0.0
2025,15,3302,WR,BUF,0.0,0.0,0.0
2025,15,3319,WR,IND,0.0,0.0,0.0
2025,15,3363,WR,NYG,0.4,0.9,1.4
2025,15,3364,RB,LV,4.2,6.2,8.2
2025,15,3365,WR,DAL,2.5,3.0,3.5
2025,15,3399,WR,HOU,0.0,0.0,0.0
2025,15,3428,TE,CIN,1.2,2.2,3.2
2025,15,3435,WR,PIT,0.0,0.0,0.0
2025,15,3442,QB,GB,13.94,13.94,13.94
2025,15,3446,RB,MIA,0.4,0.9,1.4
2025,15,3459,RB,TEN,3.6,4.6,5.6
2025,15,3473,WR,ATL,0.0,0.0,0.0
2025,15,3480,RB,BAL,9.2,10.2,11.2
2025,15,3482,RB,CHI,3.3,3.3,3.3
2025,15,3507,TE,GB,1.8,3.3,4.8
2025,15,3512,RB,LAC,0.9,1.9,2.9
2025,15,3541,QB,ATL,26.92,26.92,26.92
2025,15,3547,WR,NYJ,0.6,1.1,1.6
2025,15,3550,TE,DAL,1.6,2.6,3.6
2025,15,3561,WR,PHI,2.9,3.9,4.9
2025,15,3594,QB,KC,13.06,13.06,13.06
2025,15,3602,QB,CLE,3.48,3.48,3.48
2025,15,3604,TE,ATL,1.2,2.2,3.2
2025,15,3605,TE,TEN,10.9,12.9,14.9
2025,15,3615,WR,NYJ,5.3,8.3,11.3
2025,15,3620,TE,PHI,0.4,0.9,1.4
2025,15,3630,WR,JAX,0.4,0.4,0.4
2025,15,3651,QB,LAC,10.4,10.4,10.4
2025,15,3659,WR,SF,1.7,2.7,3.7
2025,15,3716,WR,KC,5.1,8.6,12.1
2025,15,3721,WR,BAL,0.0,0.0,0.0
2025,15,3782,WR,TB,3.8,4.8,5.8
2025,15,3790,WR,GB,3.6,4.6,5.6
2025,15,3802,TE,JAX,2.6,3.1,3.6
2025,15,3803,QB,NO,18.08,18.08,18.08
2025,15,3843,WR,GB,2.9,4.4,5.9
2025,15,3855,WR,LAC,4.9,6.4,7.9
2025,15,3862,RB,CIN,9.0,12.5,16.0
2025,15,3863,WR,GB,0.0,0.0,0.0
2025,15,3870,WR,BAL,0.0,0.0,0.0
2025,15,3871,TE,CHI,6.1,8.1,10.1
2025,15,3874,WR,JAX,7.1,9.6,12.1
2025,15,3889,TE,WAS,0.0,0.0,0.0
2025,15,3892,WR,MIN,2.2,3.2,4.2
2025,15,3925,TE,CAR,0.5,1.5,2.5
2025,15,3934,WR,SF,9.6,12.6,15.6
2025,15,3939,TE,CHI,0.0,0.0,0.0
2025,15,3942,WR,TB,6.4,8.4,10.4
2025,15,3965,QB,CAR,15.42,15.42,15.42
2025,15,3993,WR,NO,14.5,17.5,20.5
2025,15,4004,TE,PHI,0.0,0.0,0.0
2025,15,4021,WR,NYG,11.4,13.9,16.4
2025,15,4024,WR,TEN,4.3,4.8,5.3
2025,15,4046,WR,NYG,0.0,0.0,0.0
2025,15,4048,RB,CAR,3.8,4.3,4.8
2025,15,4079,RB,DAL,9.7,10.7,11.7
2025,15,4092,QB,LV,1.26,1.26,1.26
2025,15,4094,TE,PIT,2.5,4.0,5.5
2025,15,4103,RB,PHI,0.0,0.0,0.0
2025,15,4152,RB,GB,0.3,0.3,0.3
2025,15,4158,QB,HOU,23.4,23.4,23.4
2025,15,4164,WR,IND,1.6,2.1,2.6
2025,15,4188,QB,WAS,16.74,16.74,16.74
2025,15,4192,TE,KC,7.0,10.5,14.0
2025,15,4196,WR,NYG,5.3,7.3,9.3
2025,15,4204,QB,JAX,-0.2,-0.2,-0.2
2025,15,4222,TE,MIA,18.6,22.1,25.6
2025,15,4237,RB,MIA,12.7,15.7,18.7
2025,15,4247,TE,TEN,3.3,5.3,7.3
2025,15,4248,WR,LAC,7.6,8.1,8.6
2025,15,4255,WR,PIT,7.9,8.4,8.9
2025,15,4316,TE,BUF,0.9,1.4,1.9
2025,15,4354,TE,CIN,1.6,3.1,4.6
2025,15,4363,WR,CIN,1.6,2.1,2.6
2025,15,4368,TE,NO,3.0,5.0,7.0
2025,15,4369,WR,TB,0.0,0.0,0.0
2025,15,4379,WR,PIT,11.5,13.0,14.5
2025,15,4388,TE,WAS,1.9,2.4,2.9
2025,15,4408,TE,TB,6.6,7.1,7.6
2025,15,4413,RB,WAS,0.0,0.0,0.0
2025,15,4422,TE,HOU,2.2,3.7,5.2
2025,15,4424,WR,KC,4.7,5.7,6.7
2025,15,4447,WR,WAS,2.8,3.3,3.8
2025,15,4485,TE,PHI,19.0,22.0,25.0
2025,15,4490,RB,TB,6.7,6.7,6.7
2025,15,4493,WR,HOU,20.5,22.0,23.5
2025,15,4502,WR,SF,0.0,0.0,0.0
2025,15,4529,WR,PIT,0.7,1.2,1.7
2025,15,4542,WR,DAL,1.2,2.2,3.2
2025,15,4551,WR,LV,1.7,2.7,3.7
2025,15,4561,QB,SF,28.2,28.2,28.2
2025,15,4573,WR,CAR,2.5,3.5,4.5
2025,15,4581,WR,CAR,12.0,14.0,16.0
2025,15,4589,RB,PIT,4.8,6.3,7.8
2025,15,4602,RB,BUF,2.8,4.3,5.8
2025,15,4605,RB,KC,2.0,2.5,3.0
2025,15,4614,RB,GB,21.2,22.2,23.2
2025,15,4617,RB,SEA,3.1,3.1,3.1
2025,15,4642,RB,NO,5.0,6.5,8.0
2025,16,17,WR,DEN,6.6,8.6,10.6
2025,16,28,QB,PIT,15.54,15.54,15.54
2025,16,35,WR,GB,0.9,0.9,0.9
2025,16,51,TE,LV,9.3,11.8,14.3
2025,16,53,WR,DET,0.0,0.0,0.0
2025,16,71,WR,NE,13.8,18.3,22.8
2025,16,93,WR,LV,0.6,1.1,1.6
2025,16,137,WR,SF,8.3,9.3,10.3
2025,16,142,WR,DET,12.2,14.2,16.2
2025,16,150,WR,ATL,0.0,0.0,0.0
2025,16,164,RB,MIN,9.3,10.3,11.3
2025,16,184,TE,SEA,0.0,0.0,0.0
2025,16,187,RB,CIN,10.1,11.1,12.1
2025,16,202,TE,PIT,2.8,2.8,2.8
2025,16,213,WR,TB,3.0,5.5,8.0
2025,16,217,RB,ATL,22.8,26.3,29.8
2025,16,218,WR,KC,1.2,1.7,2.2
2025,16,230,TE,LAC,2.8,4.3,5.8
2025,16,243,WR,JAX,20.5,23.5,26.5
2025,16,244,RB,WAS,1.2,2.2,3.2
2025,16,258,RB,HOU,-0.1,0.4,0.9
2025,16,260,TE,HOU,9.5,12.0,14.5
2025,16,270,WR,DEN,14.6,17.6,20.6
2025,16,272,WR,MIA,1.1,1.6,2.1
2025,16,282,QB,WAS,-0.28,-0.28,-0.28
2025,16,293,WR,JAX,1.1,1.6,2.1
2025,16,303,WR,DAL,5.1,8.1,11.1
2025,16,306,QB,DET,26.46,26.46,26.46
2025,16,311,QB,ARI,10.62,10.62,10.62
2025,16,313,RB,PHI,19.2,19.2,19.2
2025,16,315,RB,HOU,4.2,4.7,5.2
2025,16,323,WR,HOU,3.7,5.2,6.7
2025,16,324,TE,BAL,2.4,3.4,4.4
2025,16,325,WR,CHI,16.9,19.4,21.9
2025,16,327,QB,TB,12.7,12.7,12.7
2025,16,337,RB,TB,7.1,7.1,7.1
2025,16,365,TE,MIN,1.9,2.9,3.9
2025,16,373,WR,CLE,1.2,2.7,4.2
2025,16,374,WR,CHI,3.3,4.3,5.3
2025,16,394,QB,KC,1.4,1.4,1.4
2025,16,399,WR,PIT,1.9,3.4,4.9
2025,16,413,WR,ATL,0.0,0.0,0.0
2025,16,426,WR,LV,0.3,0.8,1.3
2025,16,428,RB,LV,0.9,1.4,1.9
2025,16,429,WR,NO,0.0,0.0,0.0
2025,16,453,WR,KC,2.2,3.7,5.2
2025,16,468,WR,PHI,9.5,14.0,18.5
2025,16,471,WR,ATL,2.7,4.2,5.7
2025,16,473,WR,WAS,5.3,6.8,8.3
2025,16,480,WR,WAS,3.5,5.0,6.5
2025,16,482,RB,DET,1.4,1.4,1.4
2025,16,487,TE,BUF,1.0,1.5,2.0
2025,16,490,WR,SEA,0.0,0.0,0.0
2025,16,499,WR,BAL,4.1,6.1,8.1
2025,16,506,QB,BAL,4.74,4.74,4.74
2025,16,508,QB,BAL,2.8,2.8,2.8
2025,16,525,WR,NE,6.9,10.4,13.9
2025,16,529,TE,WAS,0.5,1.0,1.5
2025,16,536,RB,CAR,4.3,6.3,8.3
2025,16,547,RB,IND,13.9,15.4,16.9
2025,16,557,TE,LA,2.1,3.1,4.1
2025,16,560,RB,BAL,24.8,24.8,24.8
2025,16,561,WR,IND,3.2,5.2,7.2
2025,16,567,TE,CHI,1.4,2.4,3.4
2025,16,600,WR,ATL,2.4,3.4,4.4
2025,16,612,TE,ARI,0.0,0.0,0.0
2025,16,625,QB,PHI,19.4,19.4,19.4
2025,16,650,RB,JAX,0.0,0.0,0.0
2025,16,666,RB,MIN,0.3,0.3,0.3
2025,16,667,TE,DET,2.0,3.5,5.0
2025,16,669,TE,JAX,0.5,1.0,1.5
2025,16,681,WR,CIN,0.1,0.1,0.1
2025,16,697,QB,TEN,18.02,18.02,18.02
2025,16,751,RB,NE,13.8,14.8,15.8
2025,16,764,WR,PHI,10.2,13.2,16.2
2025,16,769,TE,SF,0.0,0.0,0.0
2025,16,777,RB,ARI,6.5,6.5,6.5
2025,16,785,RB,PIT,18.8,21.3,23.8
2025,16,786,TE,PIT,2.0,4.0,6.0
2025,16,807,RB,DAL,4.3,5.3,6.3
2025,16,810,RB,JAX,12.6,14.6,16.6
2025,16,822,WR,BUF,0.2,0.7,1.2
2025,16,843,RB,IND,0.9,0.9,0.9
2025,16,855,WR,PHI,0.0,0.0,0.0
2025,16,869,QB,BUF,6.9,6.9,6.9
2025,16,875,TE,DET,4.0,6.0,8.0
2025,16,880,RB,KC,7.5,10.5,13.5
2025,16,885,WR,DAL,19.0,22.5,26.0
2025,16,889,WR,NO,1.8,2.8,3.8
2025,16,890,TE,MIA,4.6,6.1,7.6
2025,16,902,WR,MIN,0.0,0.0,0.0
2025,16,917,RB,ATL,7.3,7.8,8.3
2025,16,920,TE,IND,1.1,1.6,2.1
2025,16,986,TE,NYJ,3.4,5.9,8.4
2025,16,992,WR,SEA,3.1,3.1,3.1
2025,16,995,RB,LA,0.0,0.0,0.0
2025,16,999,WR,NYJ,0.4,0.9,1.4
2025,16,1004,RB,TEN,0.1,0.1,0.1
2025,16,1014,TE,IND,1.6,2.6,3.6
2025,16,1016,RB,LAC,1.4,1.4,1.4
2025,16,1029,WR,WAS,3.0,4.0,5.0
2025,16,1032,RB,SF,2.0,2.0,2.0
2025,16,1059,TE,NYJ,0.0,0.0,0.0
2025,16,1061,WR,PIT,0.8,1.3,1.8
2025,16,1063,RB,LA,8.5,10.0,11.5
2025,16,1068,TE,NYJ,1.4,2.4,3.4
2025,16,1094,TE,BAL,1.8,2.3,2.8
2025,16,1095,RB,SEA,22.4,23.9,25.4
2025,16,1106,QB,GB,13.24,13.24,13.24
2025,16,1107,RB,NYJ,6.3,7.3,8.3
2025,16,1110,RB,BUF,25.4,25.9,26.4
2025,16,1111,WR,LA,5.7,6.7,7.7
2025,16,1121,WR,KC,4.1,5.1,6.1
2025,16,1125,RB,NO,0.3,0.3,0.3
2025,16,1138,QB,PHI,-0.2,-0.2,-0.2
2025,16,1152,WR,KC,0.0,0.0,0.0
2025,16,1157,QB,CIN,0.16,0.16,0.16
2025,16,1164,RB,BAL,1.3,1.3,1.3
2025,16,1198,RB,PHI,9.7,9.7,9.7
2025,16,1205,WR,ARI,11.2,12.2,13.2
2025,16,1214,WR,NE,0.6,1.1,1.6
2025,16,1218,RB,WAS,12.9,13.4,13.9
2025,16,1221,WR,NE,1.6,2.1,2.6
2025,16,1224,WR,ARI,0.0,0.0,0.0
2025,16,1234,WR,HOU,0.4,0.9,1.4
2025,16,1242,RB,ARI,3.0,3.0,3.0
2025,16,1267,WR,BUF,2.1,2.6,3.1
2025,16,1270,RB,DAL,1.4,1.9,2.4
2025,16,1273,RB,DEN,3.7,3.7,3.7
2025,16,1282,TE,DEN,0.0,0.0,0.0
2025,16,1283,WR,CAR,0.0,0.0,0.0
2025,16,1285,QB,DAL,19.16,19.16,19.16
2025,16,1311,QB,CIN,28.96,28.96,28.96
2025,16,1328,RB,DET,0.0,0.0,0.0
2025,16,1335,WR,DEN,2.9,4.4,5.9
2025,16,1342,WR,IND,6.8,9.3,11.8
2025,16,1344,WR,MIN,2.6,3.6,4.6
2025,16,1352,TE,ARI,9.1,12.6,16.1
2025,16,1369,TE,LA,3.4,4.4,5.4
2025,16,1370,WR,LA,34.5,40.5,46.5
2025,16,1377,TE,GB,3.8,5.3,6.8
2025,16,1381,WR,BAL,16.2,19.7,23.2
2025,16,1382,TE,LV,1.0,1.5,2.0
2025,16,1439,RB,IND,0.4,0.9,1.4
2025,16,1459,WR,CAR,1.2,1.7,2.2
2025,16,1465,QB,DAL,1.14,1.14,1.14
2025,16,1473,RB,HOU,7.0,9.5,12.0
2025,16,1483,RB,NYG,7.8,8.8,9.8
2025,16,1502,WR,DAL,7.8,8.8,9.8
2025,16,1541,WR,TEN,5.8,7.3,8.8
2025,16,1567,WR,ARI,1.9,2.9,3.9
2025,16,1589,WR,NO,4.1,6.1,8.1
2025,16,1613,WR,CIN,2.1,2.6,3.1
2025,16,1614,TE,CIN,0.1,0.6,1.1
2025,16,1621,TE,TEN,0.0,0.0,0.0
2025,16,1663,RB,LA,12.1,12.6,13.1
2025,16,1666,QB,DEN,17.18,17.18,17.18
2025,16,1672,WR,LA,1.9,2.4,2.9
2025,16,1699,TE,SEA,11.0,13.0,15.0
2025,16,1708,WR,SF,13.1,15.6,18.1
2025,16,1726,WR,ARI,1.4,1.9,2.4
2025,16,1728,RB,MIA,11.3,11.8,12.3
2025,16,1730,QB,NE,23.7,23.7,23.7
2025,16,1742,WR,NYJ,4.3,5.8,7.3
2025,16,1743,QB,MIN,10.32,10.32,10.32
2025,16,1749,WR,JAX,1.8,2.8,3.8
2025,16,1760,QB,CHI,21.0,21.0,21.0
2025,16,1768,RB,BUF,3.4,4.4,5.4
2025,16,1792,QB,IND,17.08,17.08,17.08
2025,16,1813,TE,KC,0.0,0.0,0.0
2025,16,1833,WR,MIA,9.2,9.7,10.2
2025,16,1843,RB,KC,0.4,0.9,1.4
2025,16,1846,WR,NE,10.6,11.6,12.6
2025,16,1856,WR,HOU,1.7,2.2,2.7
2025,16,1860,TE,IND,3.0,4.5,6.0
2025,16,1865,WR,WAS,0.0,0.0,0.0
2025,16,1866,TE,CAR,2.3,3.8,5.3
2025,16,1869,RB,MIN,1.2,1.7,2.2
2025,16,1885,TE,LAC,0.7,1.2,1.7
2025,16,1889,WR,MIN,0.6,1.1,1.6
2025,16,1891,RB,MIA,-0.1,-0.1,-0.1
2025,16,1898,WR,CAR,2.5,2.5,2.5
2025,16,1908,RB,TEN,0.0,0.0,0.0
2025,16,1909,RB,JAX,1.0,1.0,1.0
2025,16,1921,RB,WAS,8.5,8.5,8.5
2025,16,1930,WR,MIA,3.2,4.2,5.2
2025,16,1934,RB,TB,6.0,7.0,8.0
2025,16,1970,TE,ATL,11.7,15.2,18.7
2025,16,1997,TE,SF,0.7,1.2,1.7
2025,16,2000,QB,NYJ,5.72,5.72,5.72
2025,16,2023,WR,MIN,0.0,0.0,0.0
2025,16,2028,WR,BUF,3.4,5.4,7.4
2025,16,2030,RB,CLE,4.6,5.1,5.6
2025,16,2035,TE,LV,0.0,0.0,0.0
2025,16,2060,QB,SEA,15.5,15.5,15.5
2025,16,2075,WR,LA,4.0,5.5,7.0
2025,16,2105,RB,LAC,15.5,16.0,16.5
2025,16,2113,TE,CLE,15.5,17.5,19.5
2025,16,2126,WR,GB,0.4,0.4,0.4
2025,16,2130,WR,DET,11.2,13.2,15.2
2025,16,2142,TE,LA,9.3,10.8,12.3
2025,16,2188,WR,CLE,2.0,2.0,2.0
2025,16,2221,WR,CLE,4.1,5.1,6.1
2025,16,2227,RB,DET,12.8,17.8,22.8
2025,16,2284,TE,NO,0.5,1.0,1.5
2025,16,2290,WR,GB,4.1,5.6,7.1
2025,16,2302,WR,ARI,0.0,0.0,0.0
2025,16,2400,TE,NO,0.4,0.9,1.4
2025,16,2497,WR,TB,0.0,0.0,0.0
2025,16,2515,RB,GB,0.4,0.4,0.4
2025,16,2518,QB,MIA,6.9,6.9,6.9
2025,16,2534,QB,LA,30.88,30.88,30.88
2025,16,2575,TE,MIN,0.2,0.7,1.2
2025,16,2580,RB,NE,1.2,1.7,2.2
2025,16,2606,RB,CHI,7.0,8.0,9.0
2025,16,2608,QB,LV,14.04,14.04,14.04
2025,16,2609,RB,ARI,3.2,3.2,3.2
2025,16,2614,RB,NYG,4.6,5.1,5.6
2025,16,2634,WR,LAC,10.3,12.3,14.3
2025,16,2724,RB,SEA,0.0,0.0,0.0
2025,16,2730,WR,CIN,10.9,15.4,19.9
2025,16,2756,WR,DET,7.0,9.5,12.0
2025,16,2757,WR,CLE,0.8,1.3,1.8
2025,16,2772,WR,GB,1.2,2.2,3.2
2025,16,2791,TE,CIN,9.5,11.0,12.5
2025,16,2794,WR,MIA,0.0,0.0,0.0
2025,16,2795,TE,SF,17.5,21.0,24.5
2025,16,2807,WR,LAC,4.4,6.9,9.4
2025,16,2821,RB,MIN,1.1,1.6,2.1
2025,16,2843,TE,CAR,0.6,1.1,1.6
2025,16,2849,TE,NYG,0.0,0.0,0.0
2025,16,2870,RB,CIN,0.7,0.7,0.7
2025,16,2883,RB,DEN,0.2,0.7,1.2
2025,16,2893,WR,DEN,0.9,1.4,1.9
2025,16,2919,RB,HOU,0.0,0.0,0.0
2025,16,2929,WR,SEA,3.9,5.4,6.9
2025,16,2945,RB,DEN,18.1,20.1,22.1
2025,16,2976,WR,CHI,0.0,0.0,0.0
2025,16,3004,TE,NO,13.32,15.32,17.32
2025,16,3024,RB,CAR,0.0,0.0,0.0
2025,16,3037,WR,NYG,0.0,0.0,0.0
2025,16,3056,RB,LV,0.0,0.0,0.0
2025,16,3070,RB,TEN,10.2,10.2,10.2
2025,16,3082,WR,TB,9.1,11.6,14.1
2025,16,3116,WR,LV,5.4,7.4,9.4
2025,16,3120,WR,NYJ,0.0,0.0,0.0
2025,16,3124,WR,BAL,0.0,0.0,0.0
2025,16,3127,TE,TB,1.5,2.5,3.5
2025,16,3133,TE,ARI,2.7,4.7,6.7
2025,16,3139,TE,NE,9.5,12.5,15.5
2025,16,3147,WR,WAS,0.0,0.0,0.0
2025,16,3149,WR,CLE,0.0,0.0,0.0
2025,16,3152,TE,CLE,0.0,0.0,0.0
2025,16,3166,TE,DAL,0.0,0.0,0.0
2025,16,3167,RB,CLE,5.1,7.6,10.1
2025,16,3189,RB,SF,26.6,29.6,32.6
2025,16,3196,RB,LAC,1.1,1.1,1.1
2025,16,3225,QB,JAX,31.16,31.16,31.16
2025,16,3226,QB,NYG,0.02,0.02,0.02
2025,16,3247,WR,SEA,15.6,19.6,23.6
2025,16,3251,RB,NYJ,6.0,8.0,10.0
2025,16,3253,WR,MIA,7.2,9.7,12.2
2025,16,3257,WR,CHI,8.1,9.1,10.1
2025,16,3258,WR,TEN,10.0,11.5,13.0
2025,16,3259,TE,DEN,3.6,4.6,5.6
2025,16,3262,TE,NYG,0.0,0.0,0.0
2025,16,3272,RB,CLE,5.5,7.5,9.5
2025,16,3279,TE,BUF,0.0,0.0,0.0
2025,16,3289,WR,DET,5.4,7.4,9.4
2025,16,3291,QB,KC,5.14,5.14,5.14
2025,16,3302,WR,BUF,0.0,0.0,0.0
2025,16,3319,WR,IND,0.0,0.0,0.0
2025,16,3364,RB,LV,30.8,31.3,31.8
2025,16,3365,WR,DAL,0.0,0.0,0.0
2025,16,3366,QB,IND,0.0,0.0,0.0
2025,16,3388,RB,NYJ,0.0,0.0,0.0
2025,16,3399,WR,HOU,0.0,0.0,0.0
2025,16,3428,TE,CIN,3.1,4.1,5.1
2025,16,3435,WR,PIT,0.0,0.0,0.0
2025,16,3442,QB,GB,3.78,3.78,3.78
2025,16,3446,RB,MIA,0.9,1.4,1.9
2025,16,3459,RB,TEN,16.5,19.0,21.5
2025,16,3480,RB,BAL,0.2,1.2,2.2
2025,16,3482,RB,CHI,9.3,10.8,12.3
2025,16,3507,TE,GB,0.0,0.0,0.0
2025,16,3541,QB,ATL,19.58,19.58,19.58
2025,16,3550,TE,DAL,1.9,3.4,4.9
2025,16,3593,TE,BAL,0.0,0.0,0.0
2025,16,3602,QB,CLE,11.18,11.18,11.18
2025,16,3604,TE,ATL,0.3,0.8,1.3
2025,16,3605,TE,TEN,0.9,1.9,2.9
2025,16,3606,WR,BAL,0.0,0.0,0.0
2025,16,3615,WR,NYJ,2.5,4.5,6.5
2025,16,3651,QB,LAC,30.2,30.2,30.2
2025,16,3659,WR,SF,2.7,4.2,5.7
2025,16,3684,QB,MIN,1.78,1.78,1.78
2025,16,3721,WR,BAL,0.0,0.0,0.0
2025,16,3782,WR,TB,1.6,2.6,3.6
2025,16,3790,WR,GB,14.4,16.9,19.4
2025,16,3796,WR,SEA,0.0,0.0,0.0
2025,16,3802,TE,JAX,9.9,12.4,14.9
2025,16,3803,QB,NO,17.12,17.12,17.12
2025,16,3843,WR,GB,1.7,2.7,3.7
2025,16,3844,QB,CLE,0.0,0.0,0.0
2025,16,3855,WR,LAC,5.4,7.4,9.4
2025,16,3862,RB,CIN,28.9,30.9,32.9
2025,16,3863,WR,GB,0.0,0.0,0.0
2025,16,3871,TE,CHI,3.0,4.5,6.0
2025,16,3874,WR,JAX,4.6,6.6,8.6
2025,16,3890,TE,NE,3.4,4.4,5.4
2025,16,3892,WR,MIN,8.5,11.5,14.5
2025,16,3917,WR,NYJ,0.7,1.2,1.7
2025,16,3925,TE,CAR,6.9,7.9,8.9
2025,16,3942,WR,TB,4.0,4.5,5.0
2025,16,3945,WR,LAC,16.4,18.4,20.4
2025,16,3965,QB,CAR,17.64,17.64,17.64
2025,16,3993,WR,NO,26.8,31.8,36.8
2025,16,4004,TE,PHI,0.0,0.0,0.0
2025,16,4021,WR,NYG,2.2,3.7,5.2
2025,16,4024,WR,TEN,2.4,3.4,4.4
2025,16,4048,RB,CAR,3.4,3.9,4.4
2025,16,4079,RB,DAL,2.3,2.3,2.3
2025,16,4094,TE,PIT,3.6,5.1,6.6
2025,16,4103,RB,PHI,0.3,0.8,1.3
2025,16,4152,RB,GB,8.2,8.2,8.2
2025,16,4158,QB,HOU,11.48,11.48,11.48
2025,16,4164,WR,IND,20.6,22.6,24.6
2025,16,4188,QB,WAS,3.7,3.7,3.7
2025,16,4192,TE,KC,0.6,1.1,1.6
2025,16,4196,WR,NYG,0.8,1.3,1.8
2025,16,4216,TE,DEN,1.4,2.4,3.4
2025,16,4222,TE,MIA,4.0,5.5,7.0
2025,16,4237,RB,MIA,15.0,16.5,18.0
2025,16,4247,TE,TEN,10.4,13.4,16.4
2025,16,4248,WR,LAC,1.0,1.5,2.0
2025,16,4255,WR,PIT,0.6,1.1,1.6
2025,16,4271,QB,SF,-0.3,-0.3,-0.3
2025,16,4305,WR,PHI,1.3,2.8,4.3
2025,16,4316,TE,BUF,2.6,3.6,4.6
2025,16,4354,TE,CIN,0.4,0.9,1.4
2025,16,4363,WR,CIN,0.0,0.0,0.0
2025,16,4368,TE,NO,8.9,12.9,16.9
2025,16,4369,WR,TB,-0.1,0.4,0.9
2025,16,4379,WR,PIT,4.2,6.2,8.2
2025,16,4388,TE,WAS,0.0,0.0,0.0
2025,16,4422,TE,HOU,0.7,1.7,2.7
2025,16,4474,WR,CIN,11.3,12.8,14.3
2025,16,4484,WR,BUF,0.0,0.0,0.0
2025,16,4485,TE,PHI,9.2,10.7,12.2
2025,16,4490,RB,TB,6.3,6.3,6.3
2025,16,4493,WR,HOU,5.9,7.9,9.9
2025,16,4502,WR,SF,2.3,2.8,3.3
2025,16,4529,WR,PIT,4.9,6.9,8.9
2025,16,4542,WR,DAL,2.7,3.7,4.7
2025,16,4551,WR,LV,4.3,5.3,6.3
2025,16,4561,QB,SF,30.9,30.9,30.9
2025,16,4571,WR,DEN,4.2,6.7,9.2
2025,16,4573,WR,CAR,13.3,16.3,19.3
2025,16,4581,WR,CAR,4.7,6.2,7.7
2025,16,4589,RB,PIT,27.1,28.1,29.1
2025,16,4602,RB,BUF,7.6,7.6,7.6
2025,16,4605,RB,KC,0.2,0.2,0.2
2025,16,4614,RB,GB,4.8,5.8,6.8
2025,16,4617,RB,SEA,11.4,13.4,15.4
2025,16,4642,RB,NO,3.6,5.1,6.6
2025,17,17,WR,DEN,1.7,3.7,5.7
2025,17,28,QB,PIT,7.32,7.32,7.32
2025,17,30,RB,SF,7.4,8.4,9.4
2025,17,53,WR,DET,0.0,0.0,0.0
2025,17,71,WR,NE,16.1,19.1,22.1
2025,17,93,WR,LV,6.9,7.9,8.9
2025,17,137,WR,SF,3.0,4.0,5.0
2025,17,142,WR,DET,0.5,1.0,1.5
2025,17,150,WR,ATL,0.0,0.0,0.0
2025,17,155,TE,JAX,0.0,0.0,0.0
2025,17,164,RB,MIN,12.3,13.8,15.3
2025,17,184,TE,SEA,0.0,0.0,0.0
2025,17,187,RB,CIN,7.3,7.8,8.3
2025,17,202,TE,PIT,2.7,5.2,7.7
2025,17,213,WR,TB,16.8,20.3,23.8
2025,17,217,RB,ATL,34.9,37.4,39.9
2025,17,218,WR,KC,1.6,3.1,4.6
2025,17,230,TE,LAC,1.9,2.9,3.9
2025,17,240,WR,WAS,0.0,0.0,0.0
2025,17,243,WR,JAX,11.0,15.0,19.0
2025,17,244,RB,WAS,1.0,2.5,4.0
2025,17,260,TE,HOU,1.9,3.4,4.9
2025,17,270,WR,DEN,4.0,6.0,8.0
2025,17,272,WR,MIA,0.8,1.3,1.8
2025,17,282,QB,WAS,8.92,8.92,8.92
2025,17,293,WR,JAX,0.0,0.0,0.0
2025,17,303,WR,DAL,4.6,7.1,9.6
2025,17,306,QB,DET,8.08,8.08,8.08
2025,17,311,QB,ARI,16.48,16.48,16.48
2025,17,313,RB,PHI,6.8,6.8,6.8
2025,17,315,RB,HOU,0.1,0.1,0.1
2025,17,323,WR,HOU,0.1,1.1,2.1
2025,17,324,TE,BAL,2.8,4.8,6.8
2025,17,325,WR,CHI,0.7,1.2,1.7
2025,17,327,QB,TB,19.44,19.44,19.44
2025,17,334,WR,IND,0.0,0.0,0.0
2025,17,337,RB,TB,3.3,5.8,8.3
2025,17,365,TE,MIN,0.8,1.3,1.8
2025,17,373,WR,CLE,5.4,7.9,10.4
2025,17,399,WR,PIT,2.5,4.0,5.5
2025,17,413,WR,ATL,3.7,5.2,6.7
2025,17,426,WR,LV,0.0,0.0,0.0
2025,17,429,WR,NO,5.3,6.8,8.3
2025,17,440,TE,CIN,0.0,0.0,0.0
2025,17,443,RB,CHI,0.0,0.0,0.0
2025,17,453,WR,KC,0.7,1.2,1.7
2025,17,468,WR,PHI,6.8,9.3,11.8
2025,17,471,WR,ATL,0.4,0.9,1.4
2025,17,473,WR,WAS,6.3,8.8,11.3
2025,17,480,WR,WAS,9.3,10.3,11.3
2025,17,482,RB,DET,4.0,5.0,6.0
2025,17,487,TE,BUF,3.0,5.5,8.0
2025,17,499,WR,BAL,0.0,0.0,0.0
2025,17,508,QB,BAL,14.28,14.28,14.28
2025,17,529,TE,WAS,2.9,4.4,5.9
2025,17,536,RB,CAR,6.3,7.8,9.3
2025,17,540,WR,TEN,3.4,3.9,4.4
2025,17,543,WR,TEN,0.5,1.0,1.5
2025,17,547,RB,IND,14.4,15.9,17.4
2025,17,557,TE,LA,5.3,8.3,11.3
2025,17,560,RB,BAL,45.6,45.6,45.6
2025,17,561,WR,IND,1.6,2.6,3.6
2025,17,567,TE,CHI,1.6,2.6,3.6
2025,17,600,WR,ATL,3.5,4.5,5.5
2025,17,612,TE,ARI,0.0,0.0,0.0
2025,17,625,QB,PHI,8.9,8.9,8.9
2025,17,640,WR,ATL,0.0,0.0,0.0
2025,17,650,RB,JAX,2.1,2.1,2.1
2025,17,651,RB,SEA,0.0,0.0,0.0
2025,17,666,RB,MIN,0.0,0.0,0.0
2025,17,669,TE,JAX,0.0,0.0,0.0
2025,17,681,WR,CIN,0.5,1.0,1.5
2025,17,697,QB,TEN,19.04,19.04,19.04
2025,17,727,RB,LAC,0.1,0.1,0.1
2025,17,748,WR,LA,0.0,0.0,0.0
2025,17,751,RB,NE,22.2,24.7,27.2
2025,17,764,WR,PHI,2.5,3.5,4.5
2025,17,777,RB,ARI,4.3,5.3,6.3
2025,17,785,RB,PIT,3.8,5.3,6.8
2025,17,786,TE,PIT,6.3,7.8,9.3
2025,17,807,RB,DAL,11.4,11.4,11.4
2025,17,810,RB,JAX,9.2,10.2,11.2
2025,17,822,WR,BUF,1.2,1.7,2.2
2025,17,830,WR,DEN,1.4,2.4,3.4
2025,17,855,WR,PHI,0.0,0.0,0.0
2025,17,869,QB,BUF,25.18,25.18,25.18
2025,17,875,TE,DET,0.0,0.0,0.0
2025,17,880,RB,KC,3.2,3.2,3.2
2025,17,885,WR,DAL,7.8,9.8,11.8
2025,17,889,WR,NO,11.2,13.2,15.2
2025,17,890,TE,MIA,11.1,13.6,16.1
2025,17,900,TE,ATL,0.0,0.0,0.0
2025,17,902,WR,MIN,0.0,0.0,0.0
2025,17,913,RB,MIN,2.4,2.4,2.4
2025,17,914,RB,PIT,2.6,2.6,2.6
2025,17,917,RB,ATL,2.3,2.3,2.3
2025,17,959,RB,DEN,0.3,0.3,0.3
2025,17,986,TE,NYJ,1.8,2.8,3.8
2025,17,992,WR,SEA,0.8,1.3,1.8
2025,17,995,RB,LA,0.5,0.5,0.5
2025,17,999,WR,NYJ,4.1,5.6,7.1
2025,17,1004,RB,TEN,0.0,0.0,0.0
2025,17,1014,TE,IND,8.0,9.5,11.0
2025,17,1016,RB,LAC,0.0,0.0,0.0
2025,17,1029,WR,WAS,1.1,1.6,2.1
2025,17,1032,RB,SF,2.8,3.3,3.8
2025,17,1041,RB,LV,0.2,0.2,0.2
2025,17,1059,TE,NYJ,0.4,0.9,1.4
2025,17,1063,RB,LA,13.0,14.5,16.0
2025,17,1068,TE,NYJ,0.2,0.7,1.2
2025,17,1079,TE,NYG,1.1,2.1,3.1
2025,17,1094,TE,BAL,0.0,0.0,0.0
2025,17,1095,RB,SEA,5.7,6.7,7.7
2025,17,1106,QB,GB,33.52,33.52,33.52
2025,17,1107,RB,NYJ,18.9,19.9,20.9
2025,17,1110,RB,BUF,7.7,8.2,8.7
2025,17,1111,WR,LA,6.7,8.7,10.7
2025,17,1121,WR,KC,0.1,0.1,0.1
2025,17,1125,RB,NO,0.3,0.3,0.3
2025,17,1141,TE,IND,1.6,2.1,2.6
2025,17,1157,QB,CIN,1.16,1.16,1.16
2025,17,1164,RB,BAL,3.8,4.8,5.8
2025,17,1179,TE,DAL,1.5,2.5,3.5
2025,17,1186,TE,GB,0.8,1.3,1.8
2025,17,1198,RB,PHI,0.9,1.4,1.9
2025,17,1205,WR,ARI,14.9,17.4,19.9
2025,17,1214,WR,NE,1.0,1.5,2.0
2025,17,1234,WR,HOU,2.9,3.9,4.9
2025,17,1242,RB,ARI,2.0,3.0,4.0
2025,17,1245,TE,MIA,1.6,2.1,2.6
2025,17,1264,WR,SEA,0.0,0.0,0.0
2025,17,1267,WR,BUF,3.6,4.6,5.6
2025,17,1270,RB,DAL,4.4,4.9,5.4
2025,17,1273,RB,DEN,4.0,4.0,4.0
2025,17,1283,WR,CAR,0.0,0.0,0.0
2025,17,1285,QB,DAL,22.68,22.68,22.68
2025,17,1311,QB,CIN,20.4,20.4,20.4
2025,17,1335,WR,DEN,1.0,2.5,4.0
2025,17,1342,WR,IND,3.4,4.4,5.4
2025,17,1344,WR,MIN,12.5,12.5,12.5
2025,17,1352,TE,ARI,0.0,0.0,0.0
2025,17,1370,WR,LA,10.7,13.2,15.7
2025,17,1381,WR,BAL,9.0,11.0,13.0
2025,17,1382,TE,LV,8.9,13.4,17.9
2025,17,1439,RB,IND,0.4,0.9,1.4
2025,17,1459,WR,CAR,0.3,0.8,1.3
2025,17,1469,RB,DET,0.0,0.0,0.0
2025,17,1473,RB,HOU,3.6,3.6,3.6
2025,17,1483,RB,NYG,5.7,6.2,6.7
2025,17,1485,QB,NE,1.1,1.1,1.1
2025,17,1541,WR,TEN,9.7,11.7,13.7
2025,17,1567,WR,ARI,2.4,3.4,4.4
2025,17,1613,WR,CIN,4.1,6.1,8.1
2025,17,1621,TE,TEN,0.9,1.4,1.9
2025,17,1663,RB,LA,1.8,1.8,1.8
2025,17,1666,QB,DEN,19.48,19.48,19.48
2025,17,1672,WR,LA,0.0,0.0,0.0
2025,17,1699,TE,SEA,10.3,11.8,13.3
2025,17,1708,WR,SF,10.2,11.2,12.2
2025,17,1726,WR,ARI,0.0,0.0,0.0
2025,17,1728,RB,MIA,5.6,5.6,5.6
2025,17,1730,QB,NE,32.44,32.44,32.44
2025,17,1742,WR,NYJ,2.2,3.7,5.2
2025,17,1749,WR,JAX,3.9,5.9,7.9
2025,17,1760,QB,CHI,23.0,23.0,23.0
2025,17,1768,RB,BUF,1.6,2.1,2.6
2025,17,1792,QB,IND,7.78,7.78,7.78
2025,17,1813,TE,KC,0.2,0.7,1.2
2025,17,1833,WR,MIA,0.5,1.0,1.5
2025,17,1843,RB,KC,6.5,8.0,9.5
2025,17,1846,WR,NE,2.0,3.5,5.0
2025,17,1856,WR,HOU,14.8,15.8,16.8
2025,17,1860,TE,IND,4.3,6.8,9.3
2025,17,1866,TE,CAR,0.6,1.1,1.6
2025,17,1869,RB,MIN,0.0,0.0,0.0
2025,17,1885,TE,LAC,9.2,10.7,12.2
2025,17,1891,RB,MIA,0.0,0.0,0.0
2025,17,1898,WR,CAR,0.9,1.9,2.9
2025,17,1908,RB,TEN,0.4,0.4,0.4
2025,17,1909,RB,JAX,0.3,0.3,0.3
2025,17,1921,RB,WAS,22.5,22.5,22.5
2025,17,1930,WR,MIA,12.3,12.8,13.3
2025,17,1934,RB,TB,1.7,2.7,3.7
2025,17,1945,TE,CLE,0.0,0.0,0.0
2025,17,1970,TE,ATL,1.6,2.6,3.6
2025,17,1997,TE,SF,12.0,15.5,19.0
2025,17,2000,QB,NYJ,4.18,4.18,4.18
2025,17,2023,WR,MIN,0.0,0.0,0.0
2025,17,2028,WR,BUF,3.5,6.5,9.5
2025,17,2030,RB,CLE,3.1,3.6,4.1
2025,17,2048,TE,BUF,0.0,0.0,0.0
2025,17,2057,WR,NE,10.0,11.0,12.0
2025,17,2060,QB,SEA,8.08,8.08,8.08
2025,17,2070,WR,LV,1.2,2.2,3.2
2025,17,2075,WR,LA,1.0,2.0,3.0
2025,17,2105,RB,LAC,12.0,16.0,20.0
2025,17,2113,TE,CLE,9.0,10.0,11.0
2025,17,2126,WR,GB,1.2,1.7,2.2
2025,17,2130,WR,DET,10.9,12.4,13.9
2025,17,2140,WR,CHI,19.8,23.8,27.8
2025,17,2142,TE,LA,11.4,12.4,13.4
2025,17,2188,WR,CLE,1.6,2.1,2.6
2025,17,2221,WR,CLE,0.4,0.9,1.4
2025,17,2227,RB,DET,6.4,7.4,8.4
2025,17,2290,WR,GB,4.1,6.1,8.1
2025,17,2302,WR,ARI,0.0,0.0,0.0
2025,17,2497,WR,TB,0.0,0.0,0.0
2025,17,2515,RB,GB,1.1,1.6,2.1
2025,17,2518,QB,MIA,14.78,15.28,15.78
2025,17,2534,QB,LA,12.76,12.76,12.76
2025,17,2580,RB,NE,8.2,8.2,8.2
2025,17,2606,RB,CHI,19.9,20.9,21.9
2025,17,2608,QB,LV,7.14,7.14,7.14
2025,17,2609,RB,ARI,0.2,0.2,0.2
2025,17,2614,RB,NYG,13.0,15.0,17.0
2025,17,2634,WR,LAC,3.1,3.6,4.1
2025,17,2720,TE,MIN,0.3,0.8,1.3
2025,17,2730,WR,CIN,18.0,21.5,25.0
2025,17,2756,WR,DET,3.7,4.7,5.7
2025,17,2757,WR,CLE,4.2,4.7,5.2
2025,17,2772,WR,GB,0.7,1.2,1.7
2025,17,2791,TE,CIN,4.7,5.7,6.7
2025,17,2797,TE,NO,1.0,2.0,3.0
2025,17,2803,RB,BAL,0.0,0.0,0.0
2025,17,2807,WR,LAC,1.7,2.2,2.7
2025,17,2843,TE,CAR,0.6,1.1,1.6
2025,17,2870,RB,CIN,1.9,2.4,2.9
2025,17,2883,RB,DEN,0.0,0.0,0.0
2025,17,2893,WR,DEN,2.3,3.3,4.3
2025,17,2901,RB,HOU,7.5,8.0,8.5
2025,17,2929,WR,SEA,0.6,1.1,1.6
2025,17,2945,RB,DEN,13.6,16.1,18.6
2025,17,2972,RB,NE,0.5,0.5,0.5
2025,17,2976,WR,CHI,0.0,0.0,0.0
2025,17,3004,TE,NO,0.0,0.0,0.0
2025,17,3015,RB,BUF,0.0,0.0,0.0
2025,17,3024,RB,CAR,0.0,0.0,0.0
2025,17,3037,WR,NYG,1.9,2.4,2.9
2025,17,3056,RB,LV,0.0,0.0,0.0
2025,17,3070,RB,TEN,9.5,10.5,11.5
2025,17,3082,WR,TB,9.1,10.6,12.1
2025,17,3095,QB,GB,-1.68,-1.68,-1.68
2025,17,3116,WR,LV,4.9,7.4,9.9
2025,17,3120,WR,NYJ,0.5,1.0,1.5
2025,17,3127,TE,TB,3.3,5.3,7.3
2025,17,3133,TE,ARI,13.6,18.6,23.6
2025,17,3139,TE,NE,10.9,12.4,13.9
2025,17,3147,WR,WAS,1.5,2.0,2.5
2025,17,3149,WR,CLE,0.0,0.0,0.0
2025,17,3152,TE,CLE,1.9,2.4,2.9
2025,17,3166,TE,DAL,3.1,3.6,4.1
2025,17,3182,TE,DET,0.0,0.0,0.0
2025,17,3189,RB,SF,24.1,26.1,28.1
2025,17,3222,RB,NYJ,0.5,0.5,0.5
2025,17,3225,QB,JAX,23.12,23.12,23.12
2025,17,3226,QB,NYG,25.08,25.08,25.08
2025,17,3247,WR,SEA,7.2,11.7,16.2
2025,17,3251,RB,NYJ,2.0,2.5,3.0
2025,17,3253,WR,MIA,0.7,0.7,0.7
2025,17,3257,WR,CHI,3.0,4.0,5.0
2025,17,3258,WR,TEN,6.2,8.2,10.2
2025,17,3259,TE,DEN,2.1,4.1,6.1
2025,17,3265,WR,LV,2.0,3.0,4.0
2025,17,3272,RB,CLE,1.0,1.0,1.0
2025,17,3289,WR,DET,6.8,10.8,14.8
2025,17,3291,QB,KC,7.74,7.74,7.74
2025,17,3292,WR,ATL,0.0,0.0,0.0
2025,17,3302,WR,BUF,10.1,12.1,14.1
2025,17,3363,WR,NYG,0.8,1.3,1.8
2025,17,3364,RB,LV,7.3,8.3,9.3
2025,17,3365,WR,DAL,0.0,0.0,0.0
2025,17,3366,QB,IND,-2.0,-2.0,-2.0
2025,17,3388,RB,NYJ,3.1,3.1,3.1
2025,17,3399,WR,HOU,11.6,13.1,14.6
2025,17,3415,TE,CLE,1.1,2.1,3.1
2025,17,3420,WR,BUF,0.0,0.0,0.0
2025,17,3428,TE,CIN,0.8,1.3,1.8
2025,17,3459,RB,TEN,0.1,0.6,1.1
2025,17,3480,RB,BAL,0.8,1.8,2.8
2025,17,3482,RB,CHI,4.7,6.2,7.7
2025,17,3541,QB,ATL,9.14,9.14,9.14
2025,17,3550,TE,DAL,6.6,7.1,7.6
2025,17,3561,WR,PHI,0.4,0.9,1.4
2025,17,3580,RB,CLE,2.7,4.2,5.7
2025,17,3593,TE,BAL,2.7,4.2,5.7
2025,17,3602,QB,CLE,9.44,9.44,9.44
2025,17,3604,TE,ATL,0.0,0.0,0.0
2025,17,3605,TE,TEN,0.1,0.6,1.1
2025,17,3606,WR,BAL,0.7,1.2,1.7
2025,17,3615,WR,NYJ,3.5,5.5,7.5
2025,17,3620,TE,PHI,0.3,0.8,1.3
2025,17,3648,WR,DAL,3.1,5.1,7.1
2025,17,3651,QB,LAC,15.14,15.14,15.14
2025,17,3659,WR,SF,2.5,3.0,3.5
2025,17,3684,QB,MIN,3.64,3.64,3.64
2025,17,3721,WR,BAL,0.0,0.0,0.0
2025,17,3782,WR,TB,11.4,14.9,18.4
2025,17,3790,WR,GB,6.2,7.7,9.2
2025,17,3796,WR,SEA,0.0,0.0,0.0
2025,17,3802,TE,JAX,5.4,6.9,8.4
2025,17,3803,QB,NO,21.92,21.92,21.92
2025,17,3843,WR,GB,17.3,19.8,22.3
2025,17,3855,WR,LAC,1.5,2.0,2.5
2025,17,3862,RB,CIN,26.1,27.6,29.1
2025,17,3863,WR,GB,3.4,3.9,4.4
2025,17,3871,TE,CHI,15.4,18.4,21.4
2025,17,3874,WR,JAX,3.9,6.9,9.9
2025,17,3890,TE,NE,7.1,8.1,9.1
2025,17,3892,WR,MIN,3.0,5.0,7.0
2025,17,3917,WR,NYJ,0.3,0.8,1.3
2025,17,3934,WR,SF,8.5,11.0,13.5
2025,17,3939,TE,CHI,1.1,1.6,2.1
2025,17,3942,WR,TB,2.0,3.5,5.0
2025,17,3945,WR,LAC,9.8,12.3,14.8
2025,17,3965,QB,CAR,8.86,8.86,8.86
2025,17,3968,WR,NO,0.0,0.0,0.0
2025,17,3993,WR,NO,17.9,21.9,25.9
2025,17,4004,TE,PHI,0.0,0.0,0.0
2025,17,4021,WR,NYG,11.3,16.8,22.3
2025,17,4024,WR,TEN,4.6,6.1,7.6
2025,17,4048,RB,CAR,1.8,3.3,4.8
2025,17,4079,RB,DAL,10.3,10.3,10.3
2025,17,4089,TE,SF,0.0,0.0,0.0
2025,17,4092,QB,LV,0.64,0.64,0.64
2025,17,4094,TE,PIT,1.5,2.5,3.5
2025,17,4103,RB,PHI,0.2,0.2,0.2
2025,17,4106,WR,IND,0.0,0.0,0.0
2025,17,4152,RB,GB,2.4,2.9,3.4
2025,17,4158,QB,HOU,13.76,13.76,13.76
2025,17,4164,WR,IND,0.0,0.0,0.0
2025,17,4192,TE,KC,3.6,6.1,8.6
2025,17,4196,WR,NYG,3.6,4.6,5.6
2025,17,4216,TE,DEN,2.4,3.4,4.4
2025,17,4222,TE,MIA,0.0,0.5,1.0
2025,17,4237,RB,MIA,11.2,12.7,14.2
2025,17,4247,TE,TEN,11.5,13.0,14.5
2025,17,4248,WR,LAC,0.0,0.0,0.0
2025,17,4255,WR,PIT,2.1,3.6,5.1
2025,17,4305,WR,PHI,0.0,0.0,0.0
2025,17,4354,TE,CIN,3.1,4.1,5.1
2025,17,4368,TE,NO,9.5,11.5,13.5
2025,17,4369,WR,TB,1.9,2.9,3.9
2025,17,4413,RB,WAS,0.0,0.0,0.0
2025,17,4474,WR,CIN,5.9,7.9,9.9
2025,17,4485,TE,PHI,6.8,8.3,9.8
2025,17,4490,RB,TB,0.8,0.8,0.8
2025,17,4493,WR,HOU,5.7,7.2,8.7
2025,17,4502,WR,SF,1.0,1.0,1.0
2025,17,4529,WR,PIT,1.4,2.4,3.4
2025,17,4542,WR,DAL,14.6,15.1,15.6
2025,17,4561,QB,SF,36.92,36.92,36.92
2025,17,4573,WR,CAR,0.5,1.0,1.5
2025,17,4581,WR,CAR,1.6,2.6,3.6
2025,17,4589,RB,PIT,6.4,6.4,6.4
2025,17,4602,RB,BUF,4.8,6.3,7.8
2025,17,4605,RB,KC,3.8,3.8,3.8
2025,17,4614,RB,GB,0.3,0.8,1.3
2025,17,4617,RB,SEA,24.2,25.2,26.2
2025,17,4642,RB,NO,15.8,16.3,16.8
2025,18,17,WR,DEN,0.0,0.0,0.0
2025,18,28,QB,PIT,17.76,17.76,17.76
2025,18,30,RB,SF,0.5,1.0,1.5
2025,18,53,WR,DET,0.0,0.0,0.0
2025,18,71,WR,NE,4.3,5.8,7.3
2025,18,93,WR,LV,0.5,1.0,1.5
2025,18,137,WR,SF,2.4,3.9,5.4
2025,18,142,WR,DET,5.2,6.7,8.2
2025,18,150,WR,ATL,0.0,0.0,0.0
2025,18,155,TE,JAX,1.6,2.1,2.6
2025,18,168,TE,LA,15.1,17.6,20.1
2025,18,184,TE,SEA,1.0,2.0,3.0
2025,18,187,RB,CIN,5.2,6.7,8.2
2025,18,193,TE,ARI,0.0,0.0,0.0
2025,18,202,TE,PIT,0.4,0.9,1.4
2025,18,213,WR,TB,0.8,1.3,1.8
2025,18,216,TE,LAC,0.6,1.1,1.6
2025,18,217,RB,ATL,4.3,5.8,7.3
2025,18,218,WR,KC,1.3,2.3,3.3
2025,18,230,TE,LAC,0.6,1.1,1.6
2025,18,240,WR,WAS,0.0,0.0,0.0
2025,18,243,WR,JAX,14.7,17.2,19.7
2025,18,244,RB,WAS,1.1,1.6,2.1
2025,18,258,RB,HOU,0.9,1.4,1.9
2025,18,260,TE,HOU,7.3,9.3,11.3
2025,18,270,WR,DEN,0.5,1.0,1.5
2025,18,272,WR,MIA,0.0,0.0,0.0
2025,18,278,QB,KC,3.92,3.92,3.92
2025,18,282,QB,WAS,17.74,17.74,17.74
2025,18,293,WR,JAX,0.4,0.9,1.4
2025,18,303,WR,DAL,0.4,0.9,1.4
2025,18,306,QB,DET,15.24,15.24,15.24
2025,18,311,QB,ARI,17.62,17.62,17.62
2025,18,319,RB,JAX,8.3,8.3,8.3
2025,18,323,WR,HOU,-0.3,0.2,0.7
2025,18,324,TE,BAL,1.4,2.4,3.4
2025,18,325,WR,CHI,1.1,1.6,2.1
2025,18,327,QB,TB,13.22,13.22,13.22
2025,18,334,WR,IND,0.0,0.0,0.0
2025,18,337,RB,TB,9.8,10.3,10.8
2025,18,365,TE,MIN,2.9,3.9,4.9
2025,18,373,WR,CLE,2.2,3.2,4.2
2025,18,399,WR,PIT,0.9,1.9,2.9
2025,18,413,WR,ATL,1.1,1.6,2.1
2025,18,426,WR,LV,0.0,0.0,0.0
2025,18,429,WR,NO,6.0,8.5,11.0
2025,18,440,TE,CIN,0.5,1.0,1.5
2025,18,443,RB,CHI,0.0,0.0,0.0
2025,18,453,WR,KC,6.4,7.9,9.4
2025,18,471,WR,ATL,13.8,15.8,17.8
2025,18,473,WR,WAS,5.7,7.7,9.7
2025,18,480,WR,WAS,2.1,3.1,4.1
2025,18,482,RB,DET,5.5,6.0,6.5
2025,18,487,TE,BUF,8.4,9.4,10.4
2025,18,499,WR,BAL,0.0,0.0,0.0
2025,18,506,QB,BAL,20.42,20.42,20.42
2025,18,529,TE,WAS,0.3,1.3,2.3
2025,18,536,RB,CAR,3.0,4.0,5.0
2025,18,540,WR,TEN,0.0,0.0,0.0
2025,18,543,WR,TEN,0.5,1.0,1.5
2025,18,547,RB,IND,3.9,4.9,5.9
2025,18,557,TE,LA,15.6,17.6,19.6
2025,18,560,RB,BAL,12.6,12.6,12.6
2025,18,561,WR,IND,1.1,2.1,3.1
2025,18,567,TE,CHI,1.6,2.6,3.6
2025,18,580,RB,PHI,0.3,0.8,1.3
2025,18,600,WR,ATL,2.0,3.5,5.0
2025,18,612,TE,ARI,7.5,8.5,9.5
2025,18,650,RB,JAX,0.0,0.0,0.0
2025,18,651,RB,SEA,0.0,0.0,0.0
2025,18,666,RB,MIN,6.7,7.2,7.7
2025,18,669,TE,JAX,6.5,7.0,7.5
2025,18,681,WR,CIN,0.9,0.9,0.9
2025,18,697,QB,TEN,9.18,9.18,9.18
2025,18,727,RB,LAC,3.7,5.2,6.7
2025,18,748,WR,LA,1.9,2.4,2.9
2025,18,751,RB,NE,33.3,34.3,35.3
2025,18,764,WR,PHI,5.2,6.7,8.2
2025,18,777,RB,ARI,3.9,5.4,6.9
2025,18,785,RB,PIT,13.4,17.4,21.4
2025,18,786,TE,PIT,5.1,6.6,8.1
2025,18,810,RB,JAX,3.8,4.3,4.8
2025,18,822,WR,BUF,0.1,0.6,1.1
2025,18,836,TE,CHI,0.0,0.0,0.0
2025,18,843,RB,IND,0.3,0.3,0.3
2025,18,855,WR,PHI,2.0,3.0,4.0
2025,18,875,TE,DET,0.2,1.2,2.2
2025,18,885,WR,DAL,0.9,1.4,1.9
2025,18,889,WR,NO,3.7,5.7,7.7
2025,18,890,TE,MIA,3.1,4.6,6.1
2025,18,902,WR,MIN,4.9,6.4,7.9
2025,18,913,RB,MIN,3.4,4.9,6.4
2025,18,914,RB,PIT,6.5,7.0,7.5
2025,18,917,RB,ATL,1.9,2.4,2.9
2025,18,959,RB,DEN,0.0,0.0,0.0
2025,18,992,WR,SEA,0.2,0.7,1.2
2025,18,995,RB,LA,0.0,0.0,0.0
2025,18,999,WR,NYJ,2.0,3.5,5.0
2025,18,1004,RB,TEN,0.0,0.0,0.0
2025,18,1014,TE,IND,2.2,3.7,5.2
2025,18,1016,RB,LAC,0.3,0.3,0.3
2025,18,1029,WR,WAS,1.2,2.2,3.2
2025,18,1032,RB,SF,0.9,0.9,0.9
2025,18,1041,RB,LV,1.0,1.5,2.0
2025,18,1061,WR,PIT,11.5,13.0,14.5
2025,18,1063,RB,LA,8.1,9.6,11.1
2025,18,1079,TE,NYG,9.8,10.8,11.8
2025,18,1095,RB,SEA,13.3,15.3,17.3
2025,18,1110,RB,BUF,1.5,1.5,1.5
2025,18,1111,WR,LA,0.6,1.1,1.6
2025,18,1125,RB,NO,1.1,1.1,1.1
2025,18,1138,QB,PHI,11.94,11.94,11.94
2025,18,1157,QB,CIN,0.2,0.2,0.2
2025,18,1164,RB,BAL,0.2,0.2,0.2
2025,18,1179,TE,DAL,1.2,1.7,2.2
2025,18,1186,TE,GB,0.4,0.9,1.4
2025,18,1198,RB,PHI,16.6,17.1,17.6
2025,18,1205,WR,ARI,15.9,18.4,20.9
2025,18,1214,WR,NE,2.9,3.9,4.9
2025,18,1218,RB,WAS,14.3,14.8,15.3
2025,18,1221,WR,NE,2.4,3.4,4.4
2025,18,1224,WR,ARI,0.0,0.0,0.0
2025,18,1234,WR,HOU,8.4,10.9,13.4
2025,18,1242,RB,ARI,5.7,6.2,6.7
2025,18,1245,TE,MIA,0.8,1.3,1.8
2025,18,1270,RB,DAL,1.6,2.1,2.6
2025,18,1273,RB,DEN,5.8,6.3,6.8
2025,18,1283,WR,CAR,2.7,3.7,4.7
2025,18,1285,QB,DAL,2.7,2.7,2.7
2025,18,1311,QB,CIN,21.14,21.14,21.14
2025,18,1335,WR,DEN,1.0,2.0,3.0
2025,18,1342,WR,IND,5.6,7.6,9.6
2025,18,1344,WR,MIN,0.8,1.3,1.8
2025,18,1352,TE,ARI,2.8,4.3,5.8
2025,18,1369,TE,LA,0.0,0.0,0.0
2025,18,1370,WR,LA,16.0,21.0,26.0
2025,18,1381,WR,BAL,25.8,27.8,29.8
2025,18,1382,TE,LV,4.7,6.2,7.7
2025,18,1417,TE,ATL,0.0,0.0,0.0
2025,18,1439,RB,IND,2.5,3.5,4.5
2025,18,1459,WR,CAR,2.2,3.7,5.2
2025,18,1465,QB,DAL,5.22,5.22,5.22
2025,18,1469,RB,DET,0.0,0.0,0.0
2025,18,1473,RB,HOU,0.3,0.3,0.3
2025,18,1483,RB,NYG,21.9,25.9,29.9
2025,18,1485,QB,NE,0.92,0.92,0.92
2025,18,1502,WR,DAL,6.8,9.3,11.8
2025,18,1541,WR,TEN,5.0,6.5,8.0
2025,18,1613,WR,CIN,1.0,2.0,3.0
2025,18,1621,TE,TEN,1.4,1.9,2.4
2025,18,1650,WR,MIN,0.0,0.0,0.0
2025,18,1663,RB,LA,6.9,7.4,7.9
2025,18,1666,QB,DEN,10.54,10.54,10.54
2025,18,1672,WR,LA,0.0,0.0,0.0
2025,18,1699,TE,SEA,1.4,2.4,3.4
2025,18,1708,WR,SF,3.5,5.5,7.5
2025,18,1728,RB,MIA,4.0,5.0,6.0
2025,18,1730,QB,NE,15.74,15.74,15.74
2025,18,1736,TE,KC,0.0,0.0,0.0
2025,18,1742,WR,NYJ,0.0,0.0,0.0
2025,18,1743,QB,MIN,7.98,7.98,7.98
2025,18,1749,WR,JAX,4.9,6.4,7.9
2025,18,1757,WR,MIA,2.6,3.6,4.6
2025,18,1760,QB,CHI,14.58,14.58,14.58
2025,18,1768,RB,BUF,23.4,24.4,25.4
2025,18,1813,TE,KC,3.0,4.5,6.0
2025,18,1821,RB,DAL,8.9,9.9,10.9
2025,18,1833,WR,MIA,8.8,10.3,11.8
2025,18,1843,RB,KC,5.8,6.8,7.8
2025,18,1846,WR,NE,0.5,0.5,0.5
2025,18,1856,WR,HOU,8.3,9.3,10.3
2025,18,1860,TE,IND,2.6,5.1,7.6
2025,18,1866,TE,CAR,0.5,1.0,1.5
2025,18,1869,RB,MIN,1.7,2.2,2.7
2025,18,1873,WR,LAC,0.7,1.2,1.7
2025,18,1885,TE,LAC,2.3,3.3,4.3
2025,18,1889,WR,MIN,0.0,0.0,0.0
2025,18,1891,RB,MIA,1.1,1.6,2.1
2025,18,1898,WR,CAR,1.5,2.0,2.5
2025,18,1905,QB,LV,4.78,4.78,4.78
2025,18,1915,QB,LAC,10.34,10.34,10.34
2025,18,1921,RB,WAS,2.9,2.9,2.9
2025,18,1922,QB,HOU,2.64,2.64,2.64
2025,18,1930,WR,MIA,4.4,5.9,7.4
2025,18,1934,RB,TB,4.1,5.1,6.1
2025,18,1945,TE,CLE,0.0,0.0,0.0
2025,18,1970,TE,ATL,5.8,8.8,11.8
2025,18,1984,WR,NYJ,1.0,1.5,2.0
2025,18,1991,WR,NYG,0.0,0.0,0.0
2025,18,2000,QB,NYJ,7.1,7.1,7.1
2025,18,2030,RB,CLE,3.3,3.8,4.3
2025,18,2040,RB,DAL,12.4,12.4,12.4
2025,18,2048,TE,BUF,3.1,4.6,6.1
2025,18,2057,WR,NE,3.5,4.0,4.5
2025,18,2060,QB,SEA,8.82,8.82,8.82
2025,18,2070,WR,LV,0.0,0.0,0.0
2025,18,2075,WR,LA,0.0,0.0,0.0
2025,18,2126,WR,GB,0.8,1.3,1.8
2025,18,2130,WR,DET,1.8,2.3,2.8
2025,18,2140,WR,CHI,4.5,6.0,7.5
2025,18,2188,WR,CLE,1.7,2.2,2.7
2025,18,2195,TE,TB,0.0,0.0,0.0
2025,18,2221,WR,CLE,3.8,4.8,5.8
2025,18,2227,RB,DET,17.3,18.8,20.3
2025,18,2302,WR,ARI,0.0,0.0,0.0
2025,18,2497,WR,TB,0.0,0.0,0.0
2025,18,2515,RB,GB,6.1,6.1,6.1
2025,18,2518,QB,MIA,8.38,8.38,8.38
2025,18,2534,QB,LA,26.66,26.66,26.66
2025,18,2580,RB,NE,17.3,17.3,17.3
2025,18,2606,RB,CHI,4.8,5.3,5.8
2025,18,2609,RB,ARI,2.8,3.8,4.8
2025,18,2614,RB,NYG,8.6,8.6,8.6
2025,18,2625,QB,MIA,0.0,0.0,0.0
2025,18,2700,WR,MIA,0.0,0.0,0.0
2025,18,2720,TE,MIN,1.8,2.3,2.8
2025,18,2730,WR,CIN,15.6,19.6,23.6
2025,18,2756,WR,DET,7.4,10.4,13.4
2025,18,2757,WR,CLE,2.3,2.8,3.3
2025,18,2785,RB,NO,0.0,0.0,0.0
2025,18,2791,TE,CIN,1.3,2.3,3.3
2025,18,2795,TE,SF,2.9,5.4,7.9
2025,18,2803,RB,BAL,0.8,1.3,1.8
2025,18,2805,TE,PHI,0.0,0.0,0.0
2025,18,2807,WR,LAC,3.6,7.1,10.6
2025,18,2821,RB,MIN,9.4,9.4,9.4
2025,18,2843,TE,CAR,9.8,11.3,12.8
2025,18,2883,RB,DEN,2.6,3.6,4.6
2025,18,2901,RB,HOU,4.8,5.8,6.8
2025,18,2913,QB,LA,-0.3,-0.3,-0.3
2025,18,2919,RB,HOU,6.3,6.3,6.3
2025,18,2929,WR,SEA,2.9,3.9,4.9
2025,18,2945,RB,DEN,3.3,3.8,4.3
2025,18,2972,RB,NE,1.3,1.3,1.3
2025,18,2976,WR,CHI,0.0,0.0,0.0
2025,18,3004,TE,NO,3.2,4.7,6.2
2025,18,3015,RB,BUF,2.6,3.1,3.6
2025,18,3024,RB,CAR,0.0,0.0,0.0
2025,18,3037,WR,NYG,10.2,14.2,18.2
2025,18,3056,RB,LV,0.0,0.0,0.0
2025,18,3070,RB,TEN,6.5,8.0,9.5
2025,18,3077,RB,NYJ,6.2,6.7,7.2
2025,18,3082,WR,TB,3.4,4.4,5.4
2025,18,3095,QB,GB,3.66,3.66,3.66
2025,18,3116,WR,LV,3.4,4.4,5.4
2025,18,3120,WR,NYJ,0.2,0.2,0.2
2025,18,3124,WR,BAL,10.6,11.6,12.6
2025,18,3127,TE,TB,15.4,18.9,22.4
2025,18,3133,TE,ARI,6.5,10.0,13.5
2025,18,3139,TE,NE,5.6,8.1,10.6
2025,18,3149,WR,CLE,0.0,0.0,0.0
2025,18,3152,TE,CLE,0.6,1.1,1.6
2025,18,3166,TE,DAL,3.0,4.0,5.0
2025,18,3189,RB,SF,5.7,8.7,11.7
2025,18,3196,RB,LAC,1.0,1.5,2.0
2025,18,3222,RB,NYJ,4.6,5.1,5.6
2025,18,3225,QB,JAX,23.3,23.3,23.3
2025,18,3226,QB,NYG,20.4,20.4,20.4
2025,18,3247,WR,SEA,8.4,11.4,14.4
2025,18,3257,WR,CHI,9.6,10.6,11.6
2025,18,3258,WR,TEN,2.7,4.2,5.7
2025,18,3259,TE,DEN,4.5,6.0,7.5
2025,18,3262,TE,NYG,0.0,0.0,0.0
2025,18,3265,WR,LV,1.4,1.9,2.4
2025,18,3272,RB,CLE,2.0,2.5,3.0
2025,18,3279,TE,BUF,4.8,6.3,7.8
2025,18,3289,WR,DET,13.9,19.4,24.9
2025,18,3291,QB,KC,2.32,2.32,2.32
2025,18,3292,WR,ATL,0.0,0.0,0.0
2025,18,3339,RB,KC,1.0,1.0,1.0
2025,18,3363,WR,NYG,0.0,0.0,0.0
2025,18,3364,RB,LV,9.4,10.9,12.4
2025,18,3365,WR,DAL,0.0,0.0,0.0
2025,18,3366,QB,IND,24.6,24.6,24.6
2025,18,3388,RB,NYJ,1.8,1.8,1.8
2025,18,3399,WR,HOU,1.3,1.8,2.3
2025,18,3415,TE,CLE,0.0,0.0,0.0
2025,18,3418,TE,MIN,0.9,1.4,1.9
2025,18,3420,WR,BUF,10.1,12.6,15.1
2025,18,3428,TE,CIN,1.7,3.2,4.7
2025,18,3435,WR,PIT,0.0,0.0,0.0
2025,18,3446,RB,MIA,0.3,0.8,1.3
2025,18,3459,RB,TEN,2.7,6.2,9.7
2025,18,3480,RB,BAL,0.0,0.0,0.0
2025,18,3482,RB,CHI,2.9,3.4,3.9
2025,18,3541,QB,ATL,9.2,9.2,9.2
2025,18,3550,TE,DAL,0.5,1.0,1.5
2025,18,3561,WR,PHI,3.3,4.8,6.3
2025,18,3580,RB,CLE,4.4,5.4,6.4
2025,18,3593,TE,BAL,3.2,4.2,5.2
2025,18,3602,QB,CLE,7.04,7.04,7.04
2025,18,3615,WR,NYJ,2.4,4.9,7.4
2025,18,3620,TE,PHI,8.1,9.1,10.1
2025,18,3630,WR,JAX,0.8,1.3,1.8
2025,18,3648,WR,DAL,0.0,0.0,0.0
2025,18,3659,WR,SF,0.0,0.0,0.0
2025,18,3684,QB,MIN,2.28,2.28,2.28
2025,18,3701,QB,TEN,0.88,0.88,0.88
2025,18,3721,WR,BAL,0.0,0.0,0.0
2025,18,3782,WR,TB,1.1,1.6,2.1
2025,18,3802,TE,JAX,11.2,14.2,17.2
2025,18,3803,QB,NO,21.76,21.76,21.76
2025,18,3835,WR,BUF,4.9,5.9,6.9
2025,18,3855,WR,LAC,2.8,3.8,4.8
2025,18,3862,RB,CIN,15.0,17.0,19.0
2025,18,3863,WR,GB,0.0,0.0,0.0
2025,18,3871,TE,CHI,15.1,20.1,25.1
2025,18,3874,WR,JAX,4.4,6.9,9.4
2025,18,3890,TE,NE,0.5,1.0,1.5
2025,18,3892,WR,MIN,10.4,14.4,18.4
2025,18,3939,TE,CHI,0.0,0.0,0.0
2025,18,3942,WR,TB,0.8,1.3,1.8
2025,18,3964,TE,GB,0.3,0.8,1.3
2025,18,3965,QB,CAR,16.54,16.54,16.54
2025,18,3968,WR,NO,8.3,9.3,10.3
2025,18,4004,TE,PHI,3.0,5.0,7.0
2025,18,4044,WR,NO,0.3,0.8,1.3
2025,18,4048,RB,CAR,1.7,2.7,3.7
2025,18,4092,QB,LV,-0.98,-0.98,-0.98
2025,18,4103,RB,PHI,1.3,2.3,3.3
2025,18,4152,RB,GB,4.8,5.3,5.8
2025,18,4158,QB,HOU,17.26,17.26,17.26
2025,18,4164,WR,IND,25.2,27.2,29.2
2025,18,4192,TE,KC,1.2,2.7,4.2
2025,18,4196,WR,NYG,3.4,5.4,7.4
2025,18,4204,QB,JAX,0.44,0.44,0.44
2025,18,4214,QB,BUF,26.86,26.86,26.86
2025,18,4244,TE,NE,0.0,0.5,1.0
2025,18,4247,TE,TEN,0.2,1.2,2.2
2025,18,4248,WR,LAC,2.4,3.4,4.4
2025,18,4255,WR,PIT,3.4,5.9,8.4
2025,18,4305,WR,PHI,4.0,5.5,7.0
2025,18,4316,TE,BUF,0.0,0.5,1.0
2025,18,4335,WR,HOU,0.0,0.0,0.0
2025,18,4368,TE,NO,6.1,7.6,9.1
2025,18,4369,WR,TB,2.2,2.7,3.2
2025,18,4384,WR,GB,1.5,2.5,3.5
2025,18,4388,TE,WAS,7.3,8.3,9.3
2025,18,4422,TE,HOU,0.9,1.4,1.9
2025,18,4474,WR,CIN,12.7,15.7,18.7
2025,18,4490,RB,TB,-0.4,-0.4,-0.4
2025,18,4502,WR,SF,0.0,0.0,0.0
2025,18,4529,WR,PIT,4.3,5.8,7.3
2025,18,4542,WR,DAL,0.7,0.7,0.7
2025,18,4551,WR,LV,0.0,0.0,0.0
2025,18,4561,QB,SF,5.18,5.18,5.18
2025,18,4571,WR,DEN,3.1,5.1,7.1
2025,18,4573,WR,CAR,8.5,10.5,12.5
2025,18,4581,WR,CAR,10.7,13.7,16.7
2025,18,4589,RB,PIT,9.9,12.4,14.9
2025,18,4597,RB,IND,3.0,3.0,3.0
2025,18,4602,RB,BUF,17.6,18.6,19.6
2025,18,4605,RB,KC,3.5,5.0,6.5
2025,18,4617,RB,SEA,15.7,17.2,18.7
2025,18,4641,WR,KC,0.4,1.4,2.4
2025,18,4642,RB,NO,10.6,13.1,15.6
2026,1,17,WR,DEN,0.5,0.5,0.5
2026,1,28,QB,PIT,12.54,12.54,12.54
2026,1,53,WR,DET,0.0,0.0,0.0
2026,1,65,RB,GB,0.0,0.0,0.0
2026,1,66,WR,LA,2.6,4.1,5.6
2026,1,71,WR,WAS,11.5,13.5,15.5
2026,1,137,WR,SF,11.0,12.0,13.0
2026,1,142,WR,CHI,8.4,12.4,16.4
2026,1,164,RB,MIN,10.0,10.0,10.0
2026,1,168,TE,LA,1.2,2.2,3.2
2026,1,171,RB,ARI,11.0,12.0,13.0
2026,1,184,TE,SEA,0.0,0.0,0.0
2026,1,187,RB,CIN,5.0,6.5,8.0
2026,1,191,QB,ATL,5.72,5.72,5.72
2026,1,202,TE,GB,5.0,6.0,7.0
2026,1,213,WR,TB,4.3,6.3,8.3
2026,1,217,RB,ATL,23.3,27.3,31.3
2026,1,243,WR,JAX,14.3,16.8,19.3
2026,1,260,TE,HOU,3.5,5.5,7.5
2026,1,270,WR,DEN,1.1,2.1,3.1
2026,1,303,WR,DAL,10.4,12.9,15.4
2026,1,306,QB,DET,16.44,16.44,16.44
2026,1,311,QB,ARI,16.48,16.48,16.48
2026,1,313,RB,PHI,8.0,8.5,9.0
2026,1,319,RB,JAX,8.8,9.3,9.8
2026,1,324,TE,BAL,4.9,6.9,8.9
2026,1,325,WR,BUF,16.0,18.5,21.0
2026,1,327,QB,TB,17.64,17.64,17.64
2026,1,334,WR,IND,0.0,0.0,0.0
2026,1,337,RB,TB,15.3,18.8,22.3
2026,1,365,TE,MIN,2.2,3.2,4.2
2026,1,370,QB,MIN,-0.38,-0.38,-0.38
2026,1,373,WR,CLE,2.6,3.6,4.6
2026,1,374,WR,ATL,0.5,1.0,1.5
2026,1,377,WR,SF,0.0,0.0,0.0
2026,1,440,TE,NO,9.3,11.3,13.3
2026,1,445,WR,BUF,0.0,0.0,0.0
2026,1,468,WR,NE,2.6,4.1,5.6
2026,1,471,WR,ATL,3.5,4.5,5.5
2026,1,473,WR,WAS,1.4,2.4,3.4
2026,1,480,WR,SF,12.0,15.0,18.0
2026,1,482,RB,HOU,25.9,27.4,28.9
2026,1,487,TE,BUF,0.7,1.2,1.7
2026,1,490,WR,LV,0.0,0.0,0.0
2026,1,506,QB,BAL,26.96,26.96,26.96
2026,1,525,WR,NE,5.1,7.1,9.1
2026,1,535,RB,DEN,3.6,3.6,3.6
2026,1,536,RB,PIT,2.1,3.1,4.1
2026,1,547,RB,IND,24.1,25.6,27.1
2026,1,557,TE,LA,0.6,1.1,1.6
2026,1,560,RB,BAL,34.3,34.8,35.3
2026,1,561,WR,PIT,5.8,7.3,8.8
2026,1,567,TE,CHI,9.5,10.5,11.5
2026,1,580,RB,CAR,2.8,2.8,2.8
2026,1,600,WR,NYG,2.7,3.7,4.7
2026,1,613,TE,LAC,5.8,8.3,10.8
2026,1,625,QB,PHI,24.72,24.72,24.72
2026,1,640,WR,ATL,0.0,0.0,0.0
2026,1,650,RB,MIN,0.1,0.6,1.1
2026,1,669,TE,JAX,0.0,0.0,0.0
2026,1,696,WR,ARI,0.0,0.0,0.0
2026,1,697,QB,TEN,11.7,11.7,11.7
2026,1,751,RB,NE,9.5,12.0,14.5
2026,1,764,WR,PHI,5.3,6.8,8.3
2026,1,769,TE,SF,1.9,2.9,3.9
2026,1,785,RB,TB,1.8,2.3,2.8
2026,1,786,TE,PIT,10.6,13.1,15.6
2026,1,807,RB,DAL,19.2,21.7,24.2
2026,1,808,WR,DET,0.0,0.0,0.0
2026,1,810,RB,NO,7.8,11.3,14.8
2026,1,822,WR,BUF,9.4,9.9,10.4
2026,1,855,WR,PHI,0.0,0.0,0.0
2026,1,869,QB,BUF,35.66,35.66,35.66
2026,1,885,WR,DAL,2.8,4.3,5.8
2026,1,890,TE,MIA,1.8,2.8,3.8
2026,1,902,WR,LV,2.7,4.2,5.7
2026,1,914,RB,LV,0.1,0.1,0.1
2026,1,917,RB,ARI,7.0,8.0,9.0
2026,1,920,TE,IND,0.0,0.0,0.0
2026,1,933,TE,ATL,0.0,0.0,0.0
2026,1,954,WR,CHI,0.0,0.0,0.0
2026,1,992,WR,SEA,0.4,0.9,1.4
2026,1,995,RB,LA,2.4,2.9,3.4
2026,1,1028,QB,SEA,12.78,12.78,12.78
2026,1,1032,RB,ATL,3.1,3.1,3.1
2026,1,1063,RB,LA,12.5,14.0,15.5
2026,1,1068,TE,NYJ,0.4,0.9,1.4
2026,1,1079,TE,TEN,0.7,1.2,1.7
2026,1,1094,TE,LAC,0.0,0.0,0.0
2026,1,1095,RB,KC,31.1,32.6,34.1
2026,1,1106,QB,MIA,16.7,16.7,16.7
2026,1,1107,RB,NYJ,17.8,18.8,19.8
2026,1,1110,RB,BUF,6.9,8.4,9.9
2026,1,1111,WR,LA,0.0,0.0,0.0
2026,1,1121,WR,KC,1.8,3.3,4.8
2026,1,1152,WR,KC,0.0,0.0,0.0
2026,1,1164,RB,LAC,0.9,0.9,0.9
2026,1,1179,TE,DAL,1.2,1.7,2.2
2026,1,1198,RB,PHI,0.3,0.3,0.3
2026,1,1200,RB,NO,9.0,9.0,9.0
2026,1,1205,WR,ARI,5.6,8.1,10.6
2026,1,1214,WR,NE,2.0,4.5,7.0
2026,1,1218,RB,JAX,2.3,2.3,2.3
2026,1,1221,WR,HOU,2.1,2.6,3.1
2026,1,1234,WR,HOU,3.2,4.7,6.2
2026,1,1242,RB,DAL,0.7,0.7,0.7
2026,1,1270,RB,DAL,0.7,0.7,0.7
2026,1,1282,TE,DEN,0.0,0.0,0.0
2026,1,1283,WR,CAR,0.0,0.0,0.0
2026,1,1285,QB,DAL,14.4,14.4,14.4
2026,1,1311,QB,CIN,14.16,14.16,14.16
2026,1,1328,RB,DET,0.0,0.0,0.0
2026,1,1335,WR,DEN,0.0,0.0,0.0
2026,1,1338,WR,WAS,12.4,14.4,16.4
2026,1,1342,WR,IND,3.7,4.7,5.7
2026,1,1344,WR,MIN,0.0,0.0,0.0
2026,1,1354,TE,GB,6.5,8.0,9.5
2026,1,1369,TE,LA,1.3,1.8,2.3
2026,1,1370,WR,LA,7.4,9.9,12.4
2026,1,1372,QB,LA,1.42,1.42,1.42
2026,1,1381,WR,BAL,21.0,23.5,26.0
2026,1,1382,TE,LV,3.2,6.2,9.2
2026,1,1417,TE,CAR,0.0,0.0,0.0
2026,1,1439,RB,JAX,3.2,3.7,4.2
2026,1,1459,WR,CAR,0.0,0.0,0.0
2026,1,1469,RB,DET,1.8,2.3,2.8
2026,1,1483,RB,NYG,1.4,1.4,1.4
2026,1,1502,WR,DAL,2.2,3.2,4.2
2026,1,1513,WR,NO,12.9,16.4,19.9
2026,1,1516,RB,BAL,2.8,3.3,3.8
2026,1,1532,RB,BUF,0.3,0.3,0.3
2026,1,1541,WR,TEN,7.1,7.6,8.1
2026,1,1613,WR,CIN,1.2,2.2,3.2
2026,1,1663,RB,LA,5.4,5.4,5.4
2026,1,1666,QB,DEN,7.44,7.44,7.44
2026,1,1672,WR,LA,0.8,1.3,1.8
2026,1,1699,TE,SEA,1.3,2.3,3.3
2026,1,1708,WR,MIN,0.0,0.0,0.0
2026,1,1726,WR,ARI,3.3,3.8,4.3
2026,1,1728,RB,MIA,-0.1,-0.1,-0.1
2026,1,1730,QB,NE,9.82,9.82,9.82
2026,1,1742,WR,NYJ,6.0,7.5,9.0
2026,1,1749,WR,JAX,4.0,5.5,7.0
2026,1,1760,QB,CHI,37.26,37.26,37.26
2026,1,1761,QB,WAS,17.66,17.66,17.66
2026,1,1768,RB,BUF,0.3,0.3,0.3
2026,1,1813,TE,KC,0.5,1.0,1.5
2026,1,1833,WR,MIA,5.3,6.8,8.3
2026,1,1835,TE,KC,0.9,1.4,1.9
2026,1,1846,WR,NE,0.0,0.0,0.0
2026,1,1860,TE,IND,7.3,8.8,10.3
2026,1,1865,WR,WAS,0.4,0.9,1.4
2026,1,1866,TE,CAR,0.9,1.4,1.9
2026,1,1873,WR,LAC,0.0,0.0,0.0
2026,1,1885,TE,LAC,3.2,4.2,5.2
2026,1,1898,WR,CAR,0.0,0.0,0.0
2026,1,1921,RB,WAS,11.6,12.1,12.6
2026,1,1934,RB,WAS,2.7,3.7,4.7
2026,1,1945,TE,CLE,1.4,1.9,2.4
2026,1,1970,TE,ATL,0.0,0.0,0.0
2026,1,2023,WR,MIN,0.0,0.0,0.0
2026,1,2028,WR,BUF,5.0,7.0,9.0
2026,1,2030,RB,CLE,2.6,4.1,5.6
2026,1,2048,TE,BUF,0.0,0.0,0.0
2026,1,2060,QB,SEA,0.52,0.52,0.52
2026,1,2075,WR,LA,0.0,0.0,0.0
2026,1,2089,WR,SEA,0.0,0.0,0.0
2026,1,2105,RB,LAC,10.3,10.3,10.3
2026,1,2113,TE,CLE,2.1,3.1,4.1
2026,1,2114,WR,JAX,1.1,1.6,2.1
2026,1,2126,WR,GB,9.5,12.5,15.5
2026,1,2130,WR,DET,0.0,0.0,0.0
2026,1,2140,WR,CHI,6.5,9.0,11.5
2026,1,2142,TE,LA,0.0,0.0,0.0
2026,1,2181,RB,LV,4.1,4.1,4.1
2026,1,2182,TE,BAL,1.3,1.8,2.3
2026,1,2190,WR,CIN,2.8,3.3,3.8
2026,1,2221,WR,CLE,0.0,0.0,0.0
2026,1,2227,RB,DET,30.6,33.1,35.6
2026,1,2250,TE,NYJ,8.4,9.9,11.4
2026,1,2259,WR,TB,3.6,5.1,6.6
2026,1,2261,RB,SF,7.0,7.5,8.0
2026,1,2275,WR,CLE,11.9,12.9,13.9
2026,1,2279,WR,NYG,6.9,9.9,12.9
2026,1,2284,TE,HOU,1.5,2.5,3.5
2026,1,2290,WR,GB,2.0,3.5,5.0
2026,1,2296,TE,TB,0.0,0.0,0.0
2026,1,2365,RB,NO,0.2,0.7,1.2
2026,1,2404,WR,PIT,0.0,0.0,0.0
2026,1,2457,WR,MIA,9.4,11.9,14.4
2026,1,2458,RB,PIT,0.0,0.0,0.0
2026,1,2461,RB,SEA,5.8,6.8,7.8
2026,1,2467,WR,NYJ,3.0,3.5,4.0
2026,1,2468,WR,CLE,5.8,7.8,9.8
2026,1,2476,WR,MIA,0.0,0.0,0.0
2026,1,2497,WR,TB,0.0,0.0,0.0
2026,1,2515,RB,GB,2.9,2.9,2.9
2026,1,2534,QB,LA,4.1,4.1,4.1
2026,1,2575,TE,MIN,9.6,11.6,13.6
2026,1,2587,RB,SEA,2.9,2.9,2.9
2026,1,2606,RB,CHI,31.4,31.9,32.4
2026,1,2608,QB,NYJ,9.3,9.3,9.3
2026,1,2609,RB,NE,1.1,1.1,1.1
2026,1,2614,RB,NYG,9.8,11.8,13.8
2026,1,2634,WR,LAC,14.2,16.7,19.2
2026,1,2677,WR,CHI,5.2,6.2,7.2
2026,1,2724,RB,SEA,2.0,3.0,4.0
2026,1,2730,WR,CIN,1.2,2.2,3.2
2026,1,2756,WR,DET,4.5,6.5,8.5
2026,1,2772,WR,PHI,13.3,14.3,15.3
2026,1,2791,TE,CIN,13.8,16.3,18.8
2026,1,2795,TE,SF,1.2,2.2,3.2
2026,1,2803,RB,NYG,0.0,0.0,0.0
2026,1,2807,WR,IND,3.2,6.2,9.2
2026,1,2821,RB,MIN,11.9,11.9,11.9
2026,1,2837,TE,NE,6.2,6.7,7.2
2026,1,2843,TE,CAR,2.5,4.0,5.5
2026,1,2849,TE,NYG,0.9,1.4,1.9
2026,1,2853,RB,NYJ,4.0,4.0,4.0
2026,1,2862,WR,NYJ,7.9,10.9,13.9
2026,1,2870,RB,CIN,0.0,0.0,0.0
2026,1,2877,TE,JAX,0.9,1.4,1.9
2026,1,2901,RB,HOU,4.0,4.5,5.0
2026,1,2929,WR,SEA,3.5,4.5,5.5
2026,1,2945,RB,DEN,4.1,6.1,8.1
2026,1,2955,TE,ARI,0.0,0.0,0.0
2026,1,2976,WR,ARI,0.0,0.0,0.0
2026,1,3021,WR,JAX,8.0,9.0,10.0
2026,1,3033,TE,HOU,1.6,2.1,2.6
2026,1,3056,RB,LV,0.0,0.0,0.0
2026,1,3070,RB,TEN,3.4,3.9,4.4
2026,1,3082,WR,SF,10.9,13.9,16.9
2026,1,3116,WR,LV,2.7,3.7,4.7
2026,1,3120,WR,NYJ,0.0,0.0,0.0
2026,1,3127,TE,TB,2.6,4.1,5.6
2026,1,3133,TE,ARI,15.5,20.0,24.5
2026,1,3139,TE,NE,2.6,4.1,5.6
2026,1,3147,WR,BAL,5.3,5.8,6.3
2026,1,3161,TE,DET,0.5,1.0,1.5
2026,1,3162,WR,NO,4.2,5.7,7.2
2026,1,3166,TE,DAL,1.4,2.4,3.4
2026,1,3167,RB,CLE,5.0,6.0,7.0
2026,1,3189,RB,SF,8.8,11.3,13.8
2026,1,3225,QB,JAX,26.1,26.1,26.1
2026,1,3226,QB,NYG,26.6,26.6,26.6
2026,1,3242,RB,IND,0.0,0.5,1.0
2026,1,3247,WR,SEA,18.2,22.2,26.2
2026,1,3253,WR,DEN,0.2,0.7,1.2
2026,1,3257,WR,CHI,6.1,6.6,7.1
2026,1,3258,WR,TEN,0.7,1.2,1.7
2026,1,3259,TE,DEN,10.3,12.3,14.3
2026,1,3270,RB,WAS,1.6,1.6,1.6
2026,1,3279,TE,BUF,13.0,15.5,18.0
2026,1,3289,WR,DET,18.7,23.7,28.7
2026,1,3298,WR,KC,0.0,0.0,0.0
2026,1,3315,WR,NYG,2.5,3.5,4.5
2026,1,3364,RB,LV,26.7,29.7,32.7
2026,1,3365,WR,DAL,1.0,1.5,2.0
2026,1,3376,RB,GB,3.7,3.7,3.7
2026,1,3399,WR,HOU,5.3,6.3,7.3
2026,1,3428,TE,CIN,1.9,3.4,4.9
2026,1,3442,QB,GB,21.48,21.48,21.48
2026,1,3446,RB,LAC,0.0,0.0,0.0
2026,1,3448,WR,NYG,0.0,0.0,0.0
2026,1,3459,RB,TEN,2.4,3.4,4.4
2026,1,3473,WR,SF,0.0,0.0,0.0
2026,1,3480,RB,BAL,0.0,0.0,0.0
2026,1,3482,RB,CHI,18.4,19.4,20.4
2026,1,3524,WR,NO,0.3,0.3,0.3
2026,1,3536,RB,KC,6.8,7.8,8.8
2026,1,3541,QB,LV,13.8,13.8,13.8
2026,1,3550,TE,DAL,0.6,1.6,2.6
2026,1,3561,WR,PHI,0.0,0.0,0.0
2026,1,3562,RB,CAR,6.2,6.7,7.2
2026,1,3580,RB,CLE,0.0,0.0,0.0
2026,1,3593,TE,NYG,19.8,23.8,27.8
2026,1,3594,QB,KC,21.66,21.66,21.66
2026,1,3605,TE,TEN,2.8,4.8,6.8
2026,1,3606,WR,BAL,0.0,0.0,0.0
2026,1,3615,WR,NYJ,0.7,1.2,1.7
2026,1,3630,WR,WAS,0.0,0.0,0.0
2026,1,3651,QB,LAC,13.26,13.26,13.26
2026,1,3659,WR,ARI,7.5,11.5,15.5
2026,1,3662,TE,NYJ,-0.2,0.8,1.8
2026,1,3664,RB,NYG,14.1,14.1,14.1
2026,1,3672,TE,DET,4.8,7.3,9.8
2026,1,3716,WR,KC,7.9,8.9,9.9
2026,1,3721,WR,BAL,1.5,2.5,3.5
2026,1,3790,WR,NE,0.0,0.0,0.0
2026,1,3792,QB,MIN,17.22,17.22,17.22
2026,1,3796,WR,LV,0.0,0.0,0.0
2026,1,3802,TE,JAX,8.3,9.3,10.3
2026,1,3803,QB,NO,25.2,25.2,25.2
2026,1,3835,WR,BUF,0.1,0.6,1.1
2026,1,3843,WR,GB,26.7,29.7,32.7
2026,1,3855,WR,LAC,2.0,3.5,5.0
2026,1,3862,RB,CIN,13.8,16.3,18.8
2026,1,3863,WR,GB,1.0,1.5,2.0
2026,1,3871,TE,CHI,0.0,0.0,0.0
2026,1,3874,WR,JAX,10.2,11.2,12.2
2026,1,3889,TE,WAS,0.0,0.0,0.0
2026,1,3892,WR,MIN,21.2,25.2,29.2
2026,1,3939,TE,BAL,0.4,0.9,1.4
2026,1,3942,WR,TB,6.3,8.8,11.3
2026,1,3945,WR,LAC,1.7,2.7,3.7
2026,1,3963,RB,PIT,0.0,0.0,0.0
2026,1,3965,QB,CAR,31.44,31.44,31.44
2026,1,3990,WR,MIA,2.5,3.0,3.5
2026,1,3993,WR,NO,18.2,23.2,28.2
2026,1,4021,WR,TEN,3.8,6.3,8.8
2026,1,4023,RB,DEN,0.0,0.0,0.0
2026,1,4026,WR,BAL,1.1,1.6,2.1
2026,1,4033,TE,NO,0.0,0.0,0.0
2026,1,4035,WR,TEN,3.8,5.8,7.8
2026,1,4048,RB,CAR,20.7,22.2,23.7
2026,1,4092,QB,CAR,2.4,2.4,2.4
2026,1,4094,TE,PIT,1.8,2.8,3.8
2026,1,4099,RB,CHI,0.0,0.0,0.0
2026,1,4103,RB,PHI,1.2,1.7,2.2
2026,1,4106,WR,IND,0.0,0.0,0.0
2026,1,4109,TE,MIA,0.0,0.0,0.0
2026,1,4152,RB,SEA,0.3,0.3,0.3
2026,1,4158,QB,HOU,20.46,20.46,20.46
2026,1,4164,WR,IND,6.1,8.1,10.1
2026,1,4191,WR,HOU,1.2,1.7,2.2
2026,1,4192,TE,KC,7.1,8.6,10.1
2026,1,4203,QB,CLE,14.0,14.0,14.0
2026,1,4204,QB,JAX,-0.3,-0.3,-0.3
2026,1,4207,WR,LV,-0.2,0.3,0.8
2026,1,4216,TE,DEN,1.0,2.0,3.0
2026,1,4222,TE,CAR,2.8,3.8,4.8
2026,1,4237,RB,MIA,6.6,8.6,10.6
2026,1,4247,TE,WAS,1.6,2.6,3.6
2026,1,4286,RB,TB,0.0,0.0,0.0
2026,1,4305,WR,ATL,1.9,2.4,2.9
2026,1,4354,TE,CIN,0.4,0.9,1.4
2026,1,4368,TE,NO,11.4,12.9,14.4
2026,1,4369,WR,TB,-0.4,-0.4,-0.4
2026,1,4379,WR,PIT,4.0,6.0,8.0
2026,1,4388,TE,WAS,1.3,2.3,3.3
2026,1,4422,TE,HOU,-0.2,0.3,0.8
2026,1,4424,WR,KC,0.0,0.0,0.0
2026,1,4437,WR,PHI,-0.5,1.0,2.5
2026,1,4450,QB,IND,9.04,9.04,9.04
2026,1,4474,WR,CIN,5.9,7.4,8.9
2026,1,4485,TE,PHI,19.7,21.7,23.7
2026,1,4493,WR,HOU,14.2,17.7,21.2
2026,1,4496,WR,PIT,2.6,4.1,5.6
2026,1,4502,WR,GB,0.0,0.0,0.0
2026,1,4542,WR,DAL,0.8,1.3,1.8
2026,1,4551,WR,LV,8.3,9.8,11.3
2026,1,4558,RB,NE,0.9,1.9,2.9
2026,1,4561,QB,SF,21.1,21.1,21.1
2026,1,4566,WR,ATL,0.0,0.0,0.0
2026,1,4571,WR,DEN,4.2,6.2,8.2
2026,1,4573,WR,CAR,7.5,10.0,12.5
2026,1,4581,WR,CAR,25.8,29.8,33.8
2026,1,4589,RB,PIT,7.3,9.8,12.3
2026,1,4612,TE,CLE,0.0,0.0,0.0
2026,1,4641,WR,KC,0.0,0.0,0.0
2026,2,17,WR,DEN,2.7,3.2,3.7
2026,2,28,QB,PIT,5.98,5.98,5.98
2026,2,30,RB,SF,8.7,9.7,10.7
2026,2,53,WR,DET,0.0,0.0,0.0
2026,2,65,RB,GB,3.2,3.2,3.2
2026,2,66,WR,LA,31.5,35.5,39.5
2026,2,69,QB,NYG,2.54,2.54,2.54
2026,2,71,WR,WAS,16.7,19.2,21.7
2026,2,137,WR,SF,3.4,4.9,6.4
2026,2,142,WR,CHI,4.0,6.5,9.0
2026,2,155,TE,PHI,0.8,1.8,2.8
2026,2,164,RB,MIN,10.5,10.5,10.5
2026,2,171,RB,ARI,4.5,6.0,7.5
2026,2,184,TE,SEA,-1.0,-0.5,0.0
2026,2,187,RB,CIN,2.2,2.7,3.2
2026,2,191,QB,ATL,1.44,1.44,1.44
2026,2,203,RB,NO,2.2,4.7,7.2
2026,2,213,WR,TB,5.8,7.3,8.8
2026,2,217,RB,ATL,8.1,9.6,11.1
2026,2,243,WR,JAX,9.8,13.3,16.8
2026,2,260,TE,HOU,14.0,20.0,26.0
2026,2,270,WR,DEN,2.5,4.0,5.5
2026,2,303,WR,DAL,27.3,31.3,35.3
2026,2,306,QB,DET,29.78,29.78,29.78
2026,2,311,QB,ARI,6.5,6.5,6.5
2026,2,312,QB,PIT,0.3,0.3,0.3
2026,2,313,RB,PHI,2.0,2.5,3.0
2026,2,319,RB,JAX,12.2,13.2,14.2
2026,2,324,TE,BAL,4.9,7.9,10.9
2026,2,325,WR,BUF,-0.1,-0.1,-0.1
2026,2,327,QB,TB,12.18,12.18,12.18
2026,2,337,RB,TB,9.0,11.0,13.0
2026,2,365,TE,MIN,2.4,2.9,3.4
2026,2,373,WR,CLE,0.0,0.0,0.0
2026,2,374,WR,ATL,0.3,0.8,1.3
2026,2,377,WR,SF,0.0,0.0,0.0
2026,2,440,TE,NO,0.0,0.0,0.0
2026,2,443,RB,PIT,1.6,1.6,1.6
2026,2,445,WR,BUF,0.0,0.0,0.0
2026,2,453,WR,PHI,1.2,1.2,1.2
2026,2,471,WR,ATL,4.9,6.9,8.9
2026,2,473,WR,WAS,5.0,6.0,7.0
2026,2,480,WR,SF,3.5,5.0,6.5
2026,2,482,RB,HOU,2.4,3.4,4.4
2026,2,487,TE,BUF,6.5,7.5,8.5
2026,2,490,WR,LV,14.4,15.4,16.4
2026,2,506,QB,BAL,14.8,14.8,14.8
2026,2,525,WR,NE,1.8,2.8,3.8
2026,2,529,TE,WAS,0.6,1.1,1.6
2026,2,535,RB,DEN,3.6,3.6,3.6
2026,2,536,RB,PIT,4.4,5.4,6.4
2026,2,547,RB,IND,25.2,27.2,29.2
2026,2,557,TE,LA,1.5,2.5,3.5
2026,2,560,RB,BAL,14.7,16.2,17.7
2026,2,567,TE,CHI,0.0,0.0,0.0
2026,2,580,RB,CAR,-0.3,-0.3,-0.3
2026,2,600,WR,NYG,4.8,5.8,6.8
2026,2,613,TE,LAC,0.9,1.4,1.9
2026,2,625,QB,PHI,16.16,16.16,16.16
2026,2,640,WR,ATL,0.6,1.1,1.6
2026,2,650,RB,MIN,2.0,2.5,3.0
2026,2,669,TE,JAX,0.7,1.2,1.7
2026,2,697,QB,TEN,20.02,20.02,20.02
2026,2,748,WR,LA,1.9,2.4,2.9
2026,2,751,RB,NE,4.6,5.1,5.6
2026,2,764,WR,PHI,17.7,22.7,27.7
2026,2,767,RB,NYG,0.6,0.6,0.6
2026,2,769,TE,SF,0.0,0.0,0.0
2026,2,785,RB,TB,1.5,3.0,4.5
2026,2,786,TE,PIT,3.4,5.4,7.4
2026,2,807,RB,DAL,5.0,6.5,8.0
2026,2,808,WR,DET,0.0,0.0,0.0
2026,2,810,RB,NO,3.1,4.1,5.1
2026,2,822,WR,BUF,10.3,10.8,11.3
2026,2,855,WR,PHI,0.0,0.0,0.0
2026,2,868,RB,ARI,2.4,2.4,2.4
2026,2,869,QB,BUF,40.82,40.82,40.82
2026,2,885,WR,DAL,4.0,7.0,10.0
2026,2,889,WR,NO,0.7,1.2,1.7
2026,2,890,TE,MIA,1.7,2.7,3.7
2026,2,902,WR,LV,0.9,1.4,1.9
2026,2,914,RB,LV,0.1,0.1,0.1
2026,2,917,RB,ARI,1.9,2.9,3.9
2026,2,920,TE,IND,0.0,0.0,0.0
2026,2,959,RB,DEN,0.2,0.7,1.2
2026,2,992,WR,SEA,3.9,5.4,6.9
2026,2,999,WR,CAR,0.0,0.0,0.0
2026,2,1004,RB,TEN,0.0,0.0,0.0
2026,2,1028,QB,SEA,21.4,21.4,21.4
2026,2,1029,WR,WAS,0.0,0.0,0.0
2026,2,1032,RB,ATL,6.7,7.7,8.7
2026,2,1063,RB,LA,15.7,16.7,17.7
2026,2,1068,TE,NYJ,0.5,1.5,2.5
2026,2,1079,TE,TEN,0.0,0.0,0.0
2026,2,1094,TE,LAC,2.1,3.6,5.1
2026,2,1095,RB,KC,17.8,20.8,23.8
2026,2,1106,QB,MIA,12.48,12.48,12.48
2026,2,1107,RB,NYJ,9.2,11.7,14.2
2026,2,1110,RB,BUF,19.9,20.4,20.9
2026,2,1111,WR,LA,0.0,0.0,0.0
2026,2,1121,WR,KC,8.5,11.0,13.5
2026,2,1131,QB,CHI,2.16,2.16,2.16
2026,2,1152,WR,KC,0.0,0.0,0.0
2026,2,1164,RB,LAC,3.9,4.4,4.9
2026,2,1198,RB,PHI,9.8,10.8,11.8
2026,2,1205,WR,ARI,1.8,2.8,3.8
2026,2,1214,WR,NE,0.9,1.4,1.9
2026,2,1218,RB,JAX,1.3,1.3,1.3
2026,2,1221,WR,HOU,3.7,5.2,6.7
2026,2,1224,WR,ARI,0.0,0.0,0.0
2026,2,1234,WR,HOU,3.7,5.2,6.7
2026,2,1242,RB,DAL,0.8,0.8,0.8
2026,2,1270,RB,DAL,0.1,0.1,0.1
2026,2,1273,RB,CLE,0.3,0.3,0.3
2026,2,1282,TE,DEN,9.8,11.3,12.8
2026,2,1283,WR,CAR,0.0,0.0,0.0
2026,2,1285,QB,DAL,29.76,29.76,29.76
2026,2,1311,QB,CIN,16.18,16.18,16.18
2026,2,1328,RB,DET,0.0,0.0,0.0
2026,2,1338,WR,WAS,2.4,3.9,5.4
2026,2,1342,WR,IND,7.2,10.7,14.2
2026,2,1344,WR,MIN,2.1,3.1,4.1
2026,2,1352,TE,ARI,0.0,0.0,0.0
2026,2,1354,TE,GB,1.5,2.5,3.5
2026,2,1369,TE,LA,0.7,1.2,1.7
2026,2,1382,TE,LV,2.3,3.8,5.3
2026,2,1417,TE,CAR,0.0,0.0,0.0
2026,2,1439,RB,JAX,1.3,1.8,2.3
2026,2,1459,WR,CAR,6.4,7.4,8.4
2026,2,1469,RB,DET,2.0,2.5,3.0
2026,2,1483,RB,NYG,0.0,0.0,0.0
2026,2,1502,WR,DAL,2.3,4.8,7.3
2026,2,1513,WR,NO,6.4,8.9,11.4
2026,2,1516,RB,BAL,1.8,2.8,3.8
2026,2,1541,WR,TEN,6.9,7.9,8.9
2026,2,1613,WR,CIN,0.7,1.2,1.7
2026,2,1663,RB,LA,9.2,9.7,10.2
2026,2,1666,QB,DEN,14.12,14.12,14.12
2026,2,1699,TE,SEA,6.9,7.4,7.9
2026,2,1710,WR,IND,0.0,0.0,0.0
2026,2,1726,WR,ARI,0.0,0.0,0.0
2026,2,1728,RB,MIA,1.1,1.1,1.1
2026,2,1730,QB,NE,8.02,8.02,8.02
2026,2,1742,WR,NYJ,6.3,9.3,12.3
2026,2,1749,WR,JAX,4.0,5.5,7.0
2026,2,1760,QB,CHI,7.72,7.72,7.72
2026,2,1761,QB,WAS,14.74,14.74,14.74
2026,2,1768,RB,BUF,0.0,0.0,0.0
2026,2,1813,TE,KC,0.0,0.0,0.0
2026,2,1833,WR,MIA,4.7,6.7,8.7
2026,2,1843,RB,KC,0.0,0.0,0.0
2026,2,1846,WR,NE,1.0,1.5,2.0
2026,2,1860,TE,IND,8.4,11.4,14.4
2026,2,1865,WR,WAS,0.0,0.0,0.0
2026,2,1866,TE,CAR,1.3,1.8,2.3
2026,2,1873,WR,LAC,0.0,0.0,0.0
2026,2,1885,TE,LAC,7.8,8.8,9.8
2026,2,1891,RB,MIA,0.7,0.7,0.7
2026,2,1909,RB,JAX,0.0,0.0,0.0
2026,2,1921,RB,WAS,4.8,5.3,5.8
2026,2,1934,RB,WAS,8.3,11.3,14.3
2026,2,1945,TE,CLE,7.7,8.2,8.7
2026,2,1970,TE,ATL,1.5,2.0,2.5
2026,2,2023,WR,MIN,0.0,0.0,0.0
2026,2,2028,WR,BUF,3.8,5.3,6.8
2026,2,2030,RB,CLE,1.1,1.6,2.1
2026,2,2048,TE,BUF,0.0,0.0,0.0
2026,2,2057,WR,NE,-0.2,0.3,0.8
2026,2,2075,WR,LA,1.2,1.7,2.2
2026,2,2105,RB,LAC,17.5,18.5,19.5
2026,2,2113,TE,CLE,5.4,7.9,10.4
2026,2,2114,WR,JAX,0.0,0.0,0.0
2026,2,2126,WR,GB,5.8,7.8,9.8
2026,2,2130,WR,DET,2.6,3.6,4.6
2026,2,2140,WR,CHI,3.2,4.7,6.2
2026,2,2142,TE,LA,11.4,14.4,17.4
2026,2,2181,RB,LV,0.7,0.7,0.7
2026,2,2188,WR,CLE,1.0,1.5,2.0
2026,2,2190,WR,CIN,0.0,0.0,0.0
2026,2,2201,WR,GB,0.0,0.0,0.0
2026,2,2221,WR,CLE,0.0,0.0,0.0
2026,2,2227,RB,DET,17.3,20.3,23.3
2026,2,2250,TE,NYJ,1.7,2.7,3.7
2026,2,2251,WR,CIN,0.7,1.2,1.7
2026,2,2259,WR,TB,2.7,3.7,4.7
2026,2,2261,RB,SF,2.5,2.5,2.5
2026,2,2275,WR,CLE,15.5,18.0,20.5
2026,2,2279,WR,NYG,0.1,0.6,1.1
2026,2,2282,WR,TEN,3.5,4.5,5.5
2026,2,2284,TE,HOU,3.4,4.4,5.4
2026,2,2290,WR,GB,0.4,0.9,1.4
2026,2,2300,WR,IND,1.4,1.4,1.4
2026,2,2304,RB,MIN,0.2,0.7,1.2
2026,2,2365,RB,NO,0.2,0.2,0.2
2026,2,2404,WR,PIT,0.0,0.0,0.0
2026,2,2457,WR,MIA,1.9,2.9,3.9
2026,2,2458,RB,PIT,0.0,0.0,0.0
2026,2,2461,RB,SEA,6.0,6.5,7.0
2026,2,2463,WR,PIT,3.5,5.5,7.5
2026,2,2468,WR,CLE,2.2,5.2,8.2
2026,2,2497,WR,TB,0.0,0.0,0.0
2026,2,2515,RB,GB,2.6,3.1,3.6
2026,2,2534,QB,LA,26.98,26.98,26.98
2026,2,2546,WR,LAC,1.3,1.8,2.3
2026,2,2575,TE,MIN,2.9,4.4,5.9
2026,2,2580,RB,NE,13.6,13.6,13.6
2026,2,2587,RB,SEA,1.5,2.0,2.5
2026,2,2606,RB,CHI,9.9,12.4,14.9
2026,2,2608,QB,NYJ,15.58,15.58,15.58
2026,2,2609,RB,NE,0.0,0.0,0.0
2026,2,2614,RB,NYG,0.9,0.9,0.9
2026,2,2634,WR,LAC,3.5,5.0,6.5
2026,2,2677,WR,CHI,4.3,5.8,7.3
2026,2,2698,TE,CIN,0.5,1.5,2.5
2026,2,2730,WR,CIN,19.5,23.0,26.5
2026,2,2756,WR,DET,3.3,4.3,5.3
2026,2,2772,WR,PHI,7.4,9.9,12.4
2026,2,2795,TE,SF,14.0,16.0,18.0
2026,2,2805,TE,NE,0.0,0.0,0.0
2026,2,2807,WR,IND,0.5,1.0,1.5
2026,2,2837,TE,NE,3.0,3.5,4.0
2026,2,2843,TE,CAR,0.4,0.9,1.4
2026,2,2849,TE,NYG,0.0,0.0,0.0
2026,2,2853,RB,NYJ,7.5,8.0,8.5
2026,2,2862,WR,NYJ,11.7,14.2,16.7
2026,2,2883,RB,DEN,2.9,3.9,4.9
2026,2,2893,WR,DEN,0.0,0.0,0.0
2026,2,2901,RB,HOU,3.5,6.0,8.5
2026,2,2919,RB,HOU,0.0,0.0,0.0
2026,2,2929,WR,SEA,2.0,3.0,4.0
2026,2,2955,TE,ARI,0.0,0.0,0.0
2026,2,2976,WR,ARI,0.0,0.0,0.0
2026,2,3015,RB,NE,0.4,0.9,1.4
2026,2,3021,WR,JAX,0.0,0.0,0.0
2026,2,3056,RB,LV,0.0,0.0,0.0
2026,2,3070,RB,TEN,6.5,7.0,7.5
2026,2,3077,RB,NYJ,0.0,0.0,0.0
2026,2,3082,WR,SF,5.4,6.9,8.4
2026,2,3116,WR,LV,17.9,20.4,22.9
2026,2,3120,WR,NYJ,0.0,0.0,0.0
2026,2,3124,WR,BAL,4.7,5.2,5.7
2026,2,3127,TE,TB,3.8,6.3,8.8
2026,2,3133,TE,ARI,10.1,14.1,18.1
2026,2,3139,TE,NE,4.0,5.5,7.0
2026,2,3147,WR,BAL,0.6,1.1,1.6
2026,2,3161,TE,DET,0.0,0.0,0.0
2026,2,3162,WR,NO,0.8,1.3,1.8
2026,2,3166,TE,DAL,0.0,0.0,0.0
2026,2,3167,RB,CLE,4.8,7.3,9.8
2026,2,3189,RB,SF,18.6,20.6,22.6
2026,2,3196,RB,LAC,0.0,0.0,0.0
2026,2,3225,QB,JAX,6.16,6.16,6.16
2026,2,3226,QB,NYG,0.8,0.8,0.8
2026,2,3242,RB,IND,0.0,0.0,0.0
2026,2,3247,WR,SEA,33.5,38.0,42.5
2026,2,3251,RB,NYJ,0.0,0.0,0.0
2026,2,3253,WR,DEN,13.8,17.8,21.8
2026,2,3258,WR,TEN,0.0,0.0,0.0
2026,2,3259,TE,DEN,1.7,2.2,2.7
2026,2,3270,RB,WAS,2.4,2.4,2.4
2026,2,3279,TE,BUF,15.5,19.0,22.5
2026,2,3289,WR,DET,26.2,30.7,35.2
2026,2,3315,WR,NYG,3.0,4.0,5.0
2026,2,3364,RB,LV,6.3,8.3,10.3
2026,2,3376,RB,GB,8.6,9.6,10.6
2026,2,3399,WR,HOU,4.4,4.9,5.4
2026,2,3435,WR,PIT,0.2,0.7,1.2
2026,2,3442,QB,GB,13.8,13.8,13.8
2026,2,3446,RB,LAC,0.0,0.0,0.0
2026,2,3448,WR,NYG,0.0,0.0,0.0
2026,2,3459,RB,TEN,7.0,8.0,9.0
2026,2,3473,WR,SF,1.8,2.3,2.8
2026,2,3480,RB,BAL,0.0,0.0,0.0
2026,2,3482,RB,CHI,5.8,6.8,7.8
2026,2,3524,WR,NO,0.0,0.0,0.0
2026,2,3536,RB,KC,3.5,4.5,5.5
2026,2,3541,QB,LV,20.22,20.22,20.22
2026,2,3550,TE,DAL,16.3,18.3,20.3
2026,2,3561,WR,PHI,8.6,9.6,10.6
2026,2,3562,RB,CAR,1.1,1.6,2.1
2026,2,3593,TE,NYG,3.3,5.8,8.3
2026,2,3594,QB,KC,28.98,28.98,28.98
2026,2,3604,TE,ATL,0.0,0.0,0.0
2026,2,3605,TE,TEN,1.3,2.3,3.3
2026,2,3606,WR,BAL,14.8,18.3,21.8
2026,2,3615,WR,NYJ,4.8,7.8,10.8
2026,2,3630,WR,WAS,2.1,4.1,6.1
2026,2,3651,QB,LAC,7.88,7.88,7.88
2026,2,3659,WR,ARI,1.1,2.1,3.1
2026,2,3664,RB,NYG,5.5,7.5,9.5
2026,2,3672,TE,DET,11.2,14.2,17.2
2026,2,3716,WR,KC,8.3,10.3,12.3
2026,2,3721,WR,BAL,1.4,1.9,2.4
2026,2,3728,TE,LV,1.1,1.6,2.1
2026,2,3736,WR,CHI,0.0,0.0,0.0
2026,2,3790,WR,NE,9.6,11.1,12.6
2026,2,3792,QB,MIN,6.32,6.32,6.32
2026,2,3796,WR,LV,2.7,3.2,3.7
2026,2,3802,TE,JAX,1.7,2.7,3.7
2026,2,3803,QB,NO,22.38,22.38,22.38
2026,2,3835,WR,BUF,6.3,9.3,12.3
2026,2,3843,WR,GB,10.1,12.1,14.1
2026,2,3855,WR,LAC,5.3,5.8,6.3
2026,2,3862,RB,CIN,8.2,9.7,11.2
2026,2,3863,WR,GB,0.0,0.0,0.0
2026,2,3864,TE,SEA,1.7,2.2,2.7
2026,2,3871,TE,CHI,0.3,0.8,1.3
2026,2,3874,WR,JAX,2.8,3.3,3.8
2026,2,3884,RB,MIA,1.8,2.3,2.8
2026,2,3889,TE,WAS,1.4,1.9,2.4
2026,2,3890,TE,ATL,2.0,3.0,4.0
2026,2,3892,WR,MIN,5.5,7.0,8.5
2026,2,3939,TE,BAL,0.0,0.0,0.0
2026,2,3942,WR,TB,7.3,8.8,10.3
2026,2,3945,WR,LAC,1.4,1.9,2.4
2026,2,3951,RB,TEN,1.0,1.0,1.0
2026,2,3965,QB,CAR,24.08,24.08,24.08
2026,2,3990,WR,MIA,0.0,0.0,0.0
2026,2,3993,WR,NO,14.6,18.6,22.6
2026,2,4017,WR,MIA,13.7,14.2,14.7
2026,2,4021,WR,TEN,0.9,1.4,1.9
2026,2,4023,RB,DEN,11.8,13.3,14.8
2026,2,4035,WR,TEN,2.7,4.2,5.7
2026,2,4048,RB,CAR,12.4,13.4,14.4
2026,2,4089,TE,SF,0.0,0.0,0.0
2026,2,4092,QB,CAR,-0.4,-0.4,-0.4
2026,2,4094,TE,PIT,0.7,1.2,1.7
2026,2,4103,RB,PHI,2.9,3.9,4.9
2026,2,4106,WR,IND,6.1,7.6,9.1
2026,2,4109,TE,MIA,0.4,0.9,1.4
2026,2,4130,TE,NO,0.8,1.3,1.8
2026,2,4152,RB,SEA,9.2,9.2,9.2
2026,2,4158,QB,HOU,17.02,17.02,17.02
2026,2,4164,WR,IND,1.1,1.6,2.1
2026,2,4188,QB,WAS,8.74,8.74,8.74
2026,2,4191,WR,HOU,3.3,4.3,5.3
2026,2,4192,TE,KC,16.1,20.6,25.1
2026,2,4203,QB,CLE,19.72,19.72,19.72
2026,2,4207,WR,LV,0.0,0.0,0.0
2026,2,4222,TE,CAR,15.3,16.8,18.3
2026,2,4237,RB,MIA,9.3,10.8,12.3
2026,2,4271,QB,SF,-0.2,-0.2,-0.2
2026,2,4296,TE,CHI,0.9,1.4,1.9
2026,2,4305,WR,ATL,1.1,2.1,3.1
2026,2,4320,QB,ATL,1.96,1.96,1.96
2026,2,4368,TE,NO,6.6,8.6,10.6
2026,2,4369,WR,TB,4.9,5.4,5.9
2026,2,4379,WR,PIT,2.7,4.7,6.7
2026,2,4424,WR,KC,8.6,10.6,12.6
2026,2,4437,WR,PHI,0.9,1.4,1.9
2026,2,4450,QB,IND,11.4,11.4,11.4
2026,2,4474,WR,CIN,9.5,12.0,14.5
2026,2,4485,TE,PHI,0.4,0.9,1.4
2026,2,4496,WR,PIT,2.8,5.3,7.8
2026,2,4502,WR,GB,0.6,1.6,2.6
2026,2,4542,WR,DAL,0.1,0.1,0.1
2026,2,4551,WR,LV,2.5,3.5,4.5
2026,2,4561,QB,SF,28.48,28.48,28.48
2026,2,4566,WR,ATL,1.4,2.4,3.4
2026,2,4571,WR,DEN,1.6,1.6,1.6
2026,2,4573,WR,CAR,10.1,12.6,15.1
2026,2,4581,WR,CAR,6.6,10.6,14.6
2026,2,4589,RB,PIT,7.7,8.7,9.7
2026,2,4598,RB,SF,1.5,1.5,1.5
2026,2,4641,WR,KC,6.6,7.6,8.6
2026,3,17,WR,DEN,2.1,2.6,3.1
2026,3,28,QB,PIT,22.68,22.68,22.68
2026,3,30,RB,SF,0.0,0.0,0.0
2026,3,51,TE,LV,17.6,22.6,27.6
2026,3,53,WR,DET,0.0,0.0,0.0
2026,3,65,RB,GB,1.6,2.1,2.6
2026,3,66,WR,LA,13.7,17.2,20.7
2026,3,69,QB,NYG,6.12,6.12,6.12
2026,3,71,WR,WAS,3.3,5.3,7.3
2026,3,142,WR,CHI,15.0,18.0,21.0
2026,3,155,TE,PHI,0.4,0.9,1.4
2026,3,164,RB,MIN,9.2,11.7,14.2
2026,3,168,TE,LA,12.2,16.2,20.2
2026,3,171,RB,ARI,16.9,19.4,21.9
2026,3,174,TE,PIT,0.2,0.7,1.2
2026,3,175,WR,NYG,0.0,0.0,0.0
2026,3,184,TE,SEA,7.3,7.8,8.3
2026,3,187,RB,CIN,1.4,1.9,2.4
2026,3,202,TE,GB,1.6,2.6,3.6
2026,3,203,RB,NO,4.1,4.6,5.1
2026,3,213,WR,TB,2.5,4.0,5.5
2026,3,217,RB,ATL,33.3,34.3,35.3
2026,3,243,WR,JAX,10.0,11.5,13.0
2026,3,260,TE,HOU,3.0,4.5,6.0
2026,3,270,WR,DEN,4.6,6.1,7.6
2026,3,303,WR,DAL,11.2,14.7,18.2
2026,3,306,QB,DET,19.36,19.36,19.36
2026,3,311,QB,ARI,25.6,25.6,25.6
2026,3,313,RB,PHI,8.0,8.5,9.0
2026,3,319,RB,JAX,15.0,16.0,17.0
2026,3,324,TE,BAL,2.4,3.9,5.4
2026,3,325,WR,BUF,6.7,9.7,12.7
2026,3,327,QB,TB,11.28,11.28,11.28
2026,3,337,RB,TB,5.8,6.8,7.8
2026,3,365,TE,MIN,0.0,0.0,0.0
2026,3,370,QB,MIN,10.42,10.42,10.42
2026,3,374,WR,ATL,0.9,1.9,2.9
2026,3,377,WR,SF,0.0,0.0,0.0
2026,3,440,TE,NO,15.3,17.3,19.3
2026,3,443,RB,PIT,0.0,0.0,0.0
2026,3,445,WR,BUF,0.0,0.0,0.0
2026,3,471,WR,ATL,19.4,23.9,28.4
2026,3,473,WR,WAS,13.7,16.7,19.7
2026,3,480,WR,SF,15.4,15.4,15.4
2026,3,482,RB,HOU,4.8,5.8,6.8
2026,3,487,TE,BUF,0.5,1.0,1.5
2026,3,490,WR,LV,6.4,6.9,7.4
2026,3,506,QB,BAL,20.44,20.44,20.44
2026,3,525,WR,NE,8.7,11.7,14.7
2026,3,529,TE,WAS,0.0,0.0,0.0
2026,3,535,RB,DEN,5.3,5.8,6.3
2026,3,547,RB,IND,7.2,8.2,9.2
2026,3,557,TE,LA,0.0,0.0,0.0
2026,3,559,WR,NYJ,0.0,0.0,0.0
2026,3,560,RB,BAL,20.9,21.4,21.9
2026,3,561,WR,PIT,1.6,2.6,3.6
2026,3,567,TE,CHI,0.0,0.0,0.0
2026,3,580,RB,CAR,1.4,1.9,2.4
2026,3,600,WR,NYG,2.9,3.9,4.9
2026,3,625,QB,PHI,12.62,12.62,12.62
2026,3,640,WR,ATL,0.0,0.0,0.0
2026,3,650,RB,MIN,0.2,0.2,0.2
2026,3,681,WR,CIN,0.0,0.0,0.0
2026,3,696,WR,ARI,0.0,0.0,0.0
2026,3,697,QB,TEN,9.44,9.44,9.44
2026,3,751,RB,NE,3.8,5.3,6.8
2026,3,764,WR,PHI,6.5,9.5,12.5
2026,3,767,RB,NYG,5.2,5.2,5.2
2026,3,769,TE,SF,0.0,0.0,0.0
2026,3,785,RB,TB,1.0,2.0,3.0
2026,3,786,TE,PIT,3.1,4.1,5.1
2026,3,807,RB,DAL,16.3,17.3,18.3
2026,3,810,RB,NO,7.0,8.0,9.0
2026,3,843,RB,DAL,1.7,2.2,2.7
2026,3,855,WR,PHI,0.0,0.0,0.0
2026,3,869,QB,BUF,18.46,18.96,19.46
2026,3,885,WR,DAL,8.2,11.7,15.2
2026,3,890,TE,MIA,5.5,8.0,10.5
2026,3,902,WR,LV,1.6,2.1,2.6
2026,3,914,RB,LV,0.0,0.0,0.0
2026,3,917,RB,ARI,0.9,2.9,4.9
2026,3,933,TE,ATL,0.0,0.0,0.0
2026,3,959,RB,DEN,0.0,0.0,0.0
2026,3,992,WR,SEA,1.4,2.4,3.4
2026,3,999,WR,CAR,7.9,8.9,9.9
2026,3,1004,RB,TEN,0.0,0.0,0.0
2026,3,1014,TE,IND,1.6,2.1,2.6
2026,3,1029,WR,WAS,7.3,8.3,9.3
2026,3,1032,RB,ATL,11.0,11.0,11.0
2026,3,1059,TE,NYJ,2.0,2.5,3.0
2026,3,1063,RB,LA,15.8,18.8,21.8
2026,3,1068,TE,NYJ,9.9,12.4,14.9
2026,3,1079,TE,TEN,1.6,2.6,3.6
2026,3,1095,RB,KC,19.3,20.3,21.3
2026,3,1106,QB,MIA,12.0,12.0,12.0
2026,3,1107,RB,NYJ,5.5,7.0,8.5
2026,3,1110,RB,BUF,21.4,21.4,21.4
2026,3,1111,WR,LA,0.0,0.0,0.0
2026,3,1116,RB,PIT,0.0,0.0,0.0
2026,3,1121,WR,KC,2.0,3.0,4.0
2026,3,1145,QB,NE,1.4,1.4,1.4
2026,3,1152,WR,KC,0.0,0.0,0.0
2026,3,1164,RB,LAC,10.7,12.2,13.7
2026,3,1179,TE,DAL,0.9,1.4,1.9
2026,3,1198,RB,PHI,0.5,1.0,1.5
2026,3,1200,RB,NO,1.9,2.9,3.9
2026,3,1205,WR,ARI,14.9,20.4,25.9
2026,3,1214,WR,NE,3.8,4.3,4.8
2026,3,1218,RB,JAX,9.7,9.7,9.7
2026,3,1221,WR,HOU,2.1,3.1,4.1
2026,3,1224,WR,ARI,0.0,0.0,0.0
2026,3,1234,WR,HOU,5.5,7.0,8.5
2026,3,1268,WR,NO,0.0,0.0,0.0
2026,3,1282,TE,DEN,6.8,7.3,7.8
2026,3,1283,WR,CAR,8.3,10.3,12.3
2026,3,1285,QB,DAL,16.94,16.94,16.94
2026,3,1311,QB,CIN,24.58,24.58,24.58
2026,3,1328,RB,DET,0.0,0.0,0.0
2026,3,1338,WR,WAS,1.5,2.5,3.5
2026,3,1342,WR,IND,7.7,10.2,12.7
2026,3,1344,WR,MIN,15.0,17.5,20.0
2026,3,1352,TE,ARI,2.0,3.5,5.0
2026,3,1354,TE,GB,2.6,4.6,6.6
2026,3,1369,TE,LA,1.9,2.9,3.9
2026,3,1381,WR,BAL,10.4,12.9,15.4
2026,3,1382,TE,LV,9.2,10.7,12.2
2026,3,1417,TE,CAR,0.0,0.0,0.0
2026,3,1439,RB,JAX,0.2,0.2,0.2
2026,3,1464,WR,WAS,0.0,0.0,0.0
2026,3,1469,RB,DET,3.7,4.2,4.7
2026,3,1483,RB,NYG,0.3,0.3,0.3
2026,3,1502,WR,DAL,2.2,3.2,4.2
2026,3,1513,WR,NO,3.9,5.4,6.9
2026,3,1516,RB,BAL,3.3,3.3,3.3
2026,3,1517,WR,NYJ,0.0,0.0,0.0
2026,3,1541,WR,TEN,1.1,1.6,2.1
2026,3,1548,TE,LAC,0.0,0.0,0.0
2026,3,1663,RB,LA,1.5,2.5,3.5
2026,3,1666,QB,DEN,20.14,20.14,20.14
2026,3,1699,TE,SEA,6.9,9.4,11.9
2026,3,1708,WR,MIN,0.1,0.6,1.1
2026,3,1710,WR,IND,0.0,0.0,0.0
2026,3,1726,WR,ARI,4.0,5.5,7.0
2026,3,1730,QB,NE,5.76,5.76,5.76
2026,3,1749,WR,JAX,0.8,1.3,1.8
2026,3,1765,QB,ATL,12.04,12.04,12.04
2026,3,1813,TE,KC,3.9,5.4,6.9
2026,3,1833,WR,MIA,6.1,8.6,11.1
2026,3,1835,TE,KC,0.0,0.0,0.0
2026,3,1843,RB,KC,0.4,0.9,1.4
2026,3,1846,WR,NE,3.4,3.9,4.4
2026,3,1860,TE,IND,5.7,10.2,14.7
2026,3,1865,WR,WAS,2.1,2.6,3.1
2026,3,1866,TE,CAR,3.6,5.1,6.6
2026,3,1873,WR,LAC,0.0,0.0,0.0
2026,3,1874,WR,SF,6.0,7.0,8.0
2026,3,1885,TE,LAC,0.0,0.0,0.0
2026,3,1889,WR,MIN,0.0,0.0,0.0
2026,3,1891,RB,MIA,11.5,13.0,14.5
2026,3,1909,RB,JAX,0.9,1.9,2.9
2026,3,1921,RB,WAS,4.3,4.8,5.3
2026,3,1934,RB,WAS,10.1,10.6,11.1
2026,3,1970,TE,ATL,0.5,1.0,1.5
2026,3,1980,RB,CAR,0.0,0.0,0.0
2026,3,2023,WR,MIN,0.0,0.0,0.0
2026,3,2028,WR,BUF,0.6,1.1,1.6
2026,3,2030,RB,CLE,5.1,7.1,9.1
2026,3,2057,WR,NE,0.74,1.24,1.74
2026,3,2060,QB,SEA,27.66,27.66,27.66
2026,3,2075,WR,LA,15.3,17.3,19.3
2026,3,2105,RB,LAC,5.6,5.6,5.6
2026,3,2113,TE,CLE,17.1,20.6,24.1
2026,3,2114,WR,JAX,0.0,0.0,0.0
2026,3,2126,WR,GB,16.0,18.5,21.0
2026,3,2130,WR,DET,6.6,8.1,9.6
2026,3,2140,WR,CHI,12.8,16.3,19.8
2026,3,2142,TE,LA,0.9,1.4,1.9
2026,3,2152,TE,PHI,0.0,0.0,0.0
2026,3,2181,RB,LV,11.4,11.4,11.4
2026,3,2182,TE,BAL,8.3,9.3,10.3
2026,3,2190,WR,CIN,2.9,4.4,5.9
2026,3,2195,TE,TB,0.0,0.0,0.0
2026,3,2201,WR,GB,2.2,3.7,5.2
2026,3,2221,WR,CLE,0.0,0.0,0.0
2026,3,2227,RB,DET,34.4,37.9,41.4
2026,3,2250,TE,NYJ,16.5,20.0,23.5
2026,3,2251,WR,CIN,0.2,0.7,1.2
2026,3,2259,WR,TB,10.0,10.5,11.0
2026,3,2261,RB,SF,1.7,1.7,1.7
2026,3,2271,RB,MIN,0.0,0.0,0.0
2026,3,2275,WR,CLE,4.1,5.1,6.1
2026,3,2279,WR,NYG,2.6,5.1,7.6
2026,3,2282,WR,TEN,0.0,0.0,0.0
2026,3,2284,TE,HOU,6.7,7.7,8.7
2026,3,2296,TE,TB,0.0,0.0,0.0
2026,3,2304,RB,MIN,0.1,0.1,0.1
2026,3,2351,QB,TB,-1.1,-1.1,-1.1
2026,3,2365,RB,NO,0.5,0.5,0.5
2026,3,2404,WR,PIT,0.0,0.0,0.0
2026,3,2411,TE,TB,0.0,0.0,0.0
2026,3,2424,RB,LA,0.0,0.0,0.0
2026,3,2449,WR,HOU,0.0,0.0,0.0
2026,3,2461,RB,SEA,2.2,2.7,3.2
2026,3,2463,WR,PIT,1.4,1.9,2.4
2026,3,2468,WR,CLE,0.9,1.9,2.9
2026,3,2476,WR,MIA,0.3,0.8,1.3
2026,3,2497,WR,TB,0.0,0.0,0.0
2026,3,2515,RB,GB,0.4,0.9,1.4
2026,3,2534,QB,LA,20.9,20.9,20.9
2026,3,2575,TE,MIN,1.1,2.1,3.1
2026,3,2580,RB,NE,2.9,3.4,3.9
2026,3,2587,RB,SEA,5.8,8.3,10.8
2026,3,2606,RB,CHI,8.8,9.8,10.8
2026,3,2608,QB,NYJ,26.04,26.04,26.04
2026,3,2609,RB,NE,2.7,3.2,3.7
2026,3,2634,WR,LAC,6.6,8.6,10.6
2026,3,2677,WR,CHI,4.4,5.9,7.4
2026,3,2724,RB,SEA,2.0,2.5,3.0
2026,3,2730,WR,CIN,15.8,20.3,24.8
2026,3,2756,WR,DET,4.9,6.9,8.9
2026,3,2772,WR,PHI,3.2,4.2,5.2
2026,3,2791,TE,CIN,9.7,11.2,12.7
2026,3,2795,TE,SF,20.2,23.2,26.2
2026,3,2805,TE,NE,0.0,0.0,0.0
2026,3,2807,WR,IND,12.3,15.3,18.3
2026,3,2843,TE,CAR,4.1,5.6,7.1
2026,3,2853,RB,NYJ,1.7,3.2,4.7
2026,3,2862,WR,NYJ,16.7,21.7,26.7
2026,3,2870,RB,CIN,0.0,0.0,0.0
2026,3,2877,TE,JAX,0.0,0.0,0.0
2026,3,2883,RB,DEN,1.4,1.9,2.4
2026,3,2901,RB,HOU,8.1,8.6,9.1
2026,3,2929,WR,SEA,10.6,12.6,14.6
2026,3,2945,RB,DEN,4.7,7.7,10.7
2026,3,2955,TE,ARI,0.5,1.0,1.5
2026,3,2976,WR,ARI,0.0,0.0,0.0
2026,3,3007,QB,CHI,24.48,24.48,24.48
2026,3,3021,WR,JAX,7.2,7.7,8.2
2026,3,3056,RB,LV,0.0,0.0,0.0
2026,3,3070,RB,TEN,9.6,11.6,13.6
2026,3,3082,WR,SF,9.4,10.9,12.4
2026,3,3116,WR,LV,4.3,6.3,8.3
2026,3,3124,WR,BAL,0.0,0.0,0.0
2026,3,3127,TE,TB,5.6,7.1,8.6
2026,3,3133,TE,ARI,7.5,12.0,16.5
2026,3,3139,TE,NE,0.5,1.0,1.5
2026,3,3147,WR,BAL,6.4,6.9,7.4
2026,3,3161,TE,DET,0.7,1.7,2.7
2026,3,3162,WR,NO,0.0,0.0,0.0
2026,3,3166,TE,DAL,1.9,2.4,2.9
2026,3,3167,RB,CLE,7.9,8.9,9.9
2026,3,3189,RB,SF,17.6,19.6,21.6
2026,3,3196,RB,LAC,2.0,2.5,3.0
2026,3,3203,TE,BAL,1.4,1.9,2.4
2026,3,3225,QB,JAX,19.78,19.78,19.78
2026,3,3242,RB,IND,1.4,1.4,1.4
2026,3,3247,WR,SEA,25.36,30.36,35.36
2026,3,3251,RB,NYJ,0.0,0.0,0.0
2026,3,3253,WR,DEN,2.4,3.4,4.4
2026,3,3258,WR,TEN,0.3,0.8,1.3
2026,3,3259,TE,DEN,0.0,0.0,0.0
2026,3,3279,TE,BUF,3.8,4.8,5.8
2026,3,3289,WR,DET,7.9,9.9,11.9
2026,3,3315,WR,NYG,1.9,2.9,3.9
2026,3,3364,RB,LV,9.3,10.8,12.3
2026,3,3376,RB,GB,1.8,2.8,3.8
2026,3,3399,WR,HOU,2.5,3.5,4.5
2026,3,3428,TE,CIN,0.0,0.5,1.0
2026,3,3435,WR,PIT,8.3,8.8,9.3
2026,3,3442,QB,GB,18.48,18.48,18.48
2026,3,3446,RB,LAC,3.5,5.0,6.5
2026,3,3448,WR,NYG,0.0,0.0,0.0
2026,3,3459,RB,TEN,0.5,0.5,0.5
2026,3,3473,WR,SF,0.0,0.0,0.0
2026,3,3480,RB,BAL,0.0,0.0,0.0
2026,3,3482,RB,CHI,3.1,3.1,3.1
2026,3,3536,RB,KC,1.7,1.7,1.7
2026,3,3541,QB,LV,22.22,22.22,22.22
2026,3,3550,TE,DAL,8.3,9.8,11.3
2026,3,3561,WR,PHI,0.0,0.0,0.0
2026,3,3572,TE,PHI,0.9,1.4,1.9
2026,3,3578,WR,SEA,4.8,6.3,7.8
2026,3,3593,TE,NYG,1.3,2.3,3.3
2026,3,3594,QB,KC,15.94,15.94,15.94
2026,3,3602,QB,CLE,0.0,0.0,0.0
2026,3,3605,TE,TEN,1.4,2.4,3.4
2026,3,3606,WR,BAL,3.7,4.7,5.7
2026,3,3615,WR,NYJ,2.1,2.6,3.1
2026,3,3630,WR,WAS,0.0,0.0,0.0
2026,3,3651,QB,LAC,12.74,12.74,12.74
2026,3,3659,WR,ARI,2.2,3.2,4.2
2026,3,3664,RB,NYG,10.0,11.5,13.0
2026,3,3672,TE,DET,4.4,5.9,7.4
2026,3,3716,WR,KC,8.8,12.3,15.8
2026,3,3721,WR,BAL,0.0,0.0,0.0
2026,3,3736,WR,CHI,0.1,0.6,1.1
2026,3,3782,WR,TB,0.0,0.0,0.0
2026,3,3785,WR,CAR,0.0,0.0,0.0
2026,3,3790,WR,NE,4.9,6.4,7.9
2026,3,3796,WR,LV,0.0,0.0,0.0
2026,3,3802,TE,JAX,3.2,4.7,6.2
2026,3,3803,QB,NO,27.8,27.8,27.8
2026,3,3835,WR,BUF,3.7,4.2,4.7
2026,3,3843,WR,GB,15.6,19.1,22.6
2026,3,3855,WR,LAC,7.6,10.6,13.6
2026,3,3862,RB,CIN,6.9,7.9,8.9
2026,3,3863,WR,GB,0.0,0.0,0.0
2026,3,3870,WR,CLE,0.0,0.0,0.0
2026,3,3871,TE,CHI,3.1,5.1,7.1
2026,3,3874,WR,JAX,12.4,15.9,19.4
2026,3,3884,RB,MIA,0.0,0.0,0.0
2026,3,3889,TE,WAS,0.2,0.7,1.2
2026,3,3890,TE,ATL,7.1,8.1,9.1
2026,3,3892,WR,MIN,3.2,4.2,5.2
2026,3,3942,WR,TB,6.2,8.7,11.2
2026,3,3945,WR,LAC,4.0,5.5,7.0
2026,3,3965,QB,CAR,13.64,13.64,13.64
2026,3,3990,WR,MIA,6.7,8.7,10.7
2026,3,3993,WR,NO,10.7,15.2,19.7
2026,3,4000,TE,DET,0.8,1.3,1.8
2026,3,4017,WR,MIA,1.5,2.5,3.5
2026,3,4021,WR,TEN,11.7,15.2,18.7
2026,3,4035,WR,TEN,5.8,8.8,11.8
2026,3,4048,RB,CAR,11.0,13.0,15.0
2026,3,4060,WR,NYJ,0.3,0.8,1.3
2026,3,4089,TE,SF,0.0,0.0,0.0
2026,3,4094,TE,PIT,6.7,8.2,9.7
2026,3,4103,RB,PHI,1.1,1.6,2.1
2026,3,4106,WR,IND,2.0,2.5,3.0
2026,3,4109,TE,MIA,0.0,0.0,0.0
2026,3,4152,RB,SEA,1.4,1.4,1.4
2026,3,4158,QB,HOU,11.68,11.68,11.68
2026,3,4188,QB,WAS,20.42,20.42,20.42
2026,3,4191,WR,HOU,2.0,2.5,3.0
2026,3,4192,TE,KC,11.9,12.9,13.9
2026,3,4203,QB,CLE,18.26,18.26,18.26
2026,3,4207,WR,LV,0.0,0.0,0.0
2026,3,4222,TE,CAR,5.1,7.6,10.1
2026,3,4237,RB,MIA,1.7,1.7,1.7
2026,3,4255,WR,LAC,0.0,0.0,0.0
2026,3,4280,QB,PHI,-2.0,-2.0,-2.0
2026,3,4283,RB,CLE,0.0,0.0,0.0
2026,3,4296,TE,CHI,1.6,2.1,2.6
2026,3,4305,WR,ATL,1.1,1.6,2.1
2026,3,4316,TE,BUF,0.0,0.0,0.0
2026,3,4354,TE,CIN,1.3,2.3,3.3
2026,3,4368,TE,NO,17.3,21.3,25.3
2026,3,4369,WR,TB,0.8,1.3,1.8
2026,3,4370,WR,DEN,0.0,0.0,0.0
2026,3,4379,WR,PIT,9.1,10.6,12.1
2026,3,4388,TE,WAS,0.9,1.4,1.9
2026,3,4424,WR,KC,2.2,3.2,4.2
2026,3,4437,WR,PHI,2.9,4.4,5.9
2026,3,4450,QB,IND,11.9,11.9,11.9
2026,3,4474,WR,CIN,15.0,18.0,21.0
2026,3,4496,WR,PIT,12.0,13.5,15.0
2026,3,4502,WR,GB,3.1,4.6,6.1
2026,3,4542,WR,DAL,7.8,8.3,8.8
2026,3,4561,QB,SF,31.28,31.28,31.28
2026,3,4566,WR,ATL,0.7,1.2,1.7
2026,3,4571,WR,DEN,10.4,11.4,12.4
2026,3,4573,WR,CAR,1.7,2.7,3.7
2026,3,4581,WR,CAR,1.8,2.8,3.8
2026,3,4589,RB,PIT,17.6,19.1,20.6
2026,3,4602,RB,BUF,5.0,7.0,9.0
2026,3,4612,TE,CLE,0.0,0.0,0.0
2026,3,4641,WR,KC,1.1,1.6,2.1
2026,4,28,QB,PIT,19.96,19.96,19.96
2026,4,30,RB,SF,2.8,3.8,4.8
2026,4,51,TE,LV,14.6,17.6,20.6
2026,4,53,WR,DET,0.0,0.0,0.0
2026,4,65,RB,GB,4.2,4.2,4.2
2026,4,66,WR,LA,3.2,5.2,7.2
2026,4,69,QB,NYG,18.0,18.0,18.0
2026,4,71,WR,WAS,3.5,6.0,8.5
2026,4,142,WR,CHI,0.6,1.6,2.6
2026,4,155,TE,PHI,0.0,0.0,0.0
2026,4,164,RB,MIN,12.8,14.8,16.8
2026,4,168,TE,LA,6.7,9.2,11.7
2026,4,171,RB,ARI,5.5,6.0,6.5
2026,4,184,TE,SEA,0.0,0.0,0.0
2026,4,187,RB,CIN,0.7,0.7,0.7
2026,4,202,TE,GB,1.9,2.4,2.9
2026,4,203,RB,NO,17.8,20.3,22.8
2026,4,213,WR,TB,3.1,6.1,9.1
2026,4,217,RB,ATL,26.7,27.2,27.7
2026,4,243,WR,JAX,1.0,1.5,2.0
2026,4,260,TE,HOU,0.9,1.9,2.9
2026,4,270,WR,DEN,0.4,0.9,1.4
2026,4,303,WR,DAL,24.3,32.8,41.3
2026,4,306,QB,DET,20.48,20.48,20.48
2026,4,311,QB,ARI,10.44,10.44,10.44
2026,4,313,RB,PHI,1.0,1.5,2.0
2026,4,319,RB,JAX,9.1,10.1,11.1
2026,4,324,TE,BAL,8.7,11.2,13.7
2026,4,325,WR,BUF,1.7,2.2,2.7
2026,4,334,WR,IND,2.9,4.4,5.9
2026,4,337,RB,TB,6.1,6.1,6.1
2026,4,370,QB,MIN,11.48,11.48,11.48
2026,4,373,WR,CLE,3.6,5.1,6.6
2026,4,374,WR,ATL,0.0,0.0,0.0
2026,4,377,WR,SF,0.2,0.2,0.2
2026,4,426,WR,LA,0.0,0.0,0.0
2026,4,443,RB,PIT,-0.1,-0.1,-0.1
2026,4,445,WR,BUF,0.0,0.0,0.0
2026,4,447,RB,WAS,0.4,0.4,0.4
2026,4,471,WR,ATL,9.6,12.1,14.6
2026,4,480,WR,SF,13.0,15.5,18.0
2026,4,482,RB,HOU,4.3,4.3,4.3
2026,4,487,TE,BUF,1.3,2.3,3.3
2026,4,490,WR,LV,3.6,4.6,5.6
2026,4,506,QB,BAL,18.88,18.88,18.88
2026,4,508,QB,BAL,4.12,4.12,4.12
2026,4,525,WR,NE,5.3,6.8,8.3
2026,4,535,RB,DEN,5.2,6.2,7.2
2026,4,547,RB,IND,21.7,22.2,22.7
2026,4,560,RB,BAL,13.9,14.9,15.9
2026,4,561,WR,PIT,1.5,2.5,3.5
2026,4,567,TE,CHI,1.3,2.3,3.3
2026,4,580,RB,CAR,0.7,1.2,1.7
2026,4,600,WR,NYG,0.0,0.0,0.0
2026,4,625,QB,PHI,13.52,13.52,13.52
2026,4,640,WR,ATL,0.0,0.0,0.0
2026,4,650,RB,MIN,1.0,1.5,2.0
2026,4,669,TE,JAX,0.0,0.0,0.0
2026,4,696,WR,ARI,0.0,0.0,0.0
2026,4,697,QB,TEN,13.58,13.58,13.58
2026,4,748,WR,LA,0.8,1.3,1.8
2026,4,751,RB,NE,13.4,14.9,16.4
2026,4,767,RB,NYG,3.0,3.0,3.0
2026,4,769,TE,SF,0.0,0.0,0.0
2026,4,785,RB,TB,8.7,9.7,10.7
2026,4,786,TE,PIT,7.7,9.2,10.7
2026,4,807,RB,DAL,26.3,28.8,31.3
2026,4,808,WR,DET,0.0,0.0,0.0
2026,4,822,WR,BUF,0.3,0.8,1.3
2026,4,843,RB,DAL,1.2,1.2,1.2
2026,4,855,WR,PHI,0.0,0.0,0.0
2026,4,869,QB,BUF,18.52,18.52,18.52
2026,4,885,WR,DAL,7.5,8.5,9.5
2026,4,914,RB,LV,0.5,1.0,1.5
2026,4,917,RB,ARI,10.9,11.9,12.9
2026,4,920,TE,IND,0.0,0.0,0.0
2026,4,959,RB,DEN,0.0,0.0,0.0
2026,4,992,WR,SEA,11.3,11.8,12.3
2026,4,999,WR,CAR,3.7,5.2,6.7
2026,4,1004,RB,TEN,0.0,0.0,0.0
2026,4,1029,WR,WAS,10.7,11.2,11.7
2026,4,1032,RB,ATL,24.7,25.2,25.7
2026,4,1059,TE,NYJ,1.1,1.6,2.1
2026,4,1063,RB,LA,26.7,31.7,36.7
2026,4,1079,TE,TEN,0.2,0.7,1.2
2026,4,1095,RB,KC,29.9,30.4,30.9
2026,4,1106,QB,MIA,4.5,4.5,4.5
2026,4,1110,RB,BUF,14.3,15.3,16.3
2026,4,1116,RB,PIT,0.0,0.0,0.0
2026,4,1121,WR,KC,7.0,9.0,11.0
2026,4,1131,QB,CHI,8.82,8.82,8.82
2026,4,1152,WR,KC,0.0,0.0,0.0
2026,4,1164,RB,LAC,6.3,8.8,11.3
2026,4,1198,RB,PHI,5.5,5.5,5.5
2026,4,1200,RB,NO,1.9,2.9,3.9
2026,4,1205,WR,ARI,9.5,13.0,16.5
2026,4,1214,WR,NE,1.5,2.5,3.5
2026,4,1218,RB,JAX,9.5,9.5,9.5
2026,4,1221,WR,HOU,3.6,5.1,6.6
2026,4,1224,WR,ARI,0.0,0.0,0.0
2026,4,1234,WR,HOU,4.6,6.1,7.6
2026,4,1270,RB,DAL,0.2,0.7,1.2
2026,4,1273,RB,CLE,8.8,8.8,8.8
2026,4,1283,WR,CAR,3.2,4.2,5.2
2026,4,1285,QB,DAL,18.1,18.1,18.1
2026,4,1311,QB,CIN,23.72,23.72,23.72
2026,4,1328,RB,DET,0.0,0.0,0.0
2026,4,1335,WR,DEN,1.0,1.5,2.0
2026,4,1338,WR,WAS,2.1,3.6,5.1
2026,4,1342,WR,IND,1.6,3.1,4.6
2026,4,1344,WR,MIN,5.1,7.1,9.1
2026,4,1352,TE,ARI,7.9,8.9,9.9
2026,4,1354,TE,GB,10.5,13.5,16.5
2026,4,1369,TE,LA,0.0,0.0,0.0
2026,4,1370,WR,LA,18.7,23.2,27.7
2026,4,1381,WR,BAL,17.8,21.8,25.8
2026,4,1382,TE,LV,8.2,12.2,16.2
2026,4,1417,TE,CAR,0.0,0.0,0.0
2026,4,1439,RB,JAX,0.0,0.0,0.0
2026,4,1469,RB,DET,1.7,2.2,2.7
2026,4,1483,RB,NYG,-0.1,-0.1,-0.1
2026,4,1502,WR,DAL,3.7,5.7,7.7
2026,4,1513,WR,NO,11.4,14.4,17.4
2026,4,1516,RB,BAL,2.5,3.5,4.5
2026,4,1541,WR,TEN,2.2,2.7,3.2
2026,4,1650,WR,MIN,0.0,0.0,0.0
2026,4,1663,RB,LA,2.1,2.6,3.1
2026,4,1666,QB,DEN,13.56,13.56,13.56
2026,4,1672,WR,LA,0.4,0.9,1.4
2026,4,1699,TE,SEA,1.2,1.7,2.2
2026,4,1708,WR,MIN,0.8,1.3,1.8
2026,4,1710,WR,IND,0.0,0.0,0.0
2026,4,1726,WR,ARI,7.2,7.7,8.2
2026,4,1728,RB,MIA,0.7,0.7,0.7
2026,4,1730,QB,NE,26.16,26.16,26.16
2026,4,1749,WR,JAX,7.7,8.7,9.7
2026,4,1765,QB,ATL,12.72,12.72,12.72
2026,4,1768,RB,BUF,0.7,1.2,1.7
2026,4,1813,TE,KC,1.7,2.7,3.7
2026,4,1833,WR,MIA,7.0,9.5,12.0
2026,4,1835,TE,KC,0.0,0.0,0.0
2026,4,1846,WR,NE,0.0,0.0,0.0
2026,4,1860,TE,IND,4.1,6.6,9.1
2026,4,1865,WR,WAS,0.0,0.0,0.0
2026,4,1866,TE,CAR,0.8,1.3,1.8
2026,4,1873,WR,LAC,0.6,1.1,1.6
2026,4,1885,TE,LAC,3.8,6.3,8.8
2026,4,1889,WR,MIN,1.4,1.9,2.4
2026,4,1891,RB,MIA,16.0,17.0,18.0
2026,4,1904,TE,MIN,0.4,0.9,1.4
2026,4,1909,RB,JAX,0.0,0.0,0.0
2026,4,1921,RB,WAS,5.0,6.0,7.0
2026,4,1945,TE,CLE,0.0,0.0,0.0
2026,4,1970,TE,ATL,4.7,6.2,7.7
2026,4,1980,RB,CAR,0.0,0.0,0.0
2026,4,2023,WR,MIN,0.8,1.8,2.8
2026,4,2028,WR,BUF,8.2,11.7,15.2
2026,4,2030,RB,CLE,1.6,2.6,3.6
2026,4,2048,TE,BUF,0.0,0.0,0.0
2026,4,2057,WR,NE,10.2,11.2,12.2
2026,4,2060,QB,SEA,13.32,13.32,13.32
2026,4,2075,WR,LA,0.7,1.2,1.7
2026,4,2102,TE,GB,2.9,3.9,4.9
2026,4,2105,RB,LAC,11.3,12.3,13.3
2026,4,2110,WR,NYG,0.0,0.0,0.0
2026,4,2113,TE,CLE,8.7,10.2,11.7
2026,4,2114,WR,JAX,0.0,0.0,0.0
2026,4,2126,WR,GB,8.7,10.2,11.7
2026,4,2130,WR,DET,9.5,11.5,13.5
2026,4,2140,WR,CHI,7.4,9.4,11.4
2026,4,2152,TE,PHI,0.0,0.0,0.0
2026,4,2161,TE,HOU,1.3,1.8,2.3
2026,4,2181,RB,LV,1.7,2.2,2.7
2026,4,2182,TE,BAL,3.4,4.4,5.4
2026,4,2188,WR,CLE,0.2,0.7,1.2
2026,4,2190,WR,CIN,8.2,11.7,15.2
2026,4,2201,WR,GB,0.0,0.0,0.0
2026,4,2221,WR,CLE,0.0,0.0,0.0
2026,4,2227,RB,DET,13.7,15.7,17.7
2026,4,2250,TE,NYJ,0.0,0.0,0.0
2026,4,2259,WR,TB,2.5,3.5,4.5
2026,4,2261,RB,SF,1.3,1.3,1.3
2026,4,2275,WR,CLE,8.9,10.9,12.9
2026,4,2279,WR,NYG,17.2,20.2,23.2
2026,4,2282,WR,TEN,1.3,1.8,2.3
2026,4,2284,TE,HOU,0.1,0.6,1.1
2026,4,2296,TE,TB,0.0,0.0,0.0
2026,4,2300,WR,IND,0.6,1.1,1.6
2026,4,2304,RB,MIN,1.2,1.2,1.2
2026,4,2305,QB,WAS,11.04,11.04,11.04
2026,4,2351,QB,TB,11.42,11.42,11.42
2026,4,2365,RB,NO,2.3,3.3,4.3
2026,4,2404,WR,PIT,0.0,0.0,0.0
2026,4,2424,RB,LA,0.0,0.0,0.0
2026,4,2463,WR,PIT,1.1,2.1,3.1
2026,4,2468,WR,CLE,6.4,8.9,11.4
2026,4,2476,WR,MIA,0.3,0.8,1.3
2026,4,2497,WR,TB,0.3,0.8,1.3
2026,4,2515,RB,GB,3.5,4.0,4.5
2026,4,2534,QB,LA,9.68,9.68,9.68
2026,4,2575,TE,MIN,11.9,18.4,24.9
2026,4,2580,RB,NE,4.2,4.2,4.2
2026,4,2587,RB,SEA,2.0,2.5,3.0
2026,4,2605,WR,BAL,1.3,1.8,2.3
2026,4,2606,RB,CHI,7.4,8.4,9.4
2026,4,2608,QB,NYJ,8.76,8.76,8.76
2026,4,2609,RB,NE,0.0,0.0,0.0
2026,4,2634,WR,LAC,0.0,0.0,0.0
2026,4,2677,WR,CHI,9.4,12.4,15.4
2026,4,2700,WR,IND,0.0,0.0,0.0
2026,4,2724,RB,SEA,0.0,0.0,0.0
2026,4,2730,WR,CIN,2.7,4.2,5.7
2026,4,2756,WR,DET,10.2,13.2,16.2
2026,4,2772,WR,PHI,1.8,3.3,4.8
2026,4,2791,TE,CIN,10.0,11.5,13.0
2026,4,2795,TE,SF,13.0,15.0,17.0
2026,4,2803,RB,NYG,0.1,0.6,1.1
2026,4,2805,TE,NE,0.0,0.0,0.0
2026,4,2837,TE,NE,1.2,1.7,2.2
2026,4,2843,TE,CAR,1.2,3.2,5.2
2026,4,2849,TE,NYG,7.1,7.6,8.1
2026,4,2853,RB,NYJ,6.7,7.7,8.7
2026,4,2862,WR,NYJ,2.7,4.2,5.7
2026,4,2866,RB,WAS,4.0,4.5,5.0
2026,4,2877,TE,JAX,1.5,2.0,2.5
2026,4,2883,RB,DEN,3.9,4.9,5.9
2026,4,2901,RB,HOU,8.2,8.2,8.2
2026,4,2929,WR,SEA,1.3,1.8,2.3
2026,4,2945,RB,DEN,9.3,14.3,19.3
2026,4,2955,TE,ARI,1.0,1.5,2.0
2026,4,2976,WR,ARI,0.0,0.0,0.0
2026,4,3021,WR,JAX,4.2,5.2,6.2
2026,4,3056,RB,LV,0.0,0.0,0.0
2026,4,3070,RB,TEN,11.0,12.0,13.0
2026,4,3077,RB,NYJ,0.0,0.0,0.0
2026,4,3082,WR,SF,7.6,10.1,12.6
2026,4,3116,WR,LV,4.4,6.4,8.4
2026,4,3124,WR,BAL,1.9,2.4,2.9
2026,4,3127,TE,TB,3.7,5.7,7.7
2026,4,3133,TE,ARI,3.1,6.6,10.1
2026,4,3139,TE,NE,6.2,8.7,11.2
2026,4,3161,TE,DET,0.8,1.3,1.8
2026,4,3162,WR,NO,0.7,1.2,1.7
2026,4,3166,TE,DAL,0.0,0.0,0.0
2026,4,3167,RB,CLE,15.6,18.6,21.6
2026,4,3189,RB,SF,13.0,14.5,16.0
2026,4,3196,RB,LAC,9.6,10.6,11.6
2026,4,3203,TE,BAL,0.0,0.0,0.0
2026,4,3225,QB,JAX,13.08,13.08,13.08
2026,4,3242,RB,IND,3.8,4.3,4.8
2026,4,3247,WR,SEA,7.6,10.1,12.6
2026,4,3251,RB,NYJ,0.0,0.0,0.0
2026,4,3253,WR,DEN,9.5,12.0,14.5
2026,4,3258,WR,TEN,1.5,2.0,2.5
2026,4,3259,TE,DEN,0.6,1.1,1.6
2026,4,3262,TE,NYG,0.0,0.0,0.0
2026,4,3270,RB,WAS,0.1,0.1,0.1
2026,4,3279,TE,BUF,0.7,1.2,1.7
2026,4,3289,WR,DET,7.5,11.5,15.5
2026,4,3298,WR,KC,0.0,0.0,0.0
2026,4,3302,WR,SF,0.0,0.0,0.0
2026,4,3315,WR,NYG,11.2,12.2,13.2
2026,4,3364,RB,LV,12.6,15.6,18.6
2026,4,3365,WR,DAL,0.0,0.0,0.0
2026,4,3376,RB,GB,4.9,7.4,9.9
2026,4,3388,RB,NYJ,0.0,0.0,0.0
2026,4,3399,WR,HOU,8.9,10.4,11.9
2026,4,3435,WR,PIT,0.7,1.2,1.7
2026,4,3442,QB,GB,13.08,13.08,13.08
2026,4,3448,WR,NYG,0.0,0.0,0.0
2026,4,3459,RB,TEN,0.6,1.1,1.6
2026,4,3482,RB,CHI,27.0,27.5,28.0
2026,4,3524,WR,NO,-0.5,-0.5,-0.5
2026,4,3536,RB,KC,1.0,1.5,2.0
2026,4,3541,QB,LV,20.6,20.6,20.6
2026,4,3550,TE,DAL,1.1,2.6,4.1
2026,4,3561,WR,PHI,15.3,16.8,18.3
2026,4,3572,TE,PHI,1.3,2.3,3.3
2026,4,3578,WR,SEA,6.6,7.1,7.6
2026,4,3593,TE,NYG,6.6,10.1,13.6
2026,4,3594,QB,KC,17.0,17.0,17.0
2026,4,3604,TE,ATL,0.0,0.0,0.0
2026,4,3605,TE,TEN,0.5,1.0,1.5
2026,4,3606,WR,BAL,4.6,5.6,6.6
2026,4,3615,WR,NYJ,13.3,14.3,15.3
2026,4,3630,WR,WAS,6.5,8.0,9.5
2026,4,3648,WR,MIA,0.0,0.0,0.0
2026,4,3651,QB,LAC,11.56,11.56,11.56
2026,4,3664,RB,NYG,6.6,7.1,7.6
2026,4,3672,TE,DET,14.4,18.4,22.4
2026,4,3685,TE,LAC,0.0,0.0,0.0
2026,4,3721,WR,BAL,0.0,0.0,0.0
2026,4,3728,TE,LV,9.2,10.2,11.2
2026,4,3736,WR,CHI,0.0,0.0,0.0
2026,4,3746,WR,CAR,0.0,0.0,0.0
2026,4,3785,WR,CAR,0.0,0.0,0.0
2026,4,3790,WR,NE,17.8,20.8,23.8
2026,4,3796,WR,LV,0.9,1.4,1.9
2026,4,3802,TE,JAX,9.5,13.0,16.5
2026,4,3803,QB,NO,15.94,15.94,15.94
2026,4,3835,WR,BUF,17.6,20.6,23.6
2026,4,3843,WR,GB,4.7,6.2,7.7
2026,4,3855,WR,LAC,6.0,7.5,9.0
2026,4,3862,RB,CIN,8.1,13.6,19.1
2026,4,3863,WR,GB,0.0,0.0,0.0
2026,4,3871,TE,CHI,5.7,8.7,11.7
2026,4,3874,WR,JAX,3.3,4.8,6.3
2026,4,3889,TE,WAS,0.0,0.0,0.0
2026,4,3890,TE,ATL,0.9,1.4,1.9
2026,4,3939,TE,BAL,0.0,0.0,0.0
2026,4,3942,WR,TB,1.3,2.3,3.3
2026,4,3945,WR,LAC,4.0,4.5,5.0
2026,4,3951,RB,TEN,0.2,0.2,0.2
2026,4,3965,QB,CAR,21.46,21.46,21.46
2026,4,3990,WR,MIA,0.0,0.0,0.0
2026,4,3993,WR,NO,11.6,15.6,19.6
2026,4,4017,WR,MIA,0.0,0.0,0.0
2026,4,4021,WR,TEN,8.0,9.5,11.0
2026,4,4033,TE,NO,0.0,0.0,0.0
2026,4,4035,WR,TEN,14.5,19.0,23.5
2026,4,4048,RB,CAR,24.9,25.4,25.9
2026,4,4060,WR,NYJ,0.0,0.0,0.0
2026,4,4089,TE,SF,0.0,0.0,0.0
2026,4,4094,TE,PIT,8.7,10.2,11.7
2026,4,4099,RB,CHI,2.3,2.8,3.3
2026,4,4103,RB,PHI,2.3,2.3,2.3
2026,4,4106,WR,IND,4.2,6.7,9.2
2026,4,4109,TE,MIA,1.5,2.0,2.5
2026,4,4130,TE,NO,0.0,0.0,0.0
2026,4,4152,RB,SEA,24.0,25.5,27.0
2026,4,4158,QB,HOU,23.08,23.08,23.08
2026,4,4188,QB,WAS,5.34,5.34,5.34
2026,4,4192,TE,KC,1.5,2.5,3.5
2026,4,4203,QB,CLE,14.92,14.92,14.92
2026,4,4207,WR,LV,0.0,0.0,0.0
2026,4,4216,TE,DEN,0.0,0.0,0.0
2026,4,4222,TE,CAR,3.6,5.1,6.6
2026,4,4247,TE,WAS,0.5,1.5,2.5
2026,4,4255,WR,LAC,0.0,0.0,0.0
2026,4,4296,TE,CHI,0.8,1.3,1.8
2026,4,4305,WR,ATL,11.4,12.4,13.4
2026,4,4354,TE,CIN,0.2,0.7,1.2
2026,4,4363,WR,CIN,4.9,6.4,7.9
2026,4,4368,TE,NO,5.9,8.9,11.9
2026,4,4369,WR,TB,2.7,3.7,4.7
2026,4,4379,WR,PIT,11.5,14.0,16.5
2026,4,4422,TE,HOU,2.0,2.5,3.0
2026,4,4424,WR,KC,23.1,25.6,28.1
2026,4,4437,WR,PHI,2.7,4.2,5.7
2026,4,4450,QB,IND,9.92,9.92,9.92
2026,4,4474,WR,CIN,15.7,21.2,26.7
2026,4,4490,RB,TB,7.0,7.0,7.0
2026,4,4493,WR,HOU,23.8,27.3,30.8
2026,4,4496,WR,PIT,13.4,14.9,16.4
2026,4,4502,WR,GB,-0.2,0.3,0.8
2026,4,4542,WR,DAL,0.0,0.0,0.0
2026,4,4561,QB,SF,19.62,19.62,19.62
2026,4,4566,WR,ATL,1.0,2.0,3.0
2026,4,4571,WR,DEN,4.7,6.2,7.7
2026,4,4573,WR,CAR,31.2,38.2,45.2
2026,4,4589,RB,PIT,12.6,14.1,15.6
2026,4,4602,RB,BUF,1.2,2.2,3.2
2026,4,4641,WR,KC,0.0,0.0,0.0
2026,5,213,WR,TB,4.0,5.5,7.0
2026,5,303,WR,DAL,0.9,1.9,2.9
2026,5,337,RB,TB,29.5,30.5,31.5
2026,5,785,RB,TB,2.8,4.3,5.8
2026,5,807,RB,DAL,12.2,13.2,14.2
2026,5,885,WR,DAL,19.0,23.5,28.0
2026,5,1179,TE,DAL,0.9,1.4,1.9
2026,5,1270,RB,DAL,0.5,0.5,0.5
2026,5,1285,QB,DAL,12.64,12.64,12.64
2026,5,1502,WR,DAL,9.0,10.5,12.0
2026,5,2195,TE,TB,0.5,1.0,1.5
2026,5,2351,QB,TB,13.86,13.86,13.86
2026,5,3127,TE,TB,2.5,4.0,5.5
2026,5,3166,TE,DAL,0.0,0.0,0.0
2026,5,3365,WR,DAL,2.0,3.0,4.0
2026,5,3550,TE,DAL,1.9,3.4,4.9
2026,5,3942,WR,TB,11.2,14.2,17.2
2026,5,4369,WR,TB,6.4,6.9,7.4
2026,5,4490,RB,TB,1.8,1.8,1.8
2026,5,4542,WR,DAL,2.2,3.2,4.2
